Time,Stream,Lat,Lon,Alt,eph(m),epv(m),fix_type,sats
2025-08-31T00:13:42,DRONE,13.0321785,77.5630322,934.36,,,,
2025-08-31T00:13:42,DRONE,13.0321787,77.5630314,934.32,1.21,2.00,6,10
2025-08-31T00:13:43,DRONE,13.0321777,77.5630377,934.39,,,,
2025-08-31T00:13:43,DRONE,13.0321781,77.5630350,934.34,1.21,2.00,6,10
2025-08-31T00:13:43,DRONE,13.0321763,77.5630467,934.43,,,,
2025-08-31T00:13:43,DRONE,13.0321766,77.5630445,934.40,1.21,2.00,6,10
2025-08-31T00:13:44,DRONE,13.0321741,77.5630602,934.49,,,,
2025-08-31T00:13:44,DRONE,13.0321751,77.5630541,934.45,1.21,2.00,6,10
2025-08-31T00:13:44,DRONE,13.0321713,77.5630785,934.57,,,,
2025-08-31T00:13:44,DRONE,13.0321719,77.5630744,934.54,1.21,2.00,6,10
2025-08-31T00:13:45,DRONE,13.0321678,77.5631019,934.66,,,,
2025-08-31T00:13:45,DRONE,13.0321693,77.5630919,934.62,1.21,2.00,6,10
2025-08-31T00:13:45,DRONE,13.0321634,77.5631303,934.77,,,,
2025-08-31T00:13:45,DRONE,13.0321643,77.5631242,934.75,1.21,2.00,6,10
2025-08-31T00:13:46,DRONE,13.0321583,77.5631634,934.89,,,,
2025-08-31T00:13:46,DRONE,13.0321604,77.5631496,934.84,1.21,2.00,6,10
2025-08-31T00:13:46,DRONE,13.0321526,77.5632004,935.03,,,,
2025-08-31T00:13:46,DRONE,13.0321538,77.5631930,935.00,1.21,2.00,6,10
2025-08-31T00:13:47,DRONE,13.0321464,77.5632406,935.17,,,,
2025-08-31T00:13:47,DRONE,13.0321489,77.5632244,935.11,1.21,2.00,6,10
2025-08-31T00:13:47,DRONE,13.0321399,77.5632827,935.32,,,,
2025-08-31T00:13:47,DRONE,13.0321411,77.5632745,935.29,1.21,2.00,6,10
2025-08-31T00:13:48,DRONE,13.0321332,77.5633260,935.47,,,,
2025-08-31T00:13:48,DRONE,13.0321358,77.5633091,935.41,1.21,2.00,6,10
2025-08-31T00:13:48,DRONE,13.0321265,77.5633698,935.62,,,,
2025-08-31T00:13:48,DRONE,13.0321276,77.5633619,935.58,1.21,2.00,6,10
2025-08-31T00:13:49,DRONE,13.0321196,77.5634142,935.77,,,,
2025-08-31T00:13:49,DRONE,13.0321222,77.5633973,935.70,1.21,2.00,6,10
2025-08-31T00:13:49,DRONE,13.0321127,77.5634589,935.92,,,,
2025-08-31T00:13:49,DRONE,13.0321139,77.5634508,935.89,1.21,2.00,6,10
2025-08-31T00:13:50,DRONE,13.0321058,77.5635037,936.07,,,,
2025-08-31T00:13:50,DRONE,13.0321083,77.5634866,936.02,1.21,2.00,6,10
2025-08-31T00:13:50,DRONE,13.0320989,77.5635486,936.23,,,,
2025-08-31T00:13:50,DRONE,13.0321000,77.5635404,936.20,1.21,2.00,6,10
2025-08-31T00:13:51,DRONE,13.0320919,77.5635936,936.38,,,,
2025-08-31T00:13:51,DRONE,13.0320945,77.5635763,936.32,1.21,2.00,6,10
2025-08-31T00:13:51,DRONE,13.0320850,77.5636387,936.54,,,,
2025-08-31T00:13:51,DRONE,13.0320861,77.5636303,936.52,1.21,2.00,6,10
2025-08-31T00:13:52,DRONE,13.0320780,77.5636838,936.70,,,,
2025-08-31T00:13:52,DRONE,13.0320807,77.5636663,936.64,1.21,2.00,6,10
2025-08-31T00:13:52,DRONE,13.0320711,77.5637287,936.85,,,,
2025-08-31T00:13:52,DRONE,13.0320724,77.5637204,936.82,1.21,2.00,6,10
2025-08-31T00:13:53,DRONE,13.0320642,77.5637737,937.01,,,,
2025-08-31T00:13:53,DRONE,13.0320667,77.5637565,936.95,1.21,2.00,6,10
2025-08-31T00:13:53,DRONE,13.0320572,77.5638190,937.17,,,,
2025-08-31T00:13:53,DRONE,13.0320584,77.5638108,937.14,1.21,2.00,6,10
2025-08-31T00:13:54,DRONE,13.0320502,77.5638644,937.33,,,,
2025-08-31T00:13:54,DRONE,13.0320529,77.5638471,937.27,1.21,2.00,6,10
2025-08-31T00:13:54,DRONE,13.0320433,77.5639098,937.48,,,,
2025-08-31T00:13:54,DRONE,13.0320445,77.5639016,937.45,1.21,2.00,6,10
2025-08-31T00:13:55,DRONE,13.0320363,77.5639551,937.64,,,,
2025-08-31T00:13:55,DRONE,13.0320389,77.5639379,937.58,1.21,2.00,6,10
2025-08-31T00:13:55,DRONE,13.0320293,77.5640006,937.80,,,,
2025-08-31T00:13:55,DRONE,13.0320305,77.5639924,937.77,1.21,2.00,6,10
2025-08-31T00:13:56,DRONE,13.0320223,77.5640462,937.96,,,,
2025-08-31T00:13:56,DRONE,13.0320249,77.5640288,937.90,1.21,2.00,6,10
2025-08-31T00:13:56,DRONE,13.0320152,77.5640917,938.12,,,,
2025-08-31T00:13:56,DRONE,13.0320165,77.5640832,938.08,1.21,2.00,6,10
2025-08-31T00:13:57,DRONE,13.0320083,77.5641370,938.28,,,,
2025-08-31T00:13:57,DRONE,13.0320109,77.5641195,938.21,1.21,2.00,6,10
2025-08-31T00:13:57,DRONE,13.0320013,77.5641826,938.43,,,,
2025-08-31T00:13:57,DRONE,13.0320025,77.5641738,938.40,1.21,2.00,6,10
2025-08-31T00:13:58,DRONE,13.0319942,77.5642277,938.59,,,,
2025-08-31T00:13:58,DRONE,13.0319970,77.5642100,938.53,1.21,2.00,6,10
2025-08-31T00:13:58,DRONE,13.0319867,77.5642728,938.75,,,,
2025-08-31T00:13:58,DRONE,13.0319881,77.5642643,938.72,1.21,2.00,6,10
2025-08-31T00:13:59,DRONE,13.0319784,77.5643177,938.91,,,,
2025-08-31T00:13:59,DRONE,13.0319817,77.5643006,938.84,1.21,2.00,6,10
2025-08-31T00:13:59,DRONE,13.0319690,77.5643626,939.07,,,,
2025-08-31T00:13:59,DRONE,13.0319708,77.5643545,939.03,1.21,2.00,6,10
2025-08-31T00:14:00,DRONE,13.0319581,77.5644070,939.23,,,,
2025-08-31T00:14:00,DRONE,13.0319624,77.5643902,939.16,1.21,2.00,6,10
2025-08-31T00:14:00,DRONE,13.0319455,77.5644509,939.39,,,,
2025-08-31T00:14:00,DRONE,13.0319480,77.5644430,939.35,1.21,2.00,6,10
2025-08-31T00:14:01,DRONE,13.0319314,77.5644941,939.55,,,,
2025-08-31T00:14:01,DRONE,13.0319369,77.5644777,939.48,1.21,2.00,6,10
2025-08-31T00:14:01,DRONE,13.0319154,77.5645368,939.71,,,,
2025-08-31T00:14:01,DRONE,13.0319185,77.5645290,939.67,1.21,2.00,6,10
2025-08-31T00:14:02,DRONE,13.0318979,77.5645789,939.87,,,,
2025-08-31T00:14:02,DRONE,13.0319048,77.5645627,939.80,1.21,2.00,6,10
2025-08-31T00:14:02,DRONE,13.0318791,77.5646205,940.03,,,,
2025-08-31T00:14:02,DRONE,13.0318828,77.5646126,939.99,1.21,2.00,6,10
2025-08-31T00:14:03,DRONE,13.0318594,77.5646616,940.19,,,,
2025-08-31T00:14:03,DRONE,13.0318672,77.5646455,940.11,1.21,2.00,6,10
2025-08-31T00:14:03,DRONE,13.0318390,77.5647026,940.34,,,,
2025-08-31T00:14:03,DRONE,13.0318429,77.5646946,940.31,1.21,2.00,6,10
2025-08-31T00:14:04,DRONE,13.0318184,77.5647433,940.50,,,,
2025-08-31T00:14:04,DRONE,13.0318265,77.5647273,940.43,1.21,2.00,6,10
2025-08-31T00:14:04,DRONE,13.0317978,77.5647841,940.66,,,,
2025-08-31T00:14:04,DRONE,13.0318017,77.5647763,940.62,1.21,2.00,6,10
2025-08-31T00:14:05,DRONE,13.0317771,77.5648250,940.82,,,,
2025-08-31T00:14:05,DRONE,13.0317851,77.5648090,940.75,1.21,2.00,6,10
2025-08-31T00:14:05,DRONE,13.0317565,77.5648660,940.98,,,,
2025-08-31T00:14:05,DRONE,13.0317602,77.5648583,940.94,1.21,2.00,6,10
2025-08-31T00:14:06,DRONE,13.0317357,77.5649072,941.14,,,,
2025-08-31T00:14:06,DRONE,13.0317437,77.5648912,941.07,1.21,2.00,6,10
2025-08-31T00:14:06,DRONE,13.0317151,77.5649483,941.30,,,,
2025-08-31T00:14:06,DRONE,13.0317189,77.5649404,941.26,1.21,2.00,6,10
2025-08-31T00:14:07,DRONE,13.0316945,77.5649893,941.46,,,,
2025-08-31T00:14:07,DRONE,13.0317025,77.5649732,941.39,1.21,2.00,6,10
2025-08-31T00:14:07,DRONE,13.0316741,77.5650303,941.62,,,,
2025-08-31T00:14:07,DRONE,13.0316780,77.5650225,941.58,1.21,2.00,6,10
2025-08-31T00:14:08,DRONE,13.0316536,77.5650714,941.78,,,,
2025-08-31T00:14:08,DRONE,13.0316616,77.5650553,941.70,1.21,2.00,6,10
2025-08-31T00:14:08,DRONE,13.0316332,77.5651123,941.94,,,,
2025-08-31T00:14:08,DRONE,13.0316371,77.5651044,941.90,1.21,2.00,6,10
2025-08-31T00:14:09,DRONE,13.0316129,77.5651533,942.10,,,,
2025-08-31T00:14:09,DRONE,13.0316207,77.5651373,942.03,1.21,2.00,6,10
2025-08-31T00:14:09,DRONE,13.0315924,77.5651943,942.26,,,,
2025-08-31T00:14:09,DRONE,13.0315961,77.5651867,942.22,1.21,2.00,6,10
2025-08-31T00:14:10,DRONE,13.0315719,77.5652355,942.42,,,,
2025-08-31T00:14:10,DRONE,13.0315798,77.5652196,942.35,1.21,2.00,6,10
2025-08-31T00:14:10,DRONE,13.0315515,77.5652767,942.58,,,,
2025-08-31T00:14:10,DRONE,13.0315552,77.5652690,942.54,1.21,2.00,6,10
2025-08-31T00:14:11,DRONE,13.0315310,77.5653178,942.74,,,,
2025-08-31T00:14:11,DRONE,13.0315389,77.5653019,942.67,1.21,2.00,6,10
2025-08-31T00:14:11,DRONE,13.0315107,77.5653588,942.90,,,,
2025-08-31T00:14:11,DRONE,13.0315145,77.5653513,942.86,1.21,2.00,6,10
2025-08-31T00:14:12,DRONE,13.0314902,77.5654000,943.06,,,,
2025-08-31T00:14:12,DRONE,13.0314981,77.5653840,942.99,1.21,2.00,6,10
2025-08-31T00:14:12,DRONE,13.0314698,77.5654411,943.22,,,,
2025-08-31T00:14:12,DRONE,13.0314737,77.5654333,943.18,1.21,2.00,6,10
2025-08-31T00:14:13,DRONE,13.0314494,77.5654821,943.38,,,,
2025-08-31T00:14:13,DRONE,13.0314573,77.5654661,943.31,1.21,2.00,6,10
2025-08-31T00:14:13,DRONE,13.0314291,77.5655229,943.54,,,,
2025-08-31T00:14:13,DRONE,13.0314328,77.5655152,943.50,1.21,2.00,6,10
2025-08-31T00:14:14,DRONE,13.0314084,77.5655637,943.70,,,,
2025-08-31T00:14:14,DRONE,13.0314164,77.5655480,943.63,1.21,2.00,6,10
2025-08-31T00:14:14,DRONE,13.0313871,77.5656042,943.86,,,,
2025-08-31T00:14:14,DRONE,13.0313911,77.5655967,943.81,1.21,2.00,6,10
2025-08-31T00:14:15,DRONE,13.0313650,77.5656440,944.02,,,,
2025-08-31T00:14:15,DRONE,13.0313736,77.5656288,943.94,1.21,2.00,6,10
2025-08-31T00:14:15,DRONE,13.0313417,77.5656831,944.18,,,,
2025-08-31T00:14:15,DRONE,13.0313460,77.5656760,944.14,1.21,2.00,6,10
2025-08-31T00:14:16,DRONE,13.0313171,77.5657211,944.34,,,,
2025-08-31T00:14:16,DRONE,13.0313266,77.5657067,944.27,1.21,2.00,6,10
2025-08-31T00:14:16,DRONE,13.0312909,77.5657581,944.50,,,,
2025-08-31T00:14:16,DRONE,13.0312959,77.5657514,944.45,1.21,2.00,6,10
2025-08-31T00:14:17,DRONE,13.0312634,77.5657940,944.66,,,,
2025-08-31T00:14:17,DRONE,13.0312742,77.5657803,944.58,1.21,2.00,6,10
2025-08-31T00:14:17,DRONE,13.0312344,77.5658288,944.82,,,,
2025-08-31T00:14:17,DRONE,13.0312400,77.5658222,944.78,1.21,2.00,6,10
2025-08-31T00:14:18,DRONE,13.0312044,77.5658626,944.97,,,,
2025-08-31T00:14:18,DRONE,13.0312162,77.5658495,944.90,1.21,2.00,6,10
2025-08-31T00:14:18,DRONE,13.0311734,77.5658958,945.13,,,,
2025-08-31T00:14:18,DRONE,13.0311794,77.5658894,945.09,1.21,2.00,6,10
2025-08-31T00:14:19,DRONE,13.0311420,77.5659282,945.29,,,,
2025-08-31T00:14:19,DRONE,13.0311543,77.5659154,945.22,1.21,2.00,6,10
2025-08-31T00:14:19,DRONE,13.0311102,77.5659605,945.45,,,,
2025-08-31T00:14:19,DRONE,13.0311162,77.5659544,945.41,1.21,2.00,6,10
2025-08-31T00:14:20,DRONE,13.0310783,77.5659928,945.61,,,,
2025-08-31T00:14:20,DRONE,13.0310905,77.5659804,945.54,1.21,2.00,6,10
2025-08-31T00:14:20,DRONE,13.0310461,77.5660254,945.77,,,,
2025-08-31T00:14:20,DRONE,13.0310519,77.5660192,945.73,1.21,2.00,6,10
2025-08-31T00:14:21,DRONE,13.0310140,77.5660578,945.93,,,,
2025-08-31T00:14:21,DRONE,13.0310263,77.5660453,945.86,1.21,2.00,6,10
2025-08-31T00:14:21,DRONE,13.0309819,77.5660904,946.09,,,,
2025-08-31T00:14:21,DRONE,13.0309879,77.5660843,946.06,1.21,2.00,6,10
2025-08-31T00:14:22,DRONE,13.0309500,77.5661229,946.25,,,,
2025-08-31T00:14:22,DRONE,13.0309622,77.5661102,946.18,1.21,2.00,6,10
2025-08-31T00:14:22,DRONE,13.0309180,77.5661555,946.41,,,,
2025-08-31T00:14:22,DRONE,13.0309241,77.5661492,946.37,1.21,2.00,6,10
2025-08-31T00:14:23,DRONE,13.0308861,77.5661880,946.57,,,,
2025-08-31T00:14:23,DRONE,13.0308986,77.5661751,946.50,1.21,2.00,6,10
2025-08-31T00:14:23,DRONE,13.0308544,77.5662205,946.73,,,,
2025-08-31T00:14:23,DRONE,13.0308606,77.5662141,946.69,1.21,2.00,6,10
2025-08-31T00:14:24,DRONE,13.0308227,77.5662529,946.89,,,,
2025-08-31T00:14:24,DRONE,13.0308351,77.5662400,946.81,1.21,2.00,6,10
2025-08-31T00:14:25,DRONE,13.0307908,77.5662856,947.05,,,,
2025-08-31T00:14:25,DRONE,13.0307971,77.5662791,947.01,1.21,2.00,6,10
2025-08-31T00:14:25,DRONE,13.0307592,77.5663180,947.21,,,,
2025-08-31T00:14:25,DRONE,13.0307718,77.5663050,947.14,1.21,2.00,6,10
2025-08-31T00:14:25,DRONE,13.0307275,77.5663505,947.37,,,,
2025-08-31T00:14:25,DRONE,13.0307336,77.5663441,947.32,1.21,2.00,6,10
2025-08-31T00:14:26,DRONE,13.0306958,77.5663830,947.53,,,,
2025-08-31T00:14:26,DRONE,13.0307082,77.5663702,947.45,1.21,2.00,6,10
2025-08-31T00:14:26,DRONE,13.0306639,77.5664157,947.69,,,,
2025-08-31T00:14:26,DRONE,13.0306699,77.5664094,947.65,1.21,2.00,6,10
2025-08-31T00:14:27,DRONE,13.0306320,77.5664484,947.85,,,,
2025-08-31T00:14:27,DRONE,13.0306445,77.5664356,947.78,1.21,2.00,6,10
2025-08-31T00:14:27,DRONE,13.0306001,77.5664810,948.01,,,,
2025-08-31T00:14:27,DRONE,13.0306063,77.5664747,947.97,1.21,2.00,6,10
2025-08-31T00:14:28,DRONE,13.0305684,77.5665136,948.17,,,,
2025-08-31T00:14:28,DRONE,13.0305809,77.5665008,948.10,1.21,2.00,6,10
2025-08-31T00:14:28,DRONE,13.0305366,77.5665462,948.33,,,,
2025-08-31T00:14:28,DRONE,13.0305427,77.5665399,948.29,1.21,2.00,6,10
2025-08-31T00:14:29,DRONE,13.0305049,77.5665788,948.49,,,,
2025-08-31T00:14:29,DRONE,13.0304731,77.5666110,948.65,,,,
2025-08-31T00:14:29,DRONE,13.0304791,77.5666049,948.61,1.21,2.00,6,10
2025-08-31T00:14:30,DRONE,13.0304409,77.5666429,948.80,,,,
2025-08-31T00:14:30,DRONE,13.0304534,77.5666306,948.73,1.21,2.00,6,10
2025-08-31T00:14:30,DRONE,13.0304081,77.5666740,948.96,,,,
2025-08-31T00:14:30,DRONE,13.0304141,77.5666684,948.93,1.21,2.00,6,10
2025-08-31T00:14:31,DRONE,13.0303744,77.5667043,949.12,,,,
2025-08-31T00:14:31,DRONE,13.0303875,77.5666928,949.05,1.21,2.00,6,10
2025-08-31T00:14:31,DRONE,13.0303399,77.5667331,949.28,,,,
2025-08-31T00:14:31,DRONE,13.0303464,77.5667278,949.25,1.21,2.00,6,10
2025-08-31T00:14:32,DRONE,13.0303043,77.5667605,949.44,,,,
2025-08-31T00:14:32,DRONE,13.0303182,77.5667501,949.37,1.21,2.00,6,10
2025-08-31T00:14:32,DRONE,13.0302678,77.5667862,949.60,,,,
2025-08-31T00:14:32,DRONE,13.0302747,77.5667816,949.56,1.21,2.00,6,10
2025-08-31T00:14:33,DRONE,13.0302301,77.5668107,949.76,,,,
2025-08-31T00:14:33,DRONE,13.0302448,77.5668014,949.69,1.21,2.00,6,10
2025-08-31T00:14:33,DRONE,13.0301915,77.5668337,949.92,,,,
2025-08-31T00:14:33,DRONE,13.0301989,77.5668293,949.88,1.21,2.00,6,10
2025-08-31T00:14:34,DRONE,13.0301524,77.5668556,950.08,,,,
2025-08-31T00:14:34,DRONE,13.0301677,77.5668471,950.01,1.21,2.00,6,10
2025-08-31T00:14:34,DRONE,13.0301128,77.5668767,950.24,,,,
2025-08-31T00:14:34,DRONE,13.0301202,77.5668728,950.20,1.21,2.00,6,10
2025-08-31T00:14:35,DRONE,13.0300727,77.5668975,950.40,,,,
2025-08-31T00:14:35,DRONE,13.0300881,77.5668894,950.32,1.21,2.00,6,10
2025-08-31T00:14:35,DRONE,13.0300325,77.5669181,950.56,,,,
2025-08-31T00:14:35,DRONE,13.0300399,77.5669142,950.52,1.21,2.00,6,10
2025-08-31T00:14:36,DRONE,13.0299922,77.5669388,950.72,,,,
2025-08-31T00:14:36,DRONE,13.0300077,77.5669307,950.65,1.21,2.00,6,10
2025-08-31T00:14:36,DRONE,13.0299521,77.5669594,950.88,,,,
2025-08-31T00:14:36,DRONE,13.0299594,77.5669556,950.84,1.21,2.00,6,10
2025-08-31T00:14:37,DRONE,13.0299117,77.5669802,951.04,,,,
2025-08-31T00:14:37,DRONE,13.0299272,77.5669721,950.97,1.21,2.00,6,10
2025-08-31T00:14:37,DRONE,13.0298715,77.5670010,951.20,,,,
2025-08-31T00:14:37,DRONE,13.0298790,77.5669970,951.16,1.21,2.00,6,10
2025-08-31T00:14:38,DRONE,13.0298313,77.5670218,951.36,,,,
2025-08-31T00:14:38,DRONE,13.0298470,77.5670136,951.29,1.21,2.00,6,10
2025-08-31T00:14:38,DRONE,13.0297913,77.5670426,951.52,,,,
2025-08-31T00:14:38,DRONE,13.0297989,77.5670386,951.48,1.21,2.00,6,10
2025-08-31T00:14:39,DRONE,13.0297511,77.5670635,951.68,,,,
2025-08-31T00:14:39,DRONE,13.0297670,77.5670552,951.61,1.21,2.00,6,10
2025-08-31T00:14:39,DRONE,13.0297112,77.5670843,951.84,,,,
2025-08-31T00:14:39,DRONE,13.0297191,77.5670801,951.80,1.21,2.00,6,10
2025-08-31T00:14:40,DRONE,13.0296714,77.5671050,952.00,,,,
2025-08-31T00:14:40,DRONE,13.0296871,77.5670968,951.93,1.21,2.00,6,10
2025-08-31T00:14:40,DRONE,13.0296315,77.5671259,952.16,,,,
2025-08-31T00:14:40,DRONE,13.0296390,77.5671219,952.12,1.21,2.00,6,10
2025-08-31T00:14:41,DRONE,13.0295914,77.5671468,952.31,,,,
2025-08-31T00:14:41,DRONE,13.0296069,77.5671387,952.24,1.21,2.00,6,10
2025-08-31T00:14:41,DRONE,13.0295512,77.5671678,952.48,,,,
2025-08-31T00:14:41,DRONE,13.0295587,77.5671639,952.43,1.21,2.00,6,10
2025-08-31T00:14:42,DRONE,13.0295111,77.5671888,952.64,,,,
2025-08-31T00:14:42,DRONE,13.0295266,77.5671807,952.56,1.21,2.00,6,10
2025-08-31T00:14:42,DRONE,13.0294709,77.5672098,952.80,,,,
2025-08-31T00:14:42,DRONE,13.0294785,77.5672059,952.76,1.21,2.00,6,10
2025-08-31T00:14:43,DRONE,13.0294309,77.5672307,952.96,,,,
2025-08-31T00:14:43,DRONE,13.0294464,77.5672226,952.89,1.21,2.00,6,10
2025-08-31T00:14:43,DRONE,13.0293908,77.5672516,953.12,,,,
2025-08-31T00:14:43,DRONE,13.0293984,77.5672476,953.07,1.21,2.00,6,10
2025-08-31T00:14:44,DRONE,13.0293507,77.5672725,953.28,,,,
2025-08-31T00:14:44,DRONE,13.0293666,77.5672643,953.20,1.21,2.00,6,10
2025-08-31T00:14:44,DRONE,13.0293108,77.5672934,953.44,,,,
2025-08-31T00:14:44,DRONE,13.0293186,77.5672893,953.39,1.21,2.00,6,10
2025-08-31T00:14:45,DRONE,13.0292709,77.5673141,953.59,,,,
2025-08-31T00:14:45,DRONE,13.0292867,77.5673060,953.52,1.21,2.00,6,10
2025-08-31T00:14:45,DRONE,13.0292306,77.5673345,953.75,,,,
2025-08-31T00:14:45,DRONE,13.0292387,77.5673305,953.71,1.21,2.00,6,10
2025-08-31T00:14:46,DRONE,13.0291904,77.5673540,953.91,,,,
2025-08-31T00:14:46,DRONE,13.0292065,77.5673463,953.83,1.21,2.00,6,10
2025-08-31T00:14:46,DRONE,13.0291496,77.5673724,954.07,,,,
2025-08-31T00:14:46,DRONE,13.0291576,77.5673688,954.03,1.21,2.00,6,10
2025-08-31T00:14:47,DRONE,13.0291084,77.5673893,954.23,,,,
2025-08-31T00:14:47,DRONE,13.0291246,77.5673829,954.16,1.21,2.00,6,10
2025-08-31T00:14:47,DRONE,13.0290663,77.5674046,954.39,,,,
2025-08-31T00:14:47,DRONE,13.0290744,77.5674018,954.35,1.21,2.00,6,10
2025-08-31T00:14:48,DRONE,13.0290238,77.5674182,954.55,,,,
2025-08-31T00:14:48,DRONE,13.0290406,77.5674131,954.48,1.21,2.00,6,10
2025-08-31T00:14:48,DRONE,13.0289808,77.5674300,954.71,,,,
2025-08-31T00:14:48,DRONE,13.0289891,77.5674279,954.67,1.21,2.00,6,10
2025-08-31T00:14:49,DRONE,13.0289374,77.5674401,954.87,,,,
2025-08-31T00:14:49,DRONE,13.0289545,77.5674363,954.80,1.21,2.00,6,10
2025-08-31T00:14:49,DRONE,13.0288934,77.5674490,955.03,,,,
2025-08-31T00:14:49,DRONE,13.0289021,77.5674473,954.99,1.21,2.00,6,10
2025-08-31T00:14:50,DRONE,13.0288495,77.5674568,955.19,,,,
2025-08-31T00:14:50,DRONE,13.0288668,77.5674538,955.12,1.21,2.00,6,10
2025-08-31T00:14:50,DRONE,13.0288053,77.5674639,955.35,,,,
2025-08-31T00:14:50,DRONE,13.0288137,77.5674626,955.31,1.21,2.00,6,10
2025-08-31T00:14:51,DRONE,13.0287609,77.5674708,955.51,,,,
2025-08-31T00:14:51,DRONE,13.0287780,77.5674681,955.43,1.21,2.00,6,10
2025-08-31T00:14:51,DRONE,13.0287163,77.5674777,955.67,,,,
2025-08-31T00:14:51,DRONE,13.0287246,77.5674764,955.63,1.21,2.00,6,10
2025-08-31T00:14:52,DRONE,13.0286717,77.5674846,955.83,,,,
2025-08-31T00:14:52,DRONE,13.0286890,77.5674818,955.76,1.21,2.00,6,10
2025-08-31T00:14:52,DRONE,13.0286272,77.5674915,955.99,,,,
2025-08-31T00:14:52,DRONE,13.0286356,77.5674902,955.94,1.21,2.00,6,10
2025-08-31T00:14:53,DRONE,13.0285827,77.5674985,956.15,,,,
2025-08-31T00:14:53,DRONE,13.0286000,77.5674957,956.07,1.21,2.00,6,10
2025-08-31T00:14:53,DRONE,13.0285383,77.5675055,956.31,,,,
2025-08-31T00:14:53,DRONE,13.0285467,77.5675042,956.27,1.21,2.00,6,10
2025-08-31T00:14:54,DRONE,13.0284938,77.5675126,956.47,,,,
2025-08-31T00:14:54,DRONE,13.0285112,77.5675098,956.40,1.21,2.00,6,10
2025-08-31T00:14:54,DRONE,13.0284495,77.5675197,956.63,,,,
2025-08-31T00:14:54,DRONE,13.0284580,77.5675183,956.58,1.21,2.00,6,10
2025-08-31T00:14:55,DRONE,13.0284053,77.5675268,956.79,,,,
2025-08-31T00:14:55,DRONE,13.0284225,77.5675240,956.72,1.21,2.00,6,10
2025-08-31T00:14:55,DRONE,13.0283611,77.5675339,956.95,,,,
2025-08-31T00:14:55,DRONE,13.0283693,77.5675326,956.91,1.21,2.00,6,10
2025-08-31T00:14:56,DRONE,13.0283166,77.5675411,957.10,,,,
2025-08-31T00:14:56,DRONE,13.0283338,77.5675383,957.03,1.21,2.00,6,10
2025-08-31T00:14:56,DRONE,13.0282722,77.5675483,957.27,,,,
2025-08-31T00:14:56,DRONE,13.0282805,77.5675470,957.23,1.21,2.00,6,10
2025-08-31T00:14:57,DRONE,13.0282278,77.5675555,957.43,,,,
2025-08-31T00:14:57,DRONE,13.0282449,77.5675527,957.36,1.21,2.00,6,10
2025-08-31T00:14:57,DRONE,13.0281835,77.5675627,957.58,,,,
2025-08-31T00:14:57,DRONE,13.0281916,77.5675614,957.55,1.21,2.00,6,10
2025-08-31T00:14:58,DRONE,13.0281389,77.5675699,957.74,,,,
2025-08-31T00:14:58,DRONE,13.0281561,77.5675671,957.67,1.21,2.00,6,10
2025-08-31T00:14:58,DRONE,13.0280945,77.5675771,957.90,,,,
2025-08-31T00:14:58,DRONE,13.0281029,77.5675758,957.87,1.21,2.00,6,10
2025-08-31T00:14:59,DRONE,13.0280501,77.5675843,958.07,,,,
2025-08-31T00:14:59,DRONE,13.0280674,77.5675815,957.99,1.21,2.00,6,10
2025-08-31T00:14:59,DRONE,13.0280058,77.5675915,958.22,,,,
2025-08-31T00:14:59,DRONE,13.0280142,77.5675901,958.18,1.21,2.00,6,10
2025-08-31T00:15:00,DRONE,13.0279613,77.5675987,958.38,,,,
2025-08-31T00:15:00,DRONE,13.0279789,77.5675958,958.31,1.21,2.00,6,10
2025-08-31T00:15:00,DRONE,13.0279173,77.5676058,958.54,,,,
2025-08-31T00:15:00,DRONE,13.0279259,77.5676044,958.50,1.21,2.00,6,10
2025-08-31T00:15:01,DRONE,13.0278731,77.5676125,958.70,,,,
2025-08-31T00:15:01,DRONE,13.0278904,77.5676099,958.63,1.21,2.00,6,10
2025-08-31T00:15:01,DRONE,13.0278289,77.5676185,958.86,,,,
2025-08-31T00:15:01,DRONE,13.0278371,77.5676175,958.81,1.21,2.00,6,10
2025-08-31T00:15:02,DRONE,13.0277843,77.5676236,959.02,,,,
2025-08-31T00:15:02,DRONE,13.0278015,77.5676219,958.94,1.21,2.00,6,10
2025-08-31T00:15:02,DRONE,13.0277398,77.5676272,959.18,,,,
2025-08-31T00:15:02,DRONE,13.0277481,77.5676267,959.14,1.21,2.00,6,10
2025-08-31T00:15:03,DRONE,13.0276953,77.5676290,959.34,,,,
2025-08-31T00:15:03,DRONE,13.0277125,77.5676286,959.27,1.21,2.00,6,10
2025-08-31T00:15:03,DRONE,13.0276509,77.5676291,959.50,,,,
2025-08-31T00:15:03,DRONE,13.0276591,77.5676293,959.46,1.21,2.00,6,10
2025-08-31T00:15:04,DRONE,13.0276064,77.5676273,959.66,,,,
2025-08-31T00:15:04,DRONE,13.0276237,77.5676283,959.58,1.21,2.00,6,10
2025-08-31T00:15:04,DRONE,13.0275620,77.5676237,959.82,,,,
2025-08-31T00:15:04,DRONE,13.0275706,77.5676245,959.78,1.21,2.00,6,10
2025-08-31T00:15:05,DRONE,13.0275177,77.5676186,959.98,,,,
2025-08-31T00:15:05,DRONE,13.0275352,77.5676207,959.91,1.21,2.00,6,10
2025-08-31T00:15:05,DRONE,13.0274734,77.5676123,960.14,,,,
2025-08-31T00:15:05,DRONE,13.0274821,77.5676135,960.10,1.21,2.00,6,10
2025-08-31T00:15:06,DRONE,13.0274291,77.5676052,960.30,,,,
2025-08-31T00:15:06,DRONE,13.0274468,77.5676080,960.22,1.21,2.00,6,10
2025-08-31T00:15:06,DRONE,13.0273849,77.5675978,960.46,,,,
2025-08-31T00:15:06,DRONE,13.0273937,77.5675991,960.41,1.21,2.00,6,10
2025-08-31T00:15:07,DRONE,13.0273407,77.5675903,960.62,,,,
2025-08-31T00:15:07,DRONE,13.0273583,77.5675931,960.54,1.21,2.00,6,10
2025-08-31T00:15:07,DRONE,13.0272964,77.5675827,960.78,,,,
2025-08-31T00:15:07,DRONE,13.0273049,77.5675840,960.73,1.21,2.00,6,10
2025-08-31T00:15:08,DRONE,13.0272520,77.5675752,960.93,,,,
2025-08-31T00:15:08,DRONE,13.0272693,77.5675780,960.86,1.21,2.00,6,10
2025-08-31T00:15:08,DRONE,13.0272074,77.5675676,961.10,,,,
2025-08-31T00:15:08,DRONE,13.0272161,77.5675689,961.06,1.21,2.00,6,10
2025-08-31T00:15:09,DRONE,13.0271630,77.5675602,961.26,,,,
2025-08-31T00:15:09,DRONE,13.0271805,77.5675630,961.18,1.21,2.00,6,10
2025-08-31T00:15:09,DRONE,13.0271186,77.5675528,961.42,,,,
2025-08-31T00:15:09,DRONE,13.0271271,77.5675541,961.38,1.21,2.00,6,10
2025-08-31T00:15:10,DRONE,13.0270743,77.5675455,961.58,,,,
2025-08-31T00:15:10,DRONE,13.0270917,77.5675482,961.50,1.21,2.00,6,10
2025-08-31T00:15:10,DRONE,13.0270298,77.5675382,961.74,,,,
2025-08-31T00:15:10,DRONE,13.0270385,77.5675395,961.69,1.21,2.00,6,10
2025-08-31T00:15:11,DRONE,13.0269857,77.5675309,961.89,,,,
2025-08-31T00:15:11,DRONE,13.0270030,77.5675337,961.82,1.21,2.00,6,10
2025-08-31T00:15:11,DRONE,13.0269414,77.5675237,962.05,,,,
2025-08-31T00:15:11,DRONE,13.0269498,77.5675250,962.01,1.21,2.00,6,10
2025-08-31T00:15:12,DRONE,13.0268971,77.5675165,962.21,,,,
2025-08-31T00:15:12,DRONE,13.0269142,77.5675192,962.14,1.21,2.00,6,10
2025-08-31T00:15:12,DRONE,13.0268525,77.5675092,962.37,,,,
2025-08-31T00:15:12,DRONE,13.0268608,77.5675105,962.33,1.21,2.00,6,10
2025-08-31T00:15:13,DRONE,13.0268081,77.5675019,962.53,,,,
2025-08-31T00:15:13,DRONE,13.0268253,77.5675047,962.46,1.21,2.00,6,10
2025-08-31T00:15:13,DRONE,13.0267637,77.5674947,962.69,,,,
2025-08-31T00:15:13,DRONE,13.0267720,77.5674960,962.65,1.21,2.00,6,10
2025-08-31T00:15:14,DRONE,13.0267194,77.5674875,962.85,,,,
2025-08-31T00:15:14,DRONE,13.0267365,77.5674902,962.78,1.21,2.00,6,10
2025-08-31T00:15:14,DRONE,13.0266749,77.5674802,963.01,,,,
2025-08-31T00:15:14,DRONE,13.0266834,77.5674815,962.97,1.21,2.00,6,10
2025-08-31T00:15:15,DRONE,13.0266305,77.5674730,963.17,,,,
2025-08-31T00:15:15,DRONE,13.0266479,77.5674757,963.10,1.21,2.00,6,10
2025-08-31T00:15:15,DRONE,13.0265862,77.5674658,963.33,,,,
2025-08-31T00:15:15,DRONE,13.0265948,77.5674671,963.29,1.21,2.00,6,10
2025-08-31T00:15:16,DRONE,13.0265422,77.5674586,963.49,,,,
2025-08-31T00:15:16,DRONE,13.0265594,77.5674613,963.42,1.21,2.00,6,10
2025-08-31T00:15:16,DRONE,13.0264979,77.5674511,963.65,,,,
2025-08-31T00:15:16,DRONE,13.0265063,77.5674525,963.61,1.21,2.00,6,10
2025-08-31T00:15:17,DRONE,13.0264538,77.5674431,963.81,,,,
2025-08-31T00:15:17,DRONE,13.0264709,77.5674462,963.74,1.21,2.00,6,10
2025-08-31T00:15:17,DRONE,13.0264099,77.5674341,963.97,,,,
2025-08-31T00:15:17,DRONE,13.0264181,77.5674358,963.93,1.21,2.00,6,10
2025-08-31T00:15:18,DRONE,13.0263665,77.5674239,964.13,,,,
2025-08-31T00:15:18,DRONE,13.0263832,77.5674280,964.06,1.21,2.00,6,10
2025-08-31T00:15:18,DRONE,13.0263235,77.5674121,964.29,,,,
2025-08-31T00:15:18,DRONE,13.0263314,77.5674144,964.25,1.21,2.00,6,10
2025-08-31T00:15:19,DRONE,13.0262809,77.5673986,964.45,,,,
2025-08-31T00:15:19,DRONE,13.0262973,77.5674040,964.38,1.21,2.00,6,10
2025-08-31T00:15:19,DRONE,13.0262390,77.5673833,964.61,,,,
2025-08-31T00:15:19,DRONE,13.0262469,77.5673863,964.56,1.21,2.00,6,10
2025-08-31T00:15:20,DRONE,13.0261977,77.5673663,964.77,,,,
2025-08-31T00:15:20,DRONE,13.0262138,77.5673731,964.69,1.21,2.00,6,10
2025-08-31T00:15:20,DRONE,13.0261570,77.5673478,964.93,,,,
2025-08-31T00:15:20,DRONE,13.0261649,77.5673513,964.89,1.21,2.00,6,10
2025-08-31T00:15:21,DRONE,13.0261166,77.5673280,965.09,,,,
2025-08-31T00:15:21,DRONE,13.0261326,77.5673358,965.01,1.21,2.00,6,10
2025-08-31T00:15:21,DRONE,13.0260768,77.5673076,965.25,,,,
2025-08-31T00:15:21,DRONE,13.0260846,77.5673114,965.20,1.21,2.00,6,10
2025-08-31T00:15:22,DRONE,13.0260370,77.5672866,965.40,,,,
2025-08-31T00:15:22,DRONE,13.0260526,77.5672947,965.32,1.21,2.00,6,10
2025-08-31T00:15:22,DRONE,13.0259971,77.5672654,965.56,,,,
2025-08-31T00:15:22,DRONE,13.0260046,77.5672691,965.52,1.21,2.00,6,10
2025-08-31T00:15:23,DRONE,13.0259570,77.5672440,965.72,,,,
2025-08-31T00:15:23,DRONE,13.0259726,77.5672521,965.65,1.21,2.00,6,10
2025-08-31T00:15:23,DRONE,13.0259170,77.5672227,965.88,,,,
2025-08-31T00:15:23,DRONE,13.0259244,77.5672265,965.85,1.21,2.00,6,10
2025-08-31T00:15:24,DRONE,13.0258769,77.5672014,966.05,,,,
2025-08-31T00:15:24,DRONE,13.0258925,77.5672095,965.97,1.21,2.00,6,10
2025-08-31T00:15:24,DRONE,13.0258369,77.5671802,966.21,,,,
2025-08-31T00:15:24,DRONE,13.0258444,77.5671840,966.17,1.21,2.00,6,10
2025-08-31T00:15:25,DRONE,13.0257968,77.5671591,966.37,,,,
2025-08-31T00:15:25,DRONE,13.0258125,77.5671673,966.29,1.21,2.00,6,10
2025-08-31T00:15:25,DRONE,13.0257568,77.5671381,966.53,,,,
2025-08-31T00:15:25,DRONE,13.0257647,77.5671420,966.49,1.21,2.00,6,10
2025-08-31T00:15:26,DRONE,13.0257169,77.5671171,966.69,,,,
2025-08-31T00:15:26,DRONE,13.0257328,77.5671253,966.61,1.21,2.00,6,10
2025-08-31T00:15:26,DRONE,13.0256771,77.5670961,966.84,,,,
2025-08-31T00:15:26,DRONE,13.0256848,77.5671002,966.80,1.21,2.00,6,10
2025-08-31T00:15:27,DRONE,13.0256370,77.5670751,967.00,,,,
2025-08-31T00:15:27,DRONE,13.0256529,77.5670834,966.93,1.21,2.00,6,10
2025-08-31T00:15:27,DRONE,13.0255972,77.5670542,967.16,,,,
2025-08-31T00:15:27,DRONE,13.0256051,77.5670584,967.12,1.21,2.00,6,10
2025-08-31T00:15:28,DRONE,13.0255573,77.5670334,967.32,,,,
2025-08-31T00:15:28,DRONE,13.0255730,77.5670416,967.25,1.21,2.00,6,10
2025-08-31T00:15:28,DRONE,13.0255173,77.5670124,967.48,,,,
2025-08-31T00:15:28,DRONE,13.0255249,77.5670164,967.43,1.21,2.00,6,10
2025-08-31T00:15:29,DRONE,13.0254772,77.5669914,967.64,,,,
2025-08-31T00:15:29,DRONE,13.0254929,77.5669996,967.56,1.21,2.00,6,10
2025-08-31T00:15:29,DRONE,13.0254370,77.5669704,967.80,,,,
2025-08-31T00:15:29,DRONE,13.0254448,77.5669743,967.76,1.21,2.00,6,10
2025-08-31T00:15:30,DRONE,13.0253970,77.5669494,967.96,,,,
2025-08-31T00:15:30,DRONE,13.0254127,77.5669576,967.89,1.21,2.00,6,10
2025-08-31T00:15:30,DRONE,13.0253570,77.5669285,968.12,,,,
2025-08-31T00:15:30,DRONE,13.0253647,77.5669325,968.07,1.21,2.00,6,10
2025-08-31T00:15:31,DRONE,13.0253170,77.5669075,968.28,,,,
2025-08-31T00:15:31,DRONE,13.0253328,77.5669158,968.20,1.21,2.00,6,10
2025-08-31T00:15:31,DRONE,13.0252770,77.5668866,968.44,,,,
2025-08-31T00:15:31,DRONE,13.0252847,77.5668906,968.40,1.21,2.00,6,10
2025-08-31T00:15:32,DRONE,13.0252372,77.5668656,968.60,,,,
2025-08-31T00:15:32,DRONE,13.0252528,77.5668738,968.53,1.21,2.00,6,10
2025-08-31T00:15:32,DRONE,13.0251976,77.5668442,968.76,,,,
2025-08-31T00:15:32,DRONE,13.0252050,77.5668482,968.72,1.21,2.00,6,10
2025-08-31T00:15:33,DRONE,13.0251584,77.5668220,968.92,,,,
2025-08-31T00:15:33,DRONE,13.0251735,77.5668306,968.85,1.21,2.00,6,10
2025-08-31T00:15:33,DRONE,13.0251197,77.5667988,969.08,,,,
2025-08-31T00:15:33,DRONE,13.0251269,77.5668033,969.04,1.21,2.00,6,10
2025-08-31T00:15:34,DRONE,13.0250821,77.5667744,969.24,,,,
2025-08-31T00:15:34,DRONE,13.0250966,77.5667841,969.17,1.21,2.00,6,10
2025-08-31T00:15:34,DRONE,13.0250455,77.5667486,969.40,,,,
2025-08-31T00:15:34,DRONE,13.0250522,77.5667536,969.36,1.21,2.00,6,10
2025-08-31T00:15:35,DRONE,13.0250100,77.5667214,969.56,,,,
2025-08-31T00:15:35,DRONE,13.0250236,77.5667321,969.49,1.21,2.00,6,10
2025-08-31T00:15:35,DRONE,13.0249754,77.5666925,969.72,,,,
2025-08-31T00:15:35,DRONE,13.0249819,77.5666981,969.68,1.21,2.00,6,10
2025-08-31T00:15:36,DRONE,13.0249418,77.5666623,969.88,,,,
2025-08-31T00:15:36,DRONE,13.0249550,77.5666742,969.81,1.21,2.00,6,10
2025-08-31T00:15:36,DRONE,13.0249093,77.5666311,970.04,,,,
2025-08-31T00:15:36,DRONE,13.0249156,77.5666372,970.00,1.21,2.00,6,10
2025-08-31T00:15:37,DRONE,13.0248774,77.5665992,970.19,,,,
2025-08-31T00:15:37,DRONE,13.0248899,77.5666116,970.12,1.21,2.00,6,10
2025-08-31T00:15:37,DRONE,13.0248456,77.5665665,970.35,,,,
2025-08-31T00:15:37,DRONE,13.0248517,77.5665726,970.31,1.21,2.00,6,10
2025-08-31T00:15:38,DRONE,13.0248140,77.5665337,970.51,,,,
2025-08-31T00:15:38,DRONE,13.0248263,77.5665463,970.44,1.21,2.00,6,10
2025-08-31T00:15:38,DRONE,13.0247824,77.5665007,970.67,,,,
2025-08-31T00:15:38,DRONE,13.0247884,77.5665067,970.64,1.21,2.00,6,10
2025-08-31T00:15:39,DRONE,13.0247508,77.5664679,970.83,,,,
2025-08-31T00:15:39,DRONE,13.0247631,77.5664803,970.76,1.21,2.00,6,10
2025-08-31T00:15:39,DRONE,13.0247191,77.5664349,970.99,,,,
2025-08-31T00:15:39,DRONE,13.0247251,77.5664409,970.95,1.21,2.00,6,10
2025-08-31T00:15:40,DRONE,13.0246875,77.5664020,971.15,,,,
2025-08-31T00:15:40,DRONE,13.0246998,77.5664147,971.08,1.21,2.00,6,10
2025-08-31T00:15:40,DRONE,13.0246557,77.5663692,971.31,,,,
2025-08-31T00:15:40,DRONE,13.0246618,77.5663754,971.28,1.21,2.00,6,10
2025-08-31T00:15:41,DRONE,13.0246241,77.5663365,971.47,,,,
2025-08-31T00:15:41,DRONE,13.0246365,77.5663492,971.40,1.21,2.00,6,10
2025-08-31T00:15:41,DRONE,13.0245923,77.5663038,971.63,,,,
2025-08-31T00:15:41,DRONE,13.0245986,77.5663102,971.59,1.21,2.00,6,10
2025-08-31T00:15:42,DRONE,13.0245607,77.5662712,971.79,,,,
2025-08-31T00:15:42,DRONE,13.0245733,77.5662842,971.72,1.21,2.00,6,10
2025-08-31T00:15:42,DRONE,13.0245292,77.5662388,971.95,,,,
2025-08-31T00:15:42,DRONE,13.0245353,77.5662451,971.91,1.21,2.00,6,10
2025-08-31T00:15:43,DRONE,13.0244976,77.5662063,972.11,,,,
2025-08-31T00:15:43,DRONE,13.0245099,77.5662189,972.04,1.21,2.00,6,10
2025-08-31T00:15:43,DRONE,13.0244658,77.5661737,972.27,,,,
2025-08-31T00:15:43,DRONE,13.0244717,77.5661797,972.23,1.21,2.00,6,10
2025-08-31T00:15:44,DRONE,13.0244340,77.5661409,972.43,,,,
2025-08-31T00:15:44,DRONE,13.0244463,77.5661535,972.36,1.21,2.00,6,10
2025-08-31T00:15:44,DRONE,13.0244021,77.5661082,972.59,,,,
2025-08-31T00:15:44,DRONE,13.0244081,77.5661143,972.55,1.21,2.00,6,10
2025-08-31T00:15:45,DRONE,13.0243703,77.5660755,972.75,,,,
2025-08-31T00:15:45,DRONE,13.0243826,77.5660881,972.68,1.21,2.00,6,10
2025-08-31T00:15:45,DRONE,13.0243385,77.5660429,972.91,,,,
2025-08-31T00:15:45,DRONE,13.0243445,77.5660489,972.87,1.21,2.00,6,10
2025-08-31T00:15:46,DRONE,13.0243067,77.5660102,973.07,,,,
2025-08-31T00:15:46,DRONE,13.0243192,77.5660230,973.00,1.21,2.00,6,10
2025-08-31T00:15:46,DRONE,13.0242750,77.5659776,973.23,,,,
2025-08-31T00:15:46,DRONE,13.0242812,77.5659840,973.18,1.21,2.00,6,10
2025-08-31T00:15:47,DRONE,13.0242433,77.5659451,973.39,,,,
2025-08-31T00:15:47,DRONE,13.0242559,77.5659580,973.31,1.21,2.00,6,10
2025-08-31T00:15:47,DRONE,13.0242117,77.5659125,973.55,,,,
2025-08-31T00:15:47,DRONE,13.0242179,77.5659189,973.51,1.21,2.00,6,10
2025-08-31T00:15:48,DRONE,13.0241803,77.5658796,973.71,,,,
2025-08-31T00:15:48,DRONE,13.0241927,77.5658927,973.64,1.21,2.00,6,10
2025-08-31T00:15:48,DRONE,13.0241496,77.5658465,973.87,,,,
2025-08-31T00:15:48,DRONE,13.0241556,77.5658531,973.82,1.21,2.00,6,10
2025-08-31T00:15:49,DRONE,13.0241196,77.5658126,974.03,,,,
2025-08-31T00:15:49,DRONE,13.0241313,77.5658261,973.95,1.21,2.00,6,10
2025-08-31T00:15:49,DRONE,13.0240908,77.5657779,974.19,,,,
2025-08-31T00:15:49,DRONE,13.0240962,77.5657845,974.15,1.21,2.00,6,10
2025-08-31T00:15:50,DRONE,13.0240632,77.5657419,974.35,,,,
2025-08-31T00:15:50,DRONE,13.0240739,77.5657561,974.27,1.21,2.00,6,10
2025-08-31T00:15:50,DRONE,13.0240371,77.5657049,974.51,,,,
2025-08-31T00:15:50,DRONE,13.0240420,77.5657121,974.47,1.21,2.00,6,10
2025-08-31T00:15:51,DRONE,13.0240125,77.5656669,974.67,,,,
2025-08-31T00:15:51,DRONE,13.0240220,77.5656820,974.59,1.21,2.00,6,10
2025-08-31T00:15:51,DRONE,13.0239893,77.5656280,974.82,,,,
2025-08-31T00:15:51,DRONE,13.0239937,77.5656355,974.78,1.21,2.00,6,10
2025-08-31T00:15:52,DRONE,13.0239673,77.5655880,974.98,,,,
2025-08-31T00:15:52,DRONE,13.0239759,77.5656038,974.91,1.21,2.00,6,10
2025-08-31T00:15:52,DRONE,13.0239462,77.5655475,975.14,,,,
2025-08-31T00:15:53,DRONE,13.0239504,77.5655554,975.10,1.21,2.00,6,10
2025-08-31T00:15:53,DRONE,13.0239258,77.5655067,975.30,,,,
2025-08-31T00:15:53,DRONE,13.0239339,77.5655228,975.23,1.21,2.00,6,10
2025-08-31T00:15:53,DRONE,13.0239057,77.5654656,975.46,,,,
2025-08-31T00:15:53,DRONE,13.0239096,77.5654733,975.42,1.21,2.00,6,10
2025-08-31T00:15:54,DRONE,13.0238855,77.5654242,975.62,,,,
2025-08-31T00:15:54,DRONE,13.0238935,77.5654402,975.55,1.21,2.00,6,10
2025-08-31T00:15:54,DRONE,13.0238654,77.5653828,975.78,,,,
2025-08-31T00:15:54,DRONE,13.0238693,77.5653906,975.74,1.21,2.00,6,10
2025-08-31T00:15:55,DRONE,13.0238452,77.5653415,975.94,,,,
2025-08-31T00:15:55,DRONE,13.0238531,77.5653575,975.87,1.21,2.00,6,10
2025-08-31T00:15:55,DRONE,13.0238250,77.5653002,976.10,,,,
2025-08-31T00:15:55,DRONE,13.0238288,77.5653078,976.06,1.21,2.00,6,10
2025-08-31T00:15:56,DRONE,13.0238048,77.5652589,976.26,,,,
2025-08-31T00:15:56,DRONE,13.0238127,77.5652749,976.19,1.21,2.00,6,10
2025-08-31T00:15:56,DRONE,13.0237845,77.5652176,976.42,,,,
2025-08-31T00:15:56,DRONE,13.0237884,77.5652255,976.38,1.21,2.00,6,10
2025-08-31T00:15:57,DRONE,13.0237642,77.5651765,976.58,,,,
2025-08-31T00:15:57,DRONE,13.0237722,77.5651927,976.51,1.21,2.00,6,10
2025-08-31T00:15:57,DRONE,13.0237439,77.5651356,976.74,,,,
2025-08-31T00:15:57,DRONE,13.0237479,77.5651434,976.70,1.21,2.00,6,10
2025-08-31T00:15:58,DRONE,13.0237237,77.5650947,976.90,,,,
2025-08-31T00:15:58,DRONE,13.0237316,77.5651105,976.82,1.21,2.00,6,10
2025-08-31T00:15:58,DRONE,13.0237033,77.5650535,977.06,,,,
2025-08-31T00:15:58,DRONE,13.0237071,77.5650612,977.02,1.21,2.00,6,10
2025-08-31T00:15:59,DRONE,13.0236829,77.5650123,977.22,,,,
2025-08-31T00:15:59,DRONE,13.0236909,77.5650283,977.15,1.21,2.00,6,10
2025-08-31T00:15:59,DRONE,13.0236626,77.5649712,977.38,,,,
2025-08-31T00:15:59,DRONE,13.0236664,77.5649788,977.34,1.21,2.00,6,10
2025-08-31T00:16:00,DRONE,13.0236422,77.5649302,977.54,,,,
2025-08-31T00:16:00,DRONE,13.0236501,77.5649459,977.47,1.21,2.00,6,10
2025-08-31T00:16:00,DRONE,13.0236218,77.5648889,977.70,,,,
2025-08-31T00:16:01,DRONE,13.0236256,77.5648966,977.66,1.21,2.00,6,10
2025-08-31T00:16:01,DRONE,13.0236014,77.5648478,977.86,,,,
2025-08-31T00:16:01,DRONE,13.0236093,77.5648638,977.79,1.21,2.00,6,10
2025-08-31T00:16:01,DRONE,13.0235810,77.5648066,978.02,,,,
2025-08-31T00:16:01,DRONE,13.0235849,77.5648145,977.98,1.21,2.00,6,10
2025-08-31T00:16:02,DRONE,13.0235606,77.5647656,978.18,,,,
2025-08-31T00:16:02,DRONE,13.0235686,77.5647817,978.11,1.21,2.00,6,10
2025-08-31T00:16:02,DRONE,13.0235402,77.5647244,978.34,,,,
2025-08-31T00:16:02,DRONE,13.0235443,77.5647326,978.30,1.21,2.00,6,10
2025-08-31T00:16:03,DRONE,13.0235200,77.5646836,978.50,,,,
2025-08-31T00:16:03,DRONE,13.0235280,77.5646998,978.43,1.21,2.00,6,10
2025-08-31T00:16:03,DRONE,13.0235000,77.5646427,978.65,,,,
2025-08-31T00:16:03,DRONE,13.0235039,77.5646505,978.62,1.21,2.00,6,10
2025-08-31T00:16:04,DRONE,13.0234805,77.5646015,978.80,,,,
2025-08-31T00:16:04,DRONE,13.0234880,77.5646175,978.74,1.21,2.00,6,10
2025-08-31T00:16:04,DRONE,13.0234618,77.5645597,978.94,,,,
2025-08-31T00:16:04,DRONE,13.0234652,77.5645676,978.90,1.21,2.00,6,10
2025-08-31T00:16:05,DRONE,13.0234443,77.5645175,979.06,,,,
2025-08-31T00:16:05,DRONE,13.0234509,77.5645339,979.01,1.21,2.00,6,10
2025-08-31T00:16:05,DRONE,13.0234284,77.5644748,979.16,,,,
2025-08-31T00:16:05,DRONE,13.0234312,77.5644829,979.14,1.21,2.00,6,10
2025-08-31T00:16:06,DRONE,13.0234141,77.5644317,979.24,,,,
2025-08-31T00:16:06,DRONE,13.0234195,77.5644485,979.20,1.21,2.00,6,10
2025-08-31T00:16:07,DRONE,13.0234016,77.5643878,979.30,,,,
2025-08-31T00:16:07,DRONE,13.0234039,77.5643963,979.29,1.21,2.00,6,10
2025-08-31T00:16:07,DRONE,13.0233908,77.5643436,979.34,,,,
2025-08-31T00:16:07,DRONE,13.0233949,77.5643611,979.33,1.21,2.00,6,10
2025-08-31T00:16:07,DRONE,13.0233815,77.5642988,979.37,,,,
2025-08-31T00:16:07,DRONE,13.0233832,77.5643077,979.36,1.21,2.00,6,10
2025-08-31T00:16:08,DRONE,13.0233733,77.5642538,979.38,,,,
2025-08-31T00:16:08,DRONE,13.0233764,77.5642717,979.37,1.21,2.00,6,10
2025-08-31T00:16:08,DRONE,13.0233660,77.5642084,979.38,,,,
2025-08-31T00:16:08,DRONE,13.0233674,77.5642173,979.38,1.21,2.00,6,10
2025-08-31T00:16:09,DRONE,13.0233591,77.5641629,979.38,,,,
2025-08-31T00:16:09,DRONE,13.0233619,77.5641809,979.39,1.21,2.00,6,10
2025-08-31T00:16:09,DRONE,13.0233524,77.5641173,979.38,,,,
2025-08-31T00:16:09,DRONE,13.0233539,77.5641262,979.39,1.21,2.00,6,10
2025-08-31T00:16:10,DRONE,13.0233457,77.5640717,979.38,,,,
2025-08-31T00:16:10,DRONE,13.0233485,77.5640897,979.39,1.21,2.00,6,10
2025-08-31T00:16:10,DRONE,13.0233390,77.5640260,979.38,,,,
2025-08-31T00:16:11,DRONE,13.0233404,77.5640347,979.39,1.21,2.00,6,10
2025-08-31T00:16:11,DRONE,13.0233322,77.5639801,979.38,,,,
2025-08-31T00:16:11,DRONE,13.0233350,77.5639981,979.39,1.21,2.00,6,10
2025-08-31T00:16:11,DRONE,13.0233254,77.5639344,979.38,,,,
2025-08-31T00:16:11,DRONE,13.0233268,77.5639432,979.40,1.21,2.00,6,10
2025-08-31T00:16:12,DRONE,13.0233185,77.5638888,979.39,,,,
2025-08-31T00:16:12,DRONE,13.0233212,77.5639068,979.40,1.21,2.00,6,10
2025-08-31T00:16:12,DRONE,13.0233116,77.5638433,979.39,,,,
2025-08-31T00:16:12,DRONE,13.0233130,77.5638520,979.40,1.21,2.00,6,10
2025-08-31T00:16:13,DRONE,13.0233046,77.5637976,979.39,,,,
2025-08-31T00:16:13,DRONE,13.0233074,77.5638156,979.40,1.21,2.00,6,10
2025-08-31T00:16:13,DRONE,13.0232977,77.5637522,979.39,,,,
2025-08-31T00:16:13,DRONE,13.0232990,77.5637610,979.40,1.21,2.00,6,10
2025-08-31T00:16:14,DRONE,13.0232907,77.5637068,979.39,,,,
2025-08-31T00:16:14,DRONE,13.0232935,77.5637246,979.40,1.21,2.00,6,10
2025-08-31T00:16:14,DRONE,13.0232838,77.5636614,979.39,,,,
2025-08-31T00:16:14,DRONE,13.0232850,77.5636698,979.40,1.21,2.00,6,10
2025-08-31T00:16:15,DRONE,13.0232767,77.5636156,979.39,,,,
2025-08-31T00:16:15,DRONE,13.0232794,77.5636333,979.40,1.21,2.00,6,10
2025-08-31T00:16:15,DRONE,13.0232697,77.5635700,979.39,,,,
2025-08-31T00:16:15,DRONE,13.0232710,77.5635786,979.40,1.21,2.00,6,10
2025-08-31T00:16:16,DRONE,13.0232627,77.5635244,979.39,,,,
2025-08-31T00:16:16,DRONE,13.0232654,77.5635422,979.40,1.21,2.00,6,10
2025-08-31T00:16:16,DRONE,13.0232557,77.5634790,979.39,,,,
2025-08-31T00:16:16,DRONE,13.0232570,77.5634874,979.40,1.21,2.00,6,10
2025-08-31T00:16:17,DRONE,13.0232487,77.5634333,979.39,,,,
2025-08-31T00:16:17,DRONE,13.0232515,77.5634511,979.40,1.21,2.00,6,10
2025-08-31T00:16:18,DRONE,13.0232417,77.5633877,979.39,,,,
2025-08-31T00:16:18,DRONE,13.0232430,77.5633965,979.40,1.21,2.00,6,10
2025-08-31T00:16:18,DRONE,13.0232347,77.5633423,979.39,,,,
2025-08-31T00:16:18,DRONE,13.0232375,77.5633601,979.40,1.21,2.00,6,10
2025-08-31T00:16:18,DRONE,13.0232277,77.5632970,979.39,,,,
2025-08-31T00:16:18,DRONE,13.0232290,77.5633055,979.40,1.21,2.00,6,10
2025-08-31T00:16:19,DRONE,13.0232208,77.5632515,979.38,,,,
2025-08-31T00:16:19,DRONE,13.0232235,77.5632691,979.40,1.21,2.00,6,10
2025-08-31T00:16:19,DRONE,13.0232145,77.5632059,979.38,,,,
2025-08-31T00:16:19,DRONE,13.0232156,77.5632146,979.39,1.21,2.00,6,10
2025-08-31T00:16:20,DRONE,13.0232089,77.5631604,979.36,,,,
2025-08-31T00:16:20,DRONE,13.0232108,77.5631781,979.38,1.21,2.00,6,10
2025-08-31T00:16:21,DRONE,13.0232045,77.5631149,979.32,,,,
2025-08-31T00:16:21,DRONE,13.0232052,77.5631234,979.34,1.21,2.00,6,10
2025-08-31T00:16:21,DRONE,13.0232016,77.5630694,979.27,,,,
2025-08-31T00:16:21,DRONE,13.0232025,77.5630870,979.31,1.21,2.00,6,10
2025-08-31T00:16:21,DRONE,13.0232005,77.5630237,979.20,,,,
2025-08-31T00:16:21,DRONE,13.0232005,77.5630324,979.23,1.21,2.00,6,10
2025-08-31T00:16:22,DRONE,13.0232011,77.5629781,979.11,,,,
2025-08-31T00:16:22,DRONE,13.0232007,77.5629960,979.16,1.21,2.00,6,10
2025-08-31T00:16:22,DRONE,13.0232036,77.5629326,978.99,,,,
2025-08-31T00:16:22,DRONE,13.0232029,77.5629414,979.03,1.21,2.00,6,10
2025-08-31T00:16:23,DRONE,13.0232077,77.5628871,978.86,,,,
2025-08-31T00:16:23,DRONE,13.0232059,77.5629050,978.93,1.21,2.00,6,10
2025-08-31T00:16:23,DRONE,13.0232132,77.5628415,978.72,,,,
2025-08-31T00:16:24,DRONE,13.0232121,77.5628505,978.77,1.21,2.00,6,10
2025-08-31T00:16:24,DRONE,13.0232196,77.5627963,978.56,,,,
2025-08-31T00:16:24,DRONE,13.0232171,77.5628143,978.65,1.21,2.00,6,10
2025-08-31T00:16:24,DRONE,13.0232267,77.5627510,978.41,,,,
2025-08-31T00:16:24,DRONE,13.0232255,77.5627596,978.45,1.21,2.00,6,10
2025-08-31T00:16:25,DRONE,13.0232340,77.5627055,978.25,,,,
2025-08-31T00:16:25,DRONE,13.0232314,77.5627231,978.32,1.21,2.00,6,10
2025-08-31T00:16:25,DRONE,13.0232415,77.5626597,978.09,,,,
2025-08-31T00:16:25,DRONE,13.0232403,77.5626683,978.14,1.21,2.00,6,10
2025-08-31T00:16:26,DRONE,13.0232489,77.5626140,977.93,,,,
2025-08-31T00:16:26,DRONE,13.0232463,77.5626317,978.01,1.21,2.00,6,10
2025-08-31T00:16:27,DRONE,13.0232563,77.5625682,977.77,,,,
2025-08-31T00:16:27,DRONE,13.0232551,77.5625769,977.82,1.21,2.00,6,10
2025-08-31T00:16:27,DRONE,13.0232636,77.5625227,977.61,,,,
2025-08-31T00:16:27,DRONE,13.0232609,77.5625403,977.69,1.21,2.00,6,10
2025-08-31T00:16:27,DRONE,13.0232708,77.5624769,977.45,,,,
2025-08-31T00:16:27,DRONE,13.0232695,77.5624857,977.51,1.21,2.00,6,10
2025-08-31T00:16:28,DRONE,13.0232779,77.5624314,977.29,,,,
2025-08-31T00:16:28,DRONE,13.0232753,77.5624493,977.38,1.21,2.00,6,10
2025-08-31T00:16:28,DRONE,13.0232850,77.5623859,977.13,,,,
2025-08-31T00:16:28,DRONE,13.0232838,77.5623949,977.19,1.21,2.00,6,10
2025-08-31T00:16:29,DRONE,13.0232921,77.5623406,976.97,,,,
2025-08-31T00:16:29,DRONE,13.0232894,77.5623585,977.06,1.21,2.00,6,10
2025-08-31T00:16:30,DRONE,13.0232992,77.5622950,976.81,,,,
2025-08-31T00:16:30,DRONE,13.0232979,77.5623040,976.87,1.21,2.00,6,10
2025-08-31T00:16:30,DRONE,13.0233062,77.5622497,976.65,,,,
2025-08-31T00:16:30,DRONE,13.0233035,77.5622678,976.75,1.21,2.00,6,10
2025-08-31T00:16:30,DRONE,13.0233133,77.5622043,976.49,,,,
2025-08-31T00:16:31,DRONE,13.0233120,77.5622131,976.56,1.21,2.00,6,10
2025-08-31T00:16:31,DRONE,13.0233203,77.5621588,976.33,,,,
2025-08-31T00:16:31,DRONE,13.0233177,77.5621766,976.43,1.21,2.00,6,10
2025-08-31T00:16:31,DRONE,13.0233274,77.5621130,976.18,,,,
2025-08-31T00:16:31,DRONE,13.0233262,77.5621218,976.24,1.21,2.00,6,10
2025-08-31T00:16:32,DRONE,13.0233345,77.5620674,976.02,,,,
2025-08-31T00:16:32,DRONE,13.0233318,77.5620854,976.11,1.21,2.00,6,10
2025-08-31T00:16:32,DRONE,13.0233415,77.5620218,975.86,,,,
2025-08-31T00:16:32,DRONE,13.0233402,77.5620306,975.92,1.21,2.00,6,10
2025-08-31T00:16:33,DRONE,13.0233486,77.5619763,975.70,,,,
2025-08-31T00:16:33,DRONE,13.0233458,77.5619942,975.79,1.21,2.00,6,10
2025-08-31T00:16:33,DRONE,13.0233556,77.5619308,975.54,,,,
2025-08-31T00:16:33,DRONE,13.0233543,77.5619397,975.60,1.21,2.00,6,10
2025-08-31T00:16:34,DRONE,13.0233626,77.5618853,975.38,,,,
2025-08-31T00:16:34,DRONE,13.0233600,77.5619033,975.47,1.21,2.00,6,10
2025-08-31T00:16:34,DRONE,13.0233697,77.5618400,975.22,,,,
2025-08-31T00:16:35,DRONE,13.0233684,77.5618487,975.28,1.21,2.00,6,10
2025-08-31T00:16:35,DRONE,13.0233771,77.5617947,975.06,,,,
2025-08-31T00:16:35,DRONE,13.0233743,77.5618123,975.15,1.21,2.00,6,10
2025-08-31T00:16:35,DRONE,13.0233853,77.5617495,974.90,,,,
2025-08-31T00:16:35,DRONE,13.0233838,77.5617579,974.95,1.21,2.00,6,10
2025-08-31T00:16:36,DRONE,13.0233945,77.5617045,974.74,,,,
2025-08-31T00:16:36,DRONE,13.0233908,77.5617219,974.83,1.21,2.00,6,10
2025-08-31T00:16:36,DRONE,13.0234050,77.5616600,974.58,,,,
2025-08-31T00:16:36,DRONE,13.0234029,77.5616684,974.64,1.21,2.00,6,10
2025-08-31T00:16:37,DRONE,13.0234171,77.5616161,974.42,,,,
2025-08-31T00:16:37,DRONE,13.0234122,77.5616331,974.51,1.21,2.00,6,10
2025-08-31T00:16:37,DRONE,13.0234309,77.5615729,974.26,,,,
2025-08-31T00:16:37,DRONE,13.0234282,77.5615809,974.31,1.21,2.00,6,10
2025-08-31T00:16:38,DRONE,13.0234465,77.5615300,974.10,,,,
2025-08-31T00:16:38,DRONE,13.0234402,77.5615467,974.18,1.21,2.00,6,10
2025-08-31T00:16:38,DRONE,13.0234636,77.5614878,973.94,,,,
2025-08-31T00:16:38,DRONE,13.0234603,77.5614961,974.00,1.21,2.00,6,10
2025-08-31T00:16:39,DRONE,13.0234821,77.5614464,973.78,,,,
2025-08-31T00:16:39,DRONE,13.0234748,77.5614626,973.87,1.21,2.00,6,10
2025-08-31T00:16:39,DRONE,13.0235016,77.5614053,973.62,,,,
2025-08-31T00:16:39,DRONE,13.0234980,77.5614130,973.68,1.21,2.00,6,10
2025-08-31T00:16:40,DRONE,13.0235219,77.5613641,973.46,,,,
2025-08-31T00:16:40,DRONE,13.0235141,77.5613801,973.55,1.21,2.00,6,10
2025-08-31T00:16:40,DRONE,13.0235426,77.5613231,973.30,,,,
2025-08-31T00:16:40,DRONE,13.0235389,77.5613309,973.36,1.21,2.00,6,10
2025-08-31T00:16:41,DRONE,13.0235633,77.5612821,973.14,,,,
2025-08-31T00:16:41,DRONE,13.0235555,77.5612979,973.23,1.21,2.00,6,10
2025-08-31T00:16:41,DRONE,13.0235841,77.5612411,972.98,,,,
2025-08-31T00:16:41,DRONE,13.0235804,77.5612486,973.04,1.21,2.00,6,10
2025-08-31T00:16:42,DRONE,13.0236048,77.5611999,972.82,,,,
2025-08-31T00:16:42,DRONE,13.0235970,77.5612158,972.91,1.21,2.00,6,10
2025-08-31T00:16:42,DRONE,13.0236255,77.5611588,972.66,,,,
2025-08-31T00:16:43,DRONE,13.0236218,77.5611666,972.72,1.21,2.00,6,10
2025-08-31T00:16:43,DRONE,13.0236462,77.5611177,972.50,,,,
2025-08-31T00:16:43,DRONE,13.0236383,77.5611338,972.59,1.21,2.00,6,10
2025-08-31T00:16:43,DRONE,13.0236667,77.5610767,972.34,,,,
2025-08-31T00:16:43,DRONE,13.0236629,77.5610846,972.40,1.21,2.00,6,10
2025-08-31T00:16:44,DRONE,13.0236873,77.5610356,972.18,,,,
2025-08-31T00:16:44,DRONE,13.0236793,77.5610519,972.27,1.21,2.00,6,10
2025-08-31T00:16:45,DRONE,13.0237076,77.5609948,972.02,,,,
2025-08-31T00:16:45,DRONE,13.0237037,77.5610028,972.08,1.21,2.00,6,10
2025-08-31T00:16:45,DRONE,13.0237279,77.5609540,971.86,,,,
2025-08-31T00:16:45,DRONE,13.0237200,77.5609700,971.95,1.21,2.00,6,10
2025-08-31T00:16:46,DRONE,13.0237483,77.5609130,971.70,,,,
2025-08-31T00:16:46,DRONE,13.0237445,77.5609207,971.76,1.21,2.00,6,10
2025-08-31T00:16:46,DRONE,13.0237687,77.5608720,971.55,,,,
2025-08-31T00:16:46,DRONE,13.0237608,77.5608879,971.64,1.21,2.00,6,10
2025-08-31T00:16:46,DRONE,13.0237892,77.5608307,971.39,,,,
2025-08-31T00:16:46,DRONE,13.0237854,77.5608384,971.44,1.21,2.00,6,10
2025-08-31T00:16:47,DRONE,13.0238097,77.5607895,971.23,,,,
2025-08-31T00:16:47,DRONE,13.0238018,77.5608055,971.31,1.21,2.00,6,10
2025-08-31T00:16:47,DRONE,13.0238302,77.5607483,971.07,,,,
2025-08-31T00:16:47,DRONE,13.0238264,77.5607561,971.13,1.21,2.00,6,10
2025-08-31T00:16:48,DRONE,13.0238506,77.5607073,970.91,,,,
2025-08-31T00:16:48,DRONE,13.0238427,77.5607233,971.00,1.21,2.00,6,10
2025-08-31T00:16:49,DRONE,13.0238710,77.5606661,970.75,,,,
2025-08-31T00:16:49,DRONE,13.0238672,77.5606741,970.81,1.21,2.00,6,10
2025-08-31T00:16:49,DRONE,13.0238914,77.5606251,970.59,,,,
2025-08-31T00:16:49,DRONE,13.0238835,77.5606414,970.68,1.21,2.00,6,10
2025-08-31T00:16:50,DRONE,13.0239118,77.5605841,970.43,,,,
2025-08-31T00:16:50,DRONE,13.0239079,77.5605922,970.49,1.21,2.00,6,10
2025-08-31T00:16:50,DRONE,13.0239321,77.5605432,970.27,,,,
2025-08-31T00:16:50,DRONE,13.0239241,77.5605594,970.36,1.21,2.00,6,10
2025-08-31T00:16:51,DRONE,13.0239527,77.5605023,970.11,,,,
2025-08-31T00:16:51,DRONE,13.0239487,77.5605104,970.17,1.21,2.00,6,10
2025-08-31T00:16:51,DRONE,13.0239737,77.5604619,969.95,,,,
2025-08-31T00:16:51,DRONE,13.0239654,77.5604779,970.04,1.21,2.00,6,10
2025-08-31T00:16:52,DRONE,13.0239956,77.5604220,969.79,,,,
2025-08-31T00:16:52,DRONE,13.0239914,77.5604297,969.85,1.21,2.00,6,10
2025-08-31T00:16:52,DRONE,13.0240186,77.5603828,969.63,,,,
2025-08-31T00:16:52,DRONE,13.0240096,77.5603980,969.72,1.21,2.00,6,10
2025-08-31T00:16:53,DRONE,13.0240430,77.5603444,969.47,,,,
2025-08-31T00:16:53,DRONE,13.0240382,77.5603517,969.53,1.21,2.00,6,10
2025-08-31T00:16:53,DRONE,13.0240687,77.5603072,969.31,,,,
2025-08-31T00:16:53,DRONE,13.0240584,77.5603217,969.40,1.21,2.00,6,10
2025-08-31T00:16:53,DRONE,13.0240958,77.5602711,969.15,,,,
2025-08-31T00:16:54,DRONE,13.0240905,77.5602780,969.20,1.21,2.00,6,10
2025-08-31T00:16:54,DRONE,13.0241244,77.5602362,968.99,,,,
2025-08-31T00:16:54,DRONE,13.0241131,77.5602498,969.08,1.21,2.00,6,10
2025-08-31T00:16:55,DRONE,13.0241543,77.5602020,968.83,,,,
2025-08-31T00:16:55,DRONE,13.0241484,77.5602087,968.89,1.21,2.00,6,10
2025-08-31T00:16:55,DRONE,13.0241850,77.5601689,968.67,,,,
2025-08-31T00:16:55,DRONE,13.0241729,77.5601820,968.76,1.21,2.00,6,10
2025-08-31T00:16:55,DRONE,13.0242164,77.5601362,968.51,,,,
2025-08-31T00:16:55,DRONE,13.0242105,77.5601425,968.56,1.21,2.00,6,10
2025-08-31T00:16:56,DRONE,13.0242483,77.5601038,968.35,,,,
2025-08-31T00:16:56,DRONE,13.0242361,77.5601164,968.44,1.21,2.00,6,10
2025-08-31T00:16:56,DRONE,13.0242805,77.5600713,968.19,,,,
2025-08-31T00:16:57,DRONE,13.0242746,77.5600775,968.25,1.21,2.00,6,10
2025-08-31T00:16:57,DRONE,13.0243126,77.5600388,968.03,,,,
2025-08-31T00:16:57,DRONE,13.0243003,77.5600515,968.12,1.21,2.00,6,10
2025-08-31T00:16:58,DRONE,13.0243447,77.5600064,967.87,,,,
2025-08-31T00:16:58,DRONE,13.0243389,77.5600125,967.93,1.21,2.00,6,10
2025-08-31T00:16:58,DRONE,13.0243767,77.5599740,967.71,,,,
2025-08-31T00:16:58,DRONE,13.0243644,77.5599866,967.80,1.21,2.00,6,10
2025-08-31T00:16:58,DRONE,13.0244087,77.5599414,967.55,,,,
2025-08-31T00:16:58,DRONE,13.0244028,77.5599476,967.61,1.21,2.00,6,10
2025-08-31T00:16:59,DRONE,13.0244407,77.5599088,967.39,,,,
2025-08-31T00:16:59,DRONE,13.0244283,77.5599216,967.48,1.21,2.00,6,10
2025-08-31T00:17:00,DRONE,13.0244725,77.5598764,967.23,,,,
2025-08-31T00:17:00,DRONE,13.0244664,77.5598827,967.29,1.21,2.00,6,10
2025-08-31T00:17:00,DRONE,13.0245042,77.5598440,967.07,,,,
2025-08-31T00:17:00,DRONE,13.0244918,77.5598567,967.16,1.21,2.00,6,10
2025-08-31T00:17:00,DRONE,13.0245359,77.5598115,966.91,,,,
2025-08-31T00:17:00,DRONE,13.0245300,77.5598177,966.97,1.21,2.00,6,10
2025-08-31T00:17:01,DRONE,13.0245677,77.5597789,966.76,,,,
2025-08-31T00:17:01,DRONE,13.0245555,77.5597916,966.85,1.21,2.00,6,10
2025-08-31T00:17:01,DRONE,13.0245995,77.5597463,966.60,,,,
2025-08-31T00:17:01,DRONE,13.0245936,77.5597524,966.65,1.21,2.00,6,10
2025-08-31T00:17:02,DRONE,13.0246314,77.5597137,966.44,,,,
2025-08-31T00:17:02,DRONE,13.0246191,77.5597263,966.53,1.21,2.00,6,10
2025-08-31T00:17:02,DRONE,13.0246631,77.5596812,966.28,,,,
2025-08-31T00:17:03,DRONE,13.0246573,77.5596872,966.33,1.21,2.00,6,10
2025-08-31T00:17:03,DRONE,13.0246950,77.5596485,966.12,,,,
2025-08-31T00:17:03,DRONE,13.0246828,77.5596611,966.20,1.21,2.00,6,10
2025-08-31T00:17:04,DRONE,13.0247269,77.5596158,965.96,,,,
2025-08-31T00:17:04,DRONE,13.0247209,77.5596220,966.02,1.21,2.00,6,10
2025-08-31T00:17:04,DRONE,13.0247587,77.5595832,965.80,,,,
2025-08-31T00:17:04,DRONE,13.0247463,77.5595960,965.89,1.21,2.00,6,10
2025-08-31T00:17:05,DRONE,13.0247904,77.5595507,965.64,,,,
2025-08-31T00:17:05,DRONE,13.0247843,77.5595570,965.69,1.21,2.00,6,10
2025-08-31T00:17:05,DRONE,13.0248222,77.5595180,965.48,,,,
2025-08-31T00:17:05,DRONE,13.0248096,77.5595309,965.56,1.21,2.00,6,10
2025-08-31T00:17:06,DRONE,13.0248537,77.5594856,965.32,,,,
2025-08-31T00:17:06,DRONE,13.0248476,77.5594919,965.38,1.21,2.00,6,10
2025-08-31T00:17:06,DRONE,13.0248854,77.5594534,965.16,,,,
2025-08-31T00:17:06,DRONE,13.0248730,77.5594661,965.25,1.21,2.00,6,10
2025-08-31T00:17:07,DRONE,13.0249175,77.5594214,965.00,,,,
2025-08-31T00:17:07,DRONE,13.0249115,77.5594274,965.06,1.21,2.00,6,10
2025-08-31T00:17:07,DRONE,13.0249503,77.5593899,964.84,,,,
2025-08-31T00:17:07,DRONE,13.0249376,77.5594020,964.93,1.21,2.00,6,10
2025-08-31T00:17:07,DRONE,13.0249837,77.5593595,964.68,,,,
2025-08-31T00:17:08,DRONE,13.0249774,77.5593650,964.74,1.21,2.00,6,10
2025-08-31T00:17:08,DRONE,13.0250181,77.5593302,964.52,,,,
2025-08-31T00:17:08,DRONE,13.0250047,77.5593414,964.61,1.21,2.00,6,10
2025-08-31T00:17:08,DRONE,13.0250534,77.5593026,964.36,,,,
2025-08-31T00:17:08,DRONE,13.0250467,77.5593077,964.42,1.21,2.00,6,10
2025-08-31T00:17:09,DRONE,13.0250899,77.5592763,964.20,,,,
2025-08-31T00:17:09,DRONE,13.0250755,77.5592864,964.29,1.21,2.00,6,10
2025-08-31T00:17:10,DRONE,13.0251273,77.5592517,964.04,,,,
2025-08-31T00:17:10,DRONE,13.0251199,77.5592564,964.10,1.21,2.00,6,10
2025-08-31T00:17:10,DRONE,13.0251656,77.5592284,963.88,,,,
2025-08-31T00:17:10,DRONE,13.0251503,77.5592375,963.97,1.21,2.00,6,10
2025-08-31T00:17:11,DRONE,13.0252046,77.5592063,963.72,,,,
2025-08-31T00:17:11,DRONE,13.0251969,77.5592106,963.78,1.21,2.00,6,10
2025-08-31T00:17:11,DRONE,13.0252443,77.5591849,963.56,,,,
2025-08-31T00:17:11,DRONE,13.0252285,77.5591934,963.65,1.21,2.00,6,10
2025-08-31T00:17:12,DRONE,13.0252843,77.5591641,963.40,,,,
2025-08-31T00:17:12,DRONE,13.0252763,77.5591683,963.46,1.21,2.00,6,10
2025-08-31T00:17:12,DRONE,13.0253243,77.5591435,963.24,,,,
2025-08-31T00:17:12,DRONE,13.0253085,77.5591518,963.33,1.21,2.00,6,10
2025-08-31T00:17:12,DRONE,13.0253645,77.5591229,963.08,,,,
2025-08-31T00:17:12,DRONE,13.0253568,77.5591270,963.14,1.21,2.00,6,10
2025-08-31T00:17:13,DRONE,13.0254048,77.5591023,962.92,,,,
2025-08-31T00:17:13,DRONE,13.0253891,77.5591105,963.02,1.21,2.00,6,10
2025-08-31T00:17:14,DRONE,13.0254452,77.5590815,962.76,,,,
2025-08-31T00:17:14,DRONE,13.0254375,77.5590856,962.82,1.21,2.00,6,10
2025-08-31T00:17:14,DRONE,13.0254855,77.5590607,962.60,,,,
2025-08-31T00:17:14,DRONE,13.0254697,77.5590690,962.69,1.21,2.00,6,10
2025-08-31T00:17:15,DRONE,13.0255256,77.5590399,962.44,,,,
2025-08-31T00:17:15,DRONE,13.0255180,77.5590440,962.51,1.21,2.00,6,10
2025-08-31T00:17:15,DRONE,13.0255657,77.5590191,962.29,,,,
2025-08-31T00:17:15,DRONE,13.0255501,77.5590273,962.38,1.21,2.00,6,10
2025-08-31T00:17:16,DRONE,13.0256058,77.5589982,962.13,,,,
2025-08-31T00:17:16,DRONE,13.0255981,77.5590023,962.18,1.21,2.00,6,10
2025-08-31T00:17:16,DRONE,13.0256457,77.5589774,961.97,,,,
2025-08-31T00:17:16,DRONE,13.0256301,77.5589856,962.06,1.21,2.00,6,10
2025-08-31T00:17:17,DRONE,13.0256857,77.5589566,961.81,,,,
2025-08-31T00:17:17,DRONE,13.0256781,77.5589606,961.87,1.21,2.00,6,10
2025-08-31T00:17:17,DRONE,13.0257257,77.5589357,961.65,,,,
2025-08-31T00:17:17,DRONE,13.0257103,77.5589438,961.74,1.21,2.00,6,10
2025-08-31T00:17:18,DRONE,13.0257659,77.5589147,961.49,,,,
2025-08-31T00:17:18,DRONE,13.0257584,77.5589186,961.55,1.21,2.00,6,10
2025-08-31T00:17:18,DRONE,13.0258060,77.5588938,961.33,,,,
2025-08-31T00:17:18,DRONE,13.0257906,77.5589019,961.42,1.21,2.00,6,10
2025-08-31T00:17:18,DRONE,13.0258461,77.5588729,961.17,,,,
2025-08-31T00:17:19,DRONE,13.0258386,77.5588769,961.23,1.21,2.00,6,10
2025-08-31T00:17:19,DRONE,13.0258860,77.5588520,961.01,,,,
2025-08-31T00:17:19,DRONE,13.0258706,77.5588601,961.10,1.21,2.00,6,10
2025-08-31T00:17:20,DRONE,13.0259262,77.5588310,960.85,,,,
2025-08-31T00:17:20,DRONE,13.0259186,77.5588350,960.91,1.21,2.00,6,10
2025-08-31T00:17:20,DRONE,13.0259662,77.5588101,960.69,,,,
2025-08-31T00:17:20,DRONE,13.0259505,77.5588183,960.78,1.21,2.00,6,10
2025-08-31T00:17:20,DRONE,13.0260061,77.5587892,960.53,,,,
2025-08-31T00:17:21,DRONE,13.0259985,77.5587932,960.58,1.21,2.00,6,10
2025-08-31T00:17:21,DRONE,13.0260459,77.5587684,960.37,,,,
2025-08-31T00:17:21,DRONE,13.0260305,77.5587765,960.46,1.21,2.00,6,10
2025-08-31T00:17:22,DRONE,13.0260860,77.5587476,960.21,,,,
2025-08-31T00:17:22,DRONE,13.0260785,77.5587515,960.27,1.21,2.00,6,10
2025-08-31T00:17:22,DRONE,13.0261261,77.5587271,960.05,,,,
2025-08-31T00:17:22,DRONE,13.0261106,77.5587350,960.14,1.21,2.00,6,10
2025-08-31T00:17:23,DRONE,13.0261666,77.5587073,959.89,,,,
2025-08-31T00:17:23,DRONE,13.0261590,77.5587109,959.95,1.21,2.00,6,10
2025-08-31T00:17:23,DRONE,13.0262072,77.5586886,959.73,,,,
2025-08-31T00:17:23,DRONE,13.0261915,77.5586957,959.82,1.21,2.00,6,10
2025-08-31T00:17:24,DRONE,13.0262485,77.5586712,959.57,,,,
2025-08-31T00:17:24,DRONE,13.0262409,77.5586743,959.63,1.21,2.00,6,10
2025-08-31T00:17:24,DRONE,13.0262903,77.5586555,959.41,,,,
2025-08-31T00:17:24,DRONE,13.0262741,77.5586613,959.50,1.21,2.00,6,10
2025-08-31T00:17:24,DRONE,13.0263327,77.5586416,959.25,,,,
2025-08-31T00:17:24,DRONE,13.0263245,77.5586441,959.31,1.21,2.00,6,10
2025-08-31T00:17:25,DRONE,13.0263755,77.5586294,959.09,,,,
2025-08-31T00:17:25,DRONE,13.0263586,77.5586340,959.18,1.21,2.00,6,10
2025-08-31T00:17:26,DRONE,13.0264188,77.5586190,958.93,,,,
2025-08-31T00:17:26,DRONE,13.0264103,77.5586209,958.99,1.21,2.00,6,10
2025-08-31T00:17:26,DRONE,13.0264625,77.5586100,958.77,,,,
2025-08-31T00:17:26,DRONE,13.0264451,77.5586135,958.86,1.21,2.00,6,10
2025-08-31T00:17:27,DRONE,13.0265063,77.5586020,958.61,,,,
2025-08-31T00:17:27,DRONE,13.0264978,77.5586036,958.67,1.21,2.00,6,10
2025-08-31T00:17:27,DRONE,13.0265505,77.5585948,958.45,,,,
2025-08-31T00:17:27,DRONE,13.0265332,77.5585976,958.54,1.21,2.00,6,10
2025-08-31T00:17:28,DRONE,13.0265948,77.5585879,958.29,,,,
2025-08-31T00:17:28,DRONE,13.0265867,77.5585892,958.35,1.21,2.00,6,10
2025-08-31T00:17:28,DRONE,13.0266396,77.5585810,958.13,,,,
2025-08-31T00:17:28,DRONE,13.0266224,77.5585837,958.23,1.21,2.00,6,10
2025-08-31T00:17:29,DRONE,13.0266842,77.5585741,957.98,,,,
2025-08-31T00:17:29,DRONE,13.0266759,77.5585754,958.03,1.21,2.00,6,10
2025-08-31T00:17:29,DRONE,13.0267288,77.5585671,957.82,,,,
2025-08-31T00:17:29,DRONE,13.0267115,77.5585699,957.91,1.21,2.00,6,10
2025-08-31T00:17:30,DRONE,13.0267733,77.5585602,957.66,,,,
2025-08-31T00:17:30,DRONE,13.0267650,77.5585615,957.71,1.21,2.00,6,10
2025-08-31T00:17:30,DRONE,13.0268179,77.5585532,957.50,,,,
2025-08-31T00:17:30,DRONE,13.0268005,77.5585560,957.58,1.21,2.00,6,10
2025-08-31T00:17:31,DRONE,13.0268623,77.5585461,957.34,,,,
2025-08-31T00:17:31,DRONE,13.0268537,77.5585476,957.40,1.21,2.00,6,10
2025-08-31T00:17:31,DRONE,13.0269066,77.5585390,957.18,,,,
2025-08-31T00:17:31,DRONE,13.0268891,77.5585419,957.27,1.21,2.00,6,10
2025-08-31T00:17:32,DRONE,13.0269509,77.5585319,957.02,,,,
2025-08-31T00:17:32,DRONE,13.0269422,77.5585333,957.07,1.21,2.00,6,10
2025-08-31T00:17:32,DRONE,13.0269953,77.5585247,956.86,,,,
2025-08-31T00:17:32,DRONE,13.0269776,77.5585276,956.94,1.21,2.00,6,10
2025-08-31T00:17:33,DRONE,13.0270394,77.5585176,956.70,,,,
2025-08-31T00:17:33,DRONE,13.0270307,77.5585190,956.76,1.21,2.00,6,10
2025-08-31T00:17:33,DRONE,13.0270837,77.5585105,956.54,,,,
2025-08-31T00:17:33,DRONE,13.0270662,77.5585133,956.63,1.21,2.00,6,10
2025-08-31T00:17:34,DRONE,13.0271280,77.5585033,956.38,,,,
2025-08-31T00:17:34,DRONE,13.0271195,77.5585047,956.43,1.21,2.00,6,10
2025-08-31T00:17:34,DRONE,13.0271725,77.5584961,956.22,,,,
2025-08-31T00:17:34,DRONE,13.0271550,77.5584989,956.31,1.21,2.00,6,10
2025-08-31T00:17:35,DRONE,13.0272170,77.5584889,956.06,,,,
2025-08-31T00:17:35,DRONE,13.0272084,77.5584903,956.12,1.21,2.00,6,10
2025-08-31T00:17:35,DRONE,13.0272614,77.5584817,955.90,,,,
2025-08-31T00:17:35,DRONE,13.0272440,77.5584845,955.99,1.21,2.00,6,10
2025-08-31T00:17:36,DRONE,13.0273057,77.5584745,955.74,,,,
2025-08-31T00:17:36,DRONE,13.0272972,77.5584759,955.80,1.21,2.00,6,10
2025-08-31T00:17:36,DRONE,13.0273501,77.5584673,955.58,,,,
2025-08-31T00:17:36,DRONE,13.0273327,77.5584701,955.67,1.21,2.00,6,10
2025-08-31T00:17:37,DRONE,13.0273944,77.5584601,955.42,,,,
2025-08-31T00:17:37,DRONE,13.0273858,77.5584615,955.48,1.21,2.00,6,10
2025-08-31T00:17:37,DRONE,13.0274386,77.5584530,955.26,,,,
2025-08-31T00:17:37,DRONE,13.0274213,77.5584558,955.36,1.21,2.00,6,10
2025-08-31T00:17:38,DRONE,13.0274830,77.5584461,955.10,,,,
2025-08-31T00:17:38,DRONE,13.0274746,77.5584474,955.16,1.21,2.00,6,10
2025-08-31T00:17:38,DRONE,13.0275274,77.5584398,954.94,,,,
2025-08-31T00:17:38,DRONE,13.0275103,77.5584422,955.04,1.21,2.00,6,10
2025-08-31T00:17:39,DRONE,13.0275719,77.5584346,954.78,,,,
2025-08-31T00:17:39,DRONE,13.0275636,77.5584354,954.84,1.21,2.00,6,10
2025-08-31T00:17:39,DRONE,13.0276164,77.5584306,954.62,,,,
2025-08-31T00:17:39,DRONE,13.0275992,77.5584319,954.72,1.21,2.00,6,10
2025-08-31T00:17:40,DRONE,13.0276608,77.5584283,954.46,,,,
2025-08-31T00:17:40,DRONE,13.0276524,77.5584286,954.52,1.21,2.00,6,10
2025-08-31T00:17:40,DRONE,13.0277050,77.5584279,954.30,,,,
2025-08-31T00:17:40,DRONE,13.0276879,77.5584278,954.39,1.21,2.00,6,10
2025-08-31T00:17:41,DRONE,13.0277496,77.5584292,954.14,,,,
2025-08-31T00:17:41,DRONE,13.0277410,77.5584288,954.20,1.21,2.00,6,10
2025-08-31T00:17:41,DRONE,13.0277939,77.5584325,953.98,,,,
2025-08-31T00:17:41,DRONE,13.0277765,77.5584310,954.07,1.21,2.00,6,10
2025-08-31T00:17:42,DRONE,13.0278381,77.5584373,953.82,,,,
2025-08-31T00:17:42,DRONE,13.0278296,77.5584363,953.88,1.21,2.00,6,10
2025-08-31T00:17:42,DRONE,13.0278822,77.5584433,953.66,,,,
2025-08-31T00:17:42,DRONE,13.0278651,77.5584409,953.75,1.21,2.00,6,10
2025-08-31T00:17:43,DRONE,13.0279267,77.5584503,953.50,,,,
2025-08-31T00:17:43,DRONE,13.0279184,77.5584491,953.56,1.21,2.00,6,10
2025-08-31T00:17:43,DRONE,13.0279711,77.5584577,953.34,,,,
2025-08-31T00:17:43,DRONE,13.0279539,77.5584550,953.43,1.21,2.00,6,10
2025-08-31T00:17:44,DRONE,13.0280155,77.5584653,953.18,,,,
2025-08-31T00:17:44,DRONE,13.0280072,77.5584641,953.24,1.21,2.00,6,10
2025-08-31T00:17:44,DRONE,13.0280598,77.5584729,953.03,,,,
2025-08-31T00:17:44,DRONE,13.0280428,77.5584702,953.11,1.21,2.00,6,10
2025-08-31T00:17:45,DRONE,13.0281044,77.5584805,952.87,,,,
2025-08-31T00:17:45,DRONE,13.0280961,77.5584792,952.92,1.21,2.00,6,10
2025-08-31T00:17:45,DRONE,13.0281488,77.5584880,952.71,,,,
2025-08-31T00:17:45,DRONE,13.0281316,77.5584853,952.80,1.21,2.00,6,10
2025-08-31T00:17:46,DRONE,13.0281933,77.5584955,952.55,,,,
2025-08-31T00:17:46,DRONE,13.0281848,77.5584942,952.61,1.21,2.00,6,10
2025-08-31T00:17:46,DRONE,13.0282376,77.5585028,952.39,,,,
2025-08-31T00:17:46,DRONE,13.0282203,77.5585001,952.48,1.21,2.00,6,10
2025-08-31T00:17:47,DRONE,13.0282821,77.5585102,952.23,,,,
2025-08-31T00:17:47,DRONE,13.0282734,77.5585089,952.29,1.21,2.00,6,10
2025-08-31T00:17:47,DRONE,13.0283262,77.5585174,952.07,,,,
2025-08-31T00:17:47,DRONE,13.0283087,77.5585147,952.16,1.21,2.00,6,10
2025-08-31T00:17:48,DRONE,13.0283703,77.5585247,951.91,,,,
2025-08-31T00:17:48,DRONE,13.0283618,77.5585234,951.97,1.21,2.00,6,10
2025-08-31T00:17:48,DRONE,13.0284145,77.5585319,951.75,,,,
2025-08-31T00:17:48,DRONE,13.0283974,77.5585292,951.84,1.21,2.00,6,10
2025-08-31T00:17:49,DRONE,13.0284589,77.5585392,951.59,,,,
2025-08-31T00:17:49,DRONE,13.0284507,77.5585379,951.65,1.21,2.00,6,10
2025-08-31T00:17:49,DRONE,13.0285035,77.5585464,951.43,,,,
2025-08-31T00:17:49,DRONE,13.0284863,77.5585437,951.52,1.21,2.00,6,10
2025-08-31T00:17:50,DRONE,13.0285480,77.5585537,951.27,,,,
2025-08-31T00:17:50,DRONE,13.0285397,77.5585524,951.32,1.21,2.00,6,10
2025-08-31T00:17:50,DRONE,13.0285924,77.5585609,951.11,,,,
2025-08-31T00:17:50,DRONE,13.0285752,77.5585582,951.20,1.21,2.00,6,10
2025-08-31T00:17:51,DRONE,13.0286368,77.5585682,950.95,,,,
2025-08-31T00:17:51,DRONE,13.0286284,77.5585669,951.01,1.21,2.00,6,10
2025-08-31T00:17:51,DRONE,13.0286812,77.5585754,950.79,,,,
2025-08-31T00:17:51,DRONE,13.0286638,77.5585727,950.88,1.21,2.00,6,10
2025-08-31T00:17:52,DRONE,13.0287256,77.5585827,950.63,,,,
2025-08-31T00:17:52,DRONE,13.0287169,77.5585813,950.69,1.21,2.00,6,10
2025-08-31T00:17:52,DRONE,13.0287699,77.5585899,950.47,,,,
2025-08-31T00:17:52,DRONE,13.0287523,77.5585871,950.56,1.21,2.00,6,10
2025-08-31T00:17:53,DRONE,13.0288141,77.5585970,950.31,,,,
2025-08-31T00:17:53,DRONE,13.0288054,77.5585957,950.37,1.21,2.00,6,10
2025-08-31T00:17:53,DRONE,13.0288584,77.5586044,950.15,,,,
2025-08-31T00:17:53,DRONE,13.0288408,77.5586016,950.25,1.21,2.00,6,10
2025-08-31T00:17:54,DRONE,13.0289023,77.5586123,949.99,,,,
2025-08-31T00:17:54,DRONE,13.0288937,77.5586108,950.06,1.21,2.00,6,10
2025-08-31T00:17:54,DRONE,13.0289461,77.5586210,949.84,,,,
2025-08-31T00:17:54,DRONE,13.0289289,77.5586175,949.93,1.21,2.00,6,10
2025-08-31T00:17:55,DRONE,13.0289896,77.5586308,949.68,,,,
2025-08-31T00:17:55,DRONE,13.0289814,77.5586289,949.74,1.21,2.00,6,10
2025-08-31T00:17:55,DRONE,13.0290329,77.5586423,949.52,,,,
2025-08-31T00:17:55,DRONE,13.0290159,77.5586376,949.61,1.21,2.00,6,10
2025-08-31T00:17:56,DRONE,13.0290755,77.5586554,949.36,,,,
2025-08-31T00:17:56,DRONE,13.0290673,77.5586528,949.42,1.21,2.00,6,10
2025-08-31T00:17:56,DRONE,13.0291175,77.5586703,949.20,,,,
2025-08-31T00:17:56,DRONE,13.0291010,77.5586643,949.29,1.21,2.00,6,10
2025-08-31T00:17:57,DRONE,13.0291588,77.5586869,949.04,,,,
2025-08-31T00:17:57,DRONE,13.0291509,77.5586836,949.10,1.21,2.00,6,10
2025-08-31T00:17:57,DRONE,13.0291998,77.5587051,948.87,,,,
2025-08-31T00:17:57,DRONE,13.0291836,77.5586979,948.97,1.21,2.00,6,10
2025-08-31T00:17:58,DRONE,13.0292400,77.5587245,948.72,,,,
2025-08-31T00:17:58,DRONE,13.0292322,77.5587208,948.77,1.21,2.00,6,10
2025-08-31T00:17:58,DRONE,13.0292801,77.5587449,948.56,,,,
2025-08-31T00:17:58,DRONE,13.0292644,77.5587370,948.65,1.21,2.00,6,10
2025-08-31T00:17:59,DRONE,13.0293200,77.5587659,948.40,,,,
2025-08-31T00:17:59,DRONE,13.0293126,77.5587621,948.45,1.21,2.00,6,10
2025-08-31T00:17:59,DRONE,13.0293601,77.5587873,948.24,,,,
2025-08-31T00:17:59,DRONE,13.0293447,77.5587792,948.32,1.21,2.00,6,10
2025-08-31T00:18:00,DRONE,13.0294002,77.5588086,948.08,,,,
2025-08-31T00:18:00,DRONE,13.0293926,77.5588048,948.14,1.21,2.00,6,10
2025-08-31T00:18:00,DRONE,13.0294401,77.5588299,947.92,,,,
2025-08-31T00:18:00,DRONE,13.0294245,77.5588218,948.01,1.21,2.00,6,10
2025-08-31T00:18:01,DRONE,13.0294800,77.5588511,947.76,,,,
2025-08-31T00:18:01,DRONE,13.0294725,77.5588473,947.81,1.21,2.00,6,10
2025-08-31T00:18:01,DRONE,13.0295200,77.5588723,947.60,,,,
2025-08-31T00:18:01,DRONE,13.0295045,77.5588643,947.68,1.21,2.00,6,10
2025-08-31T00:18:02,DRONE,13.0295601,77.5588935,947.44,,,,
2025-08-31T00:18:02,DRONE,13.0295524,77.5588895,947.50,1.21,2.00,6,10
2025-08-31T00:18:02,DRONE,13.0296000,77.5589146,947.28,,,,
2025-08-31T00:18:02,DRONE,13.0295844,77.5589063,947.37,1.21,2.00,6,10
2025-08-31T00:18:03,DRONE,13.0296399,77.5589355,947.12,,,,
2025-08-31T00:18:03,DRONE,13.0296323,77.5589315,947.18,1.21,2.00,6,10
2025-08-31T00:18:03,DRONE,13.0296797,77.5589564,946.96,,,,
2025-08-31T00:18:03,DRONE,13.0296642,77.5589483,947.05,1.21,2.00,6,10
2025-08-31T00:18:04,DRONE,13.0297197,77.5589774,946.80,,,,
2025-08-31T00:18:04,DRONE,13.0297122,77.5589736,946.86,1.21,2.00,6,10
2025-08-31T00:18:04,DRONE,13.0297597,77.5589984,946.64,,,,
2025-08-31T00:18:04,DRONE,13.0297443,77.5589904,946.73,1.21,2.00,6,10
2025-08-31T00:18:05,DRONE,13.0297998,77.5590194,946.48,,,,
2025-08-31T00:18:05,DRONE,13.0297923,77.5590156,946.54,1.21,2.00,6,10
2025-08-31T00:18:05,DRONE,13.0298397,77.5590404,946.32,,,,
2025-08-31T00:18:05,DRONE,13.0298244,77.5590324,946.41,1.21,2.00,6,10
2025-08-31T00:18:06,DRONE,13.0298799,77.5590614,946.16,,,,
2025-08-31T00:18:06,DRONE,13.0298725,77.5590575,946.22,1.21,2.00,6,10
2025-08-31T00:18:06,DRONE,13.0299200,77.5590824,946.00,,,,
2025-08-31T00:18:06,DRONE,13.0299045,77.5590743,946.09,1.21,2.00,6,10
2025-08-31T00:18:07,DRONE,13.0299601,77.5591034,945.84,,,,
2025-08-31T00:18:07,DRONE,13.0299524,77.5590995,945.90,1.21,2.00,6,10
2025-08-31T00:18:07,DRONE,13.0300000,77.5591243,945.68,,,,
2025-08-31T00:18:07,DRONE,13.0299844,77.5591162,945.78,1.21,2.00,6,10
2025-08-31T00:18:08,DRONE,13.0300401,77.5591452,945.52,,,,
2025-08-31T00:18:08,DRONE,13.0300322,77.5591412,945.58,1.21,2.00,6,10
2025-08-31T00:18:08,DRONE,13.0300798,77.5591660,945.37,,,,
2025-08-31T00:18:08,DRONE,13.0300641,77.5591579,945.45,1.21,2.00,6,10
2025-08-31T00:18:09,DRONE,13.0301196,77.5591869,945.21,,,,
2025-08-31T00:18:09,DRONE,13.0301119,77.5591829,945.27,1.21,2.00,6,10
2025-08-31T00:18:09,DRONE,13.0301592,77.5592082,945.05,,,,
2025-08-31T00:18:09,DRONE,13.0301439,77.5592000,945.14,1.21,2.00,6,10
2025-08-31T00:18:10,DRONE,13.0301987,77.5592303,944.89,,,,
2025-08-31T00:18:10,DRONE,13.0301914,77.5592262,944.94,1.21,2.00,6,10
2025-08-31T00:18:10,DRONE,13.0302375,77.5592532,944.73,,,,
2025-08-31T00:18:10,DRONE,13.0302226,77.5592442,944.81,1.21,2.00,6,10
2025-08-31T00:18:11,DRONE,13.0302754,77.5592773,944.57,,,,
2025-08-31T00:18:11,DRONE,13.0302684,77.5592728,944.63,1.21,2.00,6,10
2025-08-31T00:18:11,DRONE,13.0303123,77.5593028,944.41,,,,
2025-08-31T00:18:11,DRONE,13.0302981,77.5592929,944.50,1.21,2.00,6,10
2025-08-31T00:18:12,DRONE,13.0303482,77.5593299,944.25,,,,
2025-08-31T00:18:12,DRONE,13.0303414,77.5593246,944.31,1.21,2.00,6,10
2025-08-31T00:18:12,DRONE,13.0303829,77.5593583,944.09,,,,
2025-08-31T00:18:12,DRONE,13.0303693,77.5593470,944.18,1.21,2.00,6,10
2025-08-31T00:18:13,DRONE,13.0304166,77.5593882,943.93,,,,
2025-08-31T00:18:13,DRONE,13.0304100,77.5593823,943.99,1.21,2.00,6,10
2025-08-31T00:18:13,DRONE,13.0304493,77.5594192,943.77,,,,
2025-08-31T00:18:13,DRONE,13.0304364,77.5594068,943.86,1.21,2.00,6,10
2025-08-31T00:18:14,DRONE,13.0304815,77.5594512,943.61,,,,
2025-08-31T00:18:14,DRONE,13.0304752,77.5594448,943.67,1.21,2.00,6,10
2025-08-31T00:18:14,DRONE,13.0305132,77.5594836,943.45,,,,
2025-08-31T00:18:14,DRONE,13.0305006,77.5594708,943.54,1.21,2.00,6,10
2025-08-31T00:18:15,DRONE,13.0305447,77.5595163,943.29,,,,
2025-08-31T00:18:15,DRONE,13.0305385,77.5595100,943.35,1.21,2.00,6,10
2025-08-31T00:18:15,DRONE,13.0305762,77.5595492,943.13,,,,
2025-08-31T00:18:15,DRONE,13.0305638,77.5595363,943.22,1.21,2.00,6,10
2025-08-31T00:18:16,DRONE,13.0306078,77.5595821,942.97,,,,
2025-08-31T00:18:16,DRONE,13.0306018,77.5595759,943.03,1.21,2.00,6,10
2025-08-31T00:18:16,DRONE,13.0306395,77.5596151,942.81,,,,
2025-08-31T00:18:16,DRONE,13.0306271,77.5596023,942.90,1.21,2.00,6,10
2025-08-31T00:18:17,DRONE,13.0306712,77.5596480,942.65,,,,
2025-08-31T00:18:17,DRONE,13.0306651,77.5596418,942.70,1.21,2.00,6,10
2025-08-31T00:18:17,DRONE,13.0307029,77.5596808,942.49,,,,
2025-08-31T00:18:17,DRONE,13.0306904,77.5596681,942.58,1.21,2.00,6,10
2025-08-31T00:18:18,DRONE,13.0307345,77.5597135,942.33,,,,
2025-08-31T00:18:18,DRONE,13.0307284,77.5597073,942.39,1.21,2.00,6,10
2025-08-31T00:18:18,DRONE,13.0307662,77.5597462,942.17,,,,
2025-08-31T00:18:18,DRONE,13.0307538,77.5597334,942.26,1.21,2.00,6,10
2025-08-31T00:18:19,DRONE,13.0307978,77.5597788,942.01,,,,
2025-08-31T00:18:19,DRONE,13.0307918,77.5597726,942.07,1.21,2.00,6,10
2025-08-31T00:18:19,DRONE,13.0308295,77.5598114,941.85,,,,
2025-08-31T00:18:19,DRONE,13.0308172,77.5597988,941.94,1.21,2.00,6,10
2025-08-31T00:18:20,DRONE,13.0308612,77.5598440,941.69,,,,
2025-08-31T00:18:20,DRONE,13.0308553,77.5598380,941.75,1.21,2.00,6,10
2025-08-31T00:18:20,DRONE,13.0308931,77.5598768,941.53,,,,
2025-08-31T00:18:20,DRONE,13.0308808,77.5598642,941.63,1.21,2.00,6,10
2025-08-31T00:18:21,DRONE,13.0309249,77.5599094,941.37,,,,
2025-08-31T00:18:21,DRONE,13.0309189,77.5599034,941.43,1.21,2.00,6,10
2025-08-31T00:18:21,DRONE,13.0309566,77.5599421,941.21,,,,
2025-08-31T00:18:21,DRONE,13.0309443,77.5599295,941.30,1.21,2.00,6,10
2025-08-31T00:18:22,DRONE,13.0309883,77.5599746,941.05,,,,
2025-08-31T00:18:22,DRONE,13.0309824,77.5599685,941.11,1.21,2.00,6,10
2025-08-31T00:18:22,DRONE,13.0310202,77.5600073,940.89,,,,
2025-08-31T00:18:22,DRONE,13.0310078,77.5599947,940.98,1.21,2.00,6,10
2025-08-31T00:18:23,DRONE,13.0310519,77.5600399,940.73,,,,
2025-08-31T00:18:23,DRONE,13.0310458,77.5600336,940.79,1.21,2.00,6,10
2025-08-31T00:18:23,DRONE,13.0310836,77.5600725,940.57,,,,
2025-08-31T00:18:23,DRONE,13.0310712,77.5600598,940.67,1.21,2.00,6,10
2025-08-31T00:18:24,DRONE,13.0311152,77.5601049,940.42,,,,
2025-08-31T00:18:24,DRONE,13.0311092,77.5600987,940.47,1.21,2.00,6,10
2025-08-31T00:18:24,DRONE,13.0311469,77.5601375,940.26,,,,
2025-08-31T00:18:24,DRONE,13.0311345,77.5601249,940.35,1.21,2.00,6,10
2025-08-31T00:18:25,DRONE,13.0311784,77.5601703,940.10,,,,
2025-08-31T00:18:25,DRONE,13.0311725,77.5601642,940.16,1.21,2.00,6,10
2025-08-31T00:18:25,DRONE,13.0312094,77.5602035,939.94,,,,
2025-08-31T00:18:25,DRONE,13.0311975,77.5601906,940.03,1.21,2.00,6,10
2025-08-31T00:18:26,DRONE,13.0312396,77.5602372,939.78,,,,
2025-08-31T00:18:26,DRONE,13.0312342,77.5602311,939.83,1.21,2.00,6,10
2025-08-31T00:18:26,DRONE,13.0312688,77.5602719,939.62,,,,
2025-08-31T00:18:26,DRONE,13.0312577,77.5602585,939.70,1.21,2.00,6,10
2025-08-31T00:18:27,DRONE,13.0312967,77.5603076,939.46,,,,
2025-08-31T00:18:27,DRONE,13.0312916,77.5603009,939.52,1.21,2.00,6,10
2025-08-31T00:18:27,DRONE,13.0313231,77.5603443,939.30,,,,
2025-08-31T00:18:27,DRONE,13.0313130,77.5603299,939.39,1.21,2.00,6,10
2025-08-31T00:18:28,DRONE,13.0313481,77.5603821,939.14,,,,
2025-08-31T00:18:28,DRONE,13.0313434,77.5603748,939.19,1.21,2.00,6,10
2025-08-31T00:18:28,DRONE,13.0313715,77.5604209,938.98,,,,
2025-08-31T00:18:28,DRONE,13.0313625,77.5604055,939.06,1.21,2.00,6,10
2025-08-31T00:18:29,DRONE,13.0313938,77.5604605,938.82,,,,
2025-08-31T00:18:29,DRONE,13.0313895,77.5604526,938.88,1.21,2.00,6,10
2025-08-31T00:18:29,DRONE,13.0314149,77.5605007,938.66,,,,
2025-08-31T00:18:29,DRONE,13.0314066,77.5604848,938.75,1.21,2.00,6,10
2025-08-31T00:18:30,DRONE,13.0314354,77.5605414,938.50,,,,
2025-08-31T00:18:30,DRONE,13.0314315,77.5605337,938.56,1.21,2.00,6,10
2025-08-31T00:18:30,DRONE,13.0314555,77.5605825,938.34,,,,
2025-08-31T00:18:30,DRONE,13.0314477,77.5605667,938.43,1.21,2.00,6,10
2025-08-31T00:18:31,DRONE,13.0314757,77.5606241,938.18,,,,
2025-08-31T00:18:31,DRONE,13.0314719,77.5606165,938.24,1.21,2.00,6,10
2025-08-31T00:18:31,DRONE,13.0314959,77.5606655,938.02,,,,
2025-08-31T00:18:31,DRONE,13.0314880,77.5606496,938.11,1.21,2.00,6,10
2025-08-31T00:18:32,DRONE,13.0315161,77.5607070,937.86,,,,
2025-08-31T00:18:32,DRONE,13.0315122,77.5606993,937.92,1.21,2.00,6,10
2025-08-31T00:18:32,DRONE,13.0315363,77.5607482,937.70,,,,
2025-08-31T00:18:32,DRONE,13.0315284,77.5607323,937.79,1.21,2.00,6,10
2025-08-31T00:18:33,DRONE,13.0315566,77.5607896,937.54,,,,
2025-08-31T00:18:33,DRONE,13.0315526,77.5607818,937.60,1.21,2.00,6,10
2025-08-31T00:18:33,DRONE,13.0315768,77.5608308,937.38,,,,
2025-08-31T00:18:33,DRONE,13.0315688,77.5608147,937.48,1.21,2.00,6,10
2025-08-31T00:18:34,DRONE,13.0315971,77.5608719,937.22,,,,
2025-08-31T00:18:34,DRONE,13.0315931,77.5608638,937.28,1.21,2.00,6,10
2025-08-31T00:18:34,DRONE,13.0316173,77.5609129,937.06,,,,
2025-08-31T00:18:34,DRONE,13.0316093,77.5608967,937.16,1.21,2.00,6,10
2025-08-31T00:18:35,DRONE,13.0316377,77.5609540,936.90,,,,
2025-08-31T00:18:35,DRONE,13.0316336,77.5609459,936.97,1.21,2.00,6,10
2025-08-31T00:18:35,DRONE,13.0316579,77.5609949,936.74,,,,
2025-08-31T00:18:35,DRONE,13.0316499,77.5609786,936.83,1.21,2.00,6,10
2025-08-31T00:18:36,DRONE,13.0316782,77.5610359,936.59,,,,
2025-08-31T00:18:36,DRONE,13.0316743,77.5610279,936.65,1.21,2.00,6,10
2025-08-31T00:18:36,DRONE,13.0316986,77.5610769,936.43,,,,
2025-08-31T00:18:36,DRONE,13.0316906,77.5610609,936.52,1.21,2.00,6,10
2025-08-31T00:18:37,DRONE,13.0317190,77.5611182,936.27,,,,
2025-08-31T00:18:37,DRONE,13.0317151,77.5611103,936.32,1.21,2.00,6,10
2025-08-31T00:18:37,DRONE,13.0317394,77.5611594,936.11,,,,
2025-08-31T00:18:37,DRONE,13.0317315,77.5611433,936.19,1.21,2.00,6,10
2025-08-31T00:18:38,DRONE,13.0317598,77.5612005,935.95,,,,
2025-08-31T00:18:38,DRONE,13.0317559,77.5611926,936.01,1.21,2.00,6,10
2025-08-31T00:18:38,DRONE,13.0317802,77.5612416,935.79,,,,
2025-08-31T00:18:38,DRONE,13.0317722,77.5612255,935.88,1.21,2.00,6,10
2025-08-31T00:18:39,DRONE,13.0318006,77.5612827,935.63,,,,
2025-08-31T00:18:39,DRONE,13.0317966,77.5612748,935.68,1.21,2.00,6,10
2025-08-31T00:18:39,DRONE,13.0318209,77.5613238,935.47,,,,
2025-08-31T00:18:39,DRONE,13.0318129,77.5613075,935.56,1.21,2.00,6,10
2025-08-31T00:18:40,DRONE,13.0318412,77.5613646,935.31,,,,
2025-08-31T00:18:40,DRONE,13.0318373,77.5613568,935.37,1.21,2.00,6,10
2025-08-31T00:18:40,DRONE,13.0318613,77.5614051,935.16,,,,
2025-08-31T00:18:40,DRONE,13.0318535,77.5613894,935.25,1.21,2.00,6,10
2025-08-31T00:18:41,DRONE,13.0318807,77.5614441,935.01,,,,
2025-08-31T00:18:41,DRONE,13.0318772,77.5614370,935.06,1.21,2.00,6,10
2025-08-31T00:18:41,DRONE,13.0318989,77.5614808,934.87,,,,
2025-08-31T00:18:41,DRONE,13.0318921,77.5614670,934.94,1.21,2.00,6,10
2025-08-31T00:18:42,DRONE,13.0319154,77.5615140,934.74,,,,
2025-08-31T00:18:42,DRONE,13.0319126,77.5615081,934.78,1.21,2.00,6,10
2025-08-31T00:18:42,DRONE,13.0319297,77.5615427,934.62,,,,
2025-08-31T00:18:42,DRONE,13.0319246,77.5615322,934.69,1.21,2.00,6,10
2025-08-31T00:18:43,DRONE,13.0319414,77.5615662,934.53,,,,
2025-08-31T00:18:43,DRONE,13.0319396,77.5615623,934.56,1.21,2.00,6,10
2025-08-31T00:18:43,DRONE,13.0319505,77.5615845,934.46,,,,
2025-08-31T00:18:43,DRONE,13.0319474,77.5615781,934.50,1.21,2.00,6,10
2025-08-31T00:18:44,DRONE,13.0319569,77.5615973,934.42,,,,
2025-08-31T00:18:44,DRONE,13.0319559,77.5615952,934.44,1.21,2.00,6,10
2025-08-31T00:18:44,DRONE,13.0319606,77.5616049,934.40,,,,
2025-08-31T00:18:44,DRONE,13.0319594,77.5616024,934.41,1.21,2.00,6,10
2025-08-31T00:18:45,DRONE,13.0319624,77.5616086,934.38,,,,
2025-08-31T00:18:45,DRONE,13.0319622,77.5616081,934.39,1.21,2.00,6,10
2025-08-31T00:18:45,DRONE,13.0319628,77.5616094,934.38,,,,
2025-08-31T00:18:45,DRONE,13.0319627,77.5616092,934.38,1.21,2.00,6,10
2025-08-31T00:18:46,DRONE,13.0319625,77.5616087,934.37,,,,
2025-08-31T00:18:46,DRONE,13.0319625,77.5616087,934.37,1.21,2.00,6,10
2025-08-31T00:18:46,DRONE,13.0319618,77.5616075,934.37,,,,
2025-08-31T00:18:46,DRONE,13.0319619,77.5616077,934.37,1.21,2.00,6,10
2025-08-31T00:18:47,DRONE,13.0319613,77.5616068,934.37,,,,
2025-08-31T00:18:47,DRONE,13.0319611,77.5616066,934.37,1.21,2.00,6,10
2025-08-31T00:18:47,DRONE,13.0319611,77.5616077,934.37,,,,
2025-08-31T00:18:47,DRONE,13.0319608,77.5616069,934.36,1.21,2.00,6,10
2025-08-31T00:18:48,DRONE,13.0319612,77.5616115,934.37,,,,
2025-08-31T00:18:48,DRONE,13.0319608,77.5616103,934.36,1.21,2.00,6,10
2025-08-31T00:18:48,DRONE,13.0319621,77.5616192,934.37,,,,
2025-08-31T00:18:49,DRONE,13.0319638,77.5616318,934.37,,,,
2025-08-31T00:18:49,DRONE,13.0319630,77.5616287,934.36,1.21,2.00,6,10
2025-08-31T00:18:49,DRONE,13.0319665,77.5616500,934.37,,,,
2025-08-31T00:18:49,DRONE,13.0319650,77.5616419,934.37,1.21,2.00,6,10
2025-08-31T00:18:50,DRONE,13.0319701,77.5616734,934.37,,,,
2025-08-31T00:18:50,DRONE,13.0319691,77.5616682,934.37,1.21,2.00,6,10
2025-08-31T00:18:50,DRONE,13.0319745,77.5617021,934.37,,,,
2025-08-31T00:18:50,DRONE,13.0319724,77.5616901,934.37,1.21,2.00,6,10
2025-08-31T00:18:51,DRONE,13.0319797,77.5617359,934.37,,,,
2025-08-31T00:18:51,DRONE,13.0319785,77.5617293,934.37,1.21,2.00,6,10
2025-08-31T00:18:51,DRONE,13.0319856,77.5617739,934.37,,,,
2025-08-31T00:18:51,DRONE,13.0319831,77.5617590,934.36,1.21,2.00,6,10
2025-08-31T00:18:52,DRONE,13.0319920,77.5618150,934.37,,,,
2025-08-31T00:18:52,DRONE,13.0319907,77.5618074,934.36,1.21,2.00,6,10
2025-08-31T00:18:52,DRONE,13.0319987,77.5618582,934.37,,,,
2025-08-31T00:18:52,DRONE,13.0319961,77.5618416,934.36,1.21,2.00,6,10
2025-08-31T00:18:53,DRONE,13.0320056,77.5619025,934.37,,,,
2025-08-31T00:18:53,DRONE,13.0320043,77.5618945,934.36,1.21,2.00,6,10
2025-08-31T00:18:53,DRONE,13.0320125,77.5619471,934.37,,,,
2025-08-31T00:18:53,DRONE,13.0320098,77.5619301,934.36,1.21,2.00,6,10
2025-08-31T00:18:54,DRONE,13.0320194,77.5619920,934.37,,,,
2025-08-31T00:18:54,DRONE,13.0320182,77.5619836,934.37,1.21,2.00,6,10
2025-08-31T00:18:54,DRONE,13.0320264,77.5620370,934.37,,,,
2025-08-31T00:18:54,DRONE,13.0320237,77.5620194,934.37,1.21,2.00,6,10
2025-08-31T00:18:55,DRONE,13.0320333,77.5620820,934.37,,,,
2025-08-31T00:18:55,DRONE,13.0320320,77.5620734,934.37,1.21,2.00,6,10
2025-08-31T00:18:55,DRONE,13.0320403,77.5621271,934.37,,,,
2025-08-31T00:18:55,DRONE,13.0320376,77.5621094,934.37,1.21,2.00,6,10
2025-08-31T00:18:56,DRONE,13.0320473,77.5621723,934.37,,,,
2025-08-31T00:18:56,DRONE,13.0320460,77.5621635,934.37,1.21,2.00,6,10
2025-08-31T00:18:56,DRONE,13.0320542,77.5622174,934.37,,,,
2025-08-31T00:18:56,DRONE,13.0320515,77.5621996,934.37,1.21,2.00,6,10
2025-08-31T00:18:57,DRONE,13.0320612,77.5622626,934.37,,,,
2025-08-31T00:18:57,DRONE,13.0320599,77.5622540,934.37,1.21,2.00,6,10
2025-08-31T00:18:57,DRONE,13.0320681,77.5623079,934.37,,,,
2025-08-31T00:18:57,DRONE,13.0320655,77.5622903,934.38,1.21,2.00,6,10
2025-08-31T00:18:58,DRONE,13.0320752,77.5623534,934.37,,,,
2025-08-31T00:18:58,DRONE,13.0320739,77.5623447,934.38,1.21,2.00,6,10
2025-08-31T00:18:58,DRONE,13.0320822,77.5623989,934.37,,,,
2025-08-31T00:18:58,DRONE,13.0320794,77.5623811,934.38,1.21,2.00,6,10
2025-08-31T00:18:59,DRONE,13.0320892,77.5624443,934.37,,,,
2025-08-31T00:18:59,DRONE,13.0320879,77.5624354,934.38,1.21,2.00,6,10
2025-08-31T00:18:59,DRONE,13.0320962,77.5624896,934.37,,,,
2025-08-31T00:18:59,DRONE,13.0320934,77.5624718,934.38,1.21,2.00,6,10
2025-08-31T00:19:00,DRONE,13.0321032,77.5625352,934.37,,,,
2025-08-31T00:19:00,DRONE,13.0321018,77.5625263,934.38,1.21,2.00,6,10
2025-08-31T00:19:00,DRONE,13.0321102,77.5625804,934.37,,,,
2025-08-31T00:19:00,DRONE,13.0321074,77.5625625,934.38,1.21,2.00,6,10
2025-08-31T00:19:01,DRONE,13.0321172,77.5626257,934.37,,,,
2025-08-31T00:19:01,DRONE,13.0321158,77.5626171,934.39,1.21,2.00,6,10
2025-08-31T00:19:01,DRONE,13.0321242,77.5626711,934.37,,,,
2025-08-31T00:19:01,DRONE,13.0321215,77.5626536,934.39,1.21,2.00,6,10
2025-08-31T00:19:02,DRONE,13.0321312,77.5627168,934.37,,,,
2025-08-31T00:19:02,DRONE,13.0321299,77.5627083,934.39,1.21,2.00,6,10
2025-08-31T00:19:02,DRONE,13.0321383,77.5627624,934.37,,,,
2025-08-31T00:19:02,DRONE,13.0321356,77.5627448,934.39,1.21,2.00,6,10
2025-08-31T00:19:03,DRONE,13.0321452,77.5628074,934.37,,,,
2025-08-31T00:19:03,DRONE,13.0321439,77.5627991,934.39,1.21,2.00,6,10
2025-08-31T00:19:03,DRONE,13.0321519,77.5628507,934.38,,,,
2025-08-31T00:19:03,DRONE,13.0321494,77.5628343,934.39,1.21,2.00,6,10
2025-08-31T00:19:04,DRONE,13.0321582,77.5628914,934.38,,,,
2025-08-31T00:19:04,DRONE,13.0321571,77.5628842,934.39,1.21,2.00,6,10
2025-08-31T00:19:04,DRONE,13.0321639,77.5629285,934.37,,,,
2025-08-31T00:19:04,DRONE,13.0321618,77.5629146,934.39,1.21,2.00,6,10
2025-08-31T00:19:05,DRONE,13.0321689,77.5629605,934.36,,,,
2025-08-31T00:19:05,DRONE,13.0321681,77.5629549,934.38,1.21,2.00,6,10
2025-08-31T00:19:05,DRONE,13.0321730,77.5629868,934.35,,,,
2025-08-31T00:19:05,DRONE,13.0321716,77.5629774,934.37,1.21,2.00,6,10
2025-08-31T00:19:06,DRONE,13.0321762,77.5630074,934.35,,,,
2025-08-31T00:19:06,DRONE,13.0321757,77.5630041,934.37,1.21,2.00,6,10
2025-08-31T00:19:06,DRONE,13.0321784,77.5630220,934.36,,,,
2025-08-31T00:19:06,DRONE,13.0321778,77.5630171,934.37,1.21,2.00,6,10
2025-08-31T00:19:07,DRONE,13.0321798,77.5630309,934.36,,,,
2025-08-31T00:19:07,DRONE,13.0321797,77.5630297,934.37,1.21,2.00,6,10
2025-08-31T00:19:07,DRONE,13.0321805,77.5630353,934.36,,,,
2025-08-31T00:19:07,DRONE,13.0321804,77.5630341,934.37,1.21,2.00,6,10
2025-08-31T00:19:08,DRONE,13.0321806,77.5630364,934.36,,,,
2025-08-31T00:19:08,DRONE,13.0321807,77.5630363,934.37,1.21,2.00,6,10
2025-08-31T00:19:08,DRONE,13.0321806,77.5630357,934.36,,,,
2025-08-31T00:19:08,DRONE,13.0321807,77.5630360,934.36,1.21,2.00,6,10
2025-08-31T00:19:09,DRONE,13.0321804,77.5630344,934.35,,,,
2025-08-31T00:19:09,DRONE,13.0321805,77.5630344,934.35,1.21,2.00,6,10
2025-08-31T00:19:09,DRONE,13.0321802,77.5630332,934.18,,,,
2025-08-31T00:19:09,DRONE,13.0321803,77.5630334,934.27,1.21,2.00,6,10
2025-08-31T00:19:10,DRONE,13.0321800,77.5630322,933.91,,,,
2025-08-31T00:19:10,DRONE,13.0321800,77.5630322,933.97,1.21,2.00,6,10
2025-08-31T00:19:10,DRONE,13.0321799,77.5630315,933.65,,,,
2025-08-31T00:19:10,DRONE,13.0321798,77.5630315,933.75,1.21,2.00,6,10
2025-08-31T00:19:11,DRONE,13.0321797,77.5630309,933.39,,,,
2025-08-31T00:19:11,DRONE,13.0321796,77.5630308,933.45,1.21,2.00,6,10
2025-08-31T00:19:11,DRONE,13.0321796,77.5630304,933.15,,,,
2025-08-31T00:19:11,DRONE,13.0321795,77.5630304,933.25,1.21,2.00,6,10
2025-08-31T00:19:12,DRONE,13.0321796,77.5630301,932.90,,,,
2025-08-31T00:19:12,DRONE,13.0321795,77.5630300,932.95,1.21,2.00,6,10
2025-08-31T00:19:12,DRONE,13.0321796,77.5630298,932.65,,,,
2025-08-31T00:19:13,DRONE,13.0321796,77.5630296,932.40,,,,
2025-08-31T00:19:13,DRONE,13.0321795,77.5630296,932.45,1.21,2.00,6,10
2025-08-31T00:19:13,DRONE,13.0321796,77.5630295,932.15,,,,
2025-08-31T00:19:13,DRONE,13.0321795,77.5630295,932.26,1.21,2.00,6,10
2025-08-31T00:19:14,DRONE,13.0321795,77.5630294,931.90,,,,
2025-08-31T00:19:14,DRONE,13.0321795,77.5630294,931.95,1.21,2.00,6,10
2025-08-31T00:19:14,DRONE,13.0321795,77.5630293,931.65,,,,
2025-08-31T00:19:14,DRONE,13.0321795,77.5630293,931.76,1.21,2.00,6,10
2025-08-31T00:19:15,DRONE,13.0321795,77.5630292,931.40,,,,
2025-08-31T00:19:15,DRONE,13.0321795,77.5630293,931.45,1.21,2.00,6,10
2025-08-31T00:19:15,DRONE,13.0321795,77.5630291,931.15,,,,
2025-08-31T00:19:15,DRONE,13.0321795,77.5630292,931.26,1.21,2.00,6,10
2025-08-31T00:19:16,DRONE,13.0321795,77.5630291,930.90,,,,
2025-08-31T00:19:16,DRONE,13.0321795,77.5630292,930.97,1.21,2.00,6,10
