Time,BaseMode,BaseLocked,WorldAz,WorldEl,CalAz,CalEl,PhysAz,PhysEl,ServoAz,ServoEl,Az(us),El(us),DroneLat,DroneLon,DroneAlt,BaseLat,BaseLon,BaseAlt,BaseLatSDm,BaseLonSDm,BaseFix,BaseSats,UsedFlip
2025-09-03T15:06:42,static,1,56.59,0.0,303.41,0.0,12.0,102.0,6.0,51.0,933.5,1184.7,13.0267835,77.5633594,954.7,13.0267414,77.5632939,956.76,0.0,0.0,,,1
2025-09-03T15:06:42,static,1,56.59,0.0,303.41,0.0,24.0,114.0,12.0,57.0,967.0,1218.1,13.0267835,77.5633594,954.7,13.0267414,77.5632939,956.76,0.0,0.0,,,1
2025-09-03T15:06:42,static,1,56.73,0.0,303.27,0.0,36.0,126.0,18.0,63.0,1000.5,1251.6,13.0267834,77.5633596,941.26,13.0267414,77.5632939,956.76,0.0,0.0,,,1
2025-09-03T15:06:42,static,1,56.59,0.0,303.41,0.0,48.0,138.0,24.0,69.0,1034.0,1285.1,13.0267835,77.5633594,954.7,13.0267414,77.5632939,956.76,0.0,0.0,,,1
2025-09-03T15:06:42,static,1,56.52,0.0,303.48,0.0,60.0,150.0,30.0,75.0,1067.4,1318.6,13.0267836,77.5633594,954.71,13.0267414,77.5632939,956.76,0.0,0.0,,,1
2025-09-03T15:06:42,static,1,56.52,0.0,303.48,0.0,72.0,162.0,36.0,81.0,1100.9,1352.1,13.0267836,77.5633594,954.71,13.0267414,77.5632939,956.76,0.0,0.0,,,1
2025-09-03T15:06:42,static,1,56.52,0.0,303.48,0.0,84.0,174.0,42.0,87.0,1134.4,1385.6,13.0267836,77.5633594,954.71,13.0267414,77.5632939,956.76,0.0,0.0,,,1
2025-09-03T15:06:42,static,1,56.52,0.0,303.48,0.0,96.0,180.0,48.0,90.0,1167.9,1402.3,13.0267836,77.5633594,954.71,13.0267414,77.5632939,956.76,0.0,0.0,,,1
2025-09-03T15:06:42,static,1,56.52,0.0,303.48,0.0,108.0,180.0,54.0,90.0,1201.4,1402.3,13.0267836,77.5633594,954.71,13.0267414,77.5632939,956.76,0.0,0.0,,,1
2025-09-03T15:06:42,static,1,56.52,0.0,303.48,0.0,120.0,180.0,60.0,90.0,1234.9,1402.3,13.0267836,77.5633594,954.71,13.0267414,77.5632939,956.76,0.0,0.0,,,1
2025-09-03T15:06:42,static,1,56.52,0.0,303.48,0.0,123.48,180.0,61.74,90.0,1244.6,1402.3,13.0267836,77.5633594,954.71,13.0267414,77.5632939,956.76,0.0,0.0,,,1
2025-09-03T15:06:42,static,1,56.52,0.0,303.48,0.0,123.48,180.0,61.74,90.0,1244.6,1402.3,13.0267836,77.5633594,954.71,13.0267414,77.5632939,956.76,0.0,0.0,,,1
2025-09-03T15:06:43,static,1,56.81,0.0,303.19,0.0,123.19,180.0,61.595,90.0,1243.8,1402.3,13.0267834,77.5633598,941.19,13.0267414,77.5632939,956.76,0.0,0.0,,,1
2025-09-03T15:06:43,static,1,56.81,0.0,303.19,0.0,123.19,180.0,61.595,90.0,1243.8,1402.3,13.0267834,77.5633598,941.19,13.0267414,77.5632939,956.76,0.0,0.0,,,1
2025-09-03T15:06:43,static,1,56.5,0.0,303.5,0.0,123.5,180.0,61.75,90.0,1244.7,1402.3,13.0267837,77.5633595,954.71,13.0267414,77.5632939,956.76,0.0,0.0,,,1
2025-09-03T15:06:43,static,1,56.5,0.0,303.5,0.0,123.5,180.0,61.75,90.0,1244.7,1402.3,13.0267837,77.5633595,954.71,13.0267414,77.5632939,956.76,0.0,0.0,,,1
2025-09-03T15:06:43,static,1,56.5,0.0,303.5,0.0,123.5,180.0,61.75,90.0,1244.7,1402.3,13.0267837,77.5633595,954.71,13.0267414,77.5632939,956.76,0.0,0.0,,,1
2025-09-03T15:06:43,static,1,56.54,0.0,303.46,0.0,123.46,180.0,61.73,90.0,1244.5,1402.3,13.0267837,77.5633596,954.71,13.0267414,77.5632939,956.76,0.0,0.0,,,1
2025-09-03T15:06:43,static,1,56.54,0.0,303.46,0.0,123.46,180.0,61.73,90.0,1244.5,1402.3,13.0267837,77.5633596,954.71,13.0267414,77.5632939,956.76,0.0,0.0,,,1
2025-09-03T15:06:43,static,1,56.54,0.0,303.46,0.0,123.46,180.0,61.73,90.0,1244.5,1402.3,13.0267837,77.5633596,954.72,13.0267414,77.5632939,956.76,0.0,0.0,,,1
2025-09-03T15:06:43,static,1,56.54,0.0,303.46,0.0,123.46,180.0,61.73,90.0,1244.5,1402.3,13.0267837,77.5633596,954.72,13.0267414,77.5632939,956.76,0.0,0.0,,,1
2025-09-03T15:06:43,static,1,56.54,0.0,303.46,0.0,123.46,180.0,61.73,90.0,1244.5,1402.3,13.0267837,77.5633596,954.72,13.0267414,77.5632939,956.76,0.0,0.0,,,1
2025-09-03T15:06:43,static,1,56.54,0.0,303.46,0.0,123.46,180.0,61.73,90.0,1244.5,1402.3,13.0267837,77.5633596,954.72,13.0267414,77.5632939,956.76,0.0,0.0,,,1
2025-09-03T15:06:43,static,1,56.58,0.0,303.42,0.0,123.42,180.0,61.71,90.0,1244.4,1402.3,13.0267837,77.5633597,954.71,13.0267414,77.5632939,956.76,0.0,0.0,,,1
2025-09-03T15:06:43,static,1,56.58,0.0,303.42,0.0,123.42,180.0,61.71,90.0,1244.4,1402.3,13.0267837,77.5633597,954.71,13.0267414,77.5632939,956.76,0.0,0.0,,,1
2025-09-03T15:06:43,static,1,56.58,0.0,303.42,0.0,123.42,180.0,61.71,90.0,1244.4,1402.3,13.0267837,77.5633597,954.71,13.0267414,77.5632939,956.76,0.0,0.0,,,1
2025-09-03T15:06:43,static,1,56.64,0.0,303.36,0.0,123.36,180.0,61.68,90.0,1244.3,1402.3,13.0267836,77.5633597,954.71,13.0267414,77.5632939,956.76,0.0,0.0,,,1
2025-09-03T15:06:43,static,1,56.64,0.0,303.36,0.0,123.36,180.0,61.68,90.0,1244.3,1402.3,13.0267836,77.5633597,954.71,13.0267414,77.5632939,956.76,0.0,0.0,,,1
2025-09-03T15:06:43,static,1,57.19,0.0,302.81,0.0,122.81,180.0,61.405,90.0,1242.7,1402.3,13.0267831,77.5633603,941.17,13.0267414,77.5632939,956.76,0.0,0.0,,,1
2025-09-03T15:06:43,static,1,57.19,0.0,302.81,0.0,122.81,180.0,61.405,90.0,1242.7,1402.3,13.0267831,77.5633603,941.17,13.0267414,77.5632939,956.76,0.0,0.0,,,1
2025-09-03T15:06:43,static,1,56.71,0.0,303.29,0.0,123.29,180.0,61.645,90.0,1244.1,1402.3,13.0267835,77.5633597,954.7,13.0267414,77.5632939,956.76,0.0,0.0,,,1
2025-09-03T15:06:44,static,1,56.71,0.0,303.29,0.0,123.29,180.0,61.645,90.0,1244.1,1402.3,13.0267835,77.5633597,954.7,13.0267414,77.5632939,956.76,0.0,0.0,,,1
2025-09-03T15:06:44,static,1,56.75,0.0,303.25,0.0,123.25,180.0,61.625,90.0,1244.0,1402.3,13.0267835,77.5633598,954.7,13.0267414,77.5632939,956.76,0.0,0.0,,,1
2025-09-03T15:06:44,static,1,56.75,0.0,303.25,0.0,123.25,180.0,61.625,90.0,1244.0,1402.3,13.0267835,77.5633598,954.7,13.0267414,77.5632939,956.76,0.0,0.0,,,1
2025-09-03T15:06:44,static,1,56.75,0.0,303.25,0.0,123.25,180.0,61.625,90.0,1244.0,1402.3,13.0267835,77.5633598,954.7,13.0267414,77.5632939,956.76,0.0,0.0,,,1
2025-09-03T15:06:44,static,1,56.75,0.0,303.25,0.0,123.25,180.0,61.625,90.0,1244.0,1402.3,13.0267835,77.5633598,954.7,13.0267414,77.5632939,956.76,0.0,0.0,,,1
2025-09-03T15:06:44,static,1,56.75,0.0,303.25,0.0,123.25,180.0,61.625,90.0,1244.0,1402.3,13.0267835,77.5633598,954.7,13.0267414,77.5632939,956.76,0.0,0.0,,,1
2025-09-03T15:06:44,static,1,56.79,0.0,303.21,0.0,123.21,180.0,61.605,90.0,1243.8,1402.3,13.0267835,77.5633599,954.7,13.0267414,77.5632939,956.76,0.0,0.0,,,1
2025-09-03T15:06:44,static,1,56.79,0.0,303.21,0.0,123.21,180.0,61.605,90.0,1243.8,1402.3,13.0267835,77.5633599,954.7,13.0267414,77.5632939,956.76,0.0,0.0,,,1
2025-09-03T15:06:44,static,1,56.79,0.0,303.21,0.0,123.21,180.0,61.605,90.0,1243.8,1402.3,13.0267835,77.5633599,954.71,13.0267414,77.5632939,956.76,0.0,0.0,,,1
2025-09-03T15:06:44,static,1,56.79,0.0,303.21,0.0,123.21,180.0,61.605,90.0,1243.8,1402.3,13.0267835,77.5633599,954.71,13.0267414,77.5632939,956.76,0.0,0.0,,,1
2025-09-03T15:06:44,static,1,56.83,0.0,303.17,0.0,123.17,180.0,61.585,90.0,1243.7,1402.3,13.0267835,77.56336,954.71,13.0267414,77.5632939,956.76,0.0,0.0,,,1
2025-09-03T15:06:44,static,1,56.83,0.0,303.17,0.0,123.17,180.0,61.585,90.0,1243.7,1402.3,13.0267835,77.56336,954.71,13.0267414,77.5632939,956.76,0.0,0.0,,,1
2025-09-03T15:06:44,static,1,56.83,0.0,303.17,0.0,123.17,180.0,61.585,90.0,1243.7,1402.3,13.0267835,77.56336,954.71,13.0267414,77.5632939,956.76,0.0,0.0,,,1
2025-09-03T15:06:44,static,1,56.83,0.0,303.17,0.0,123.17,180.0,61.585,90.0,1243.7,1402.3,13.0267835,77.56336,954.72,13.0267414,77.5632939,956.76,0.0,0.0,,,1
2025-09-03T15:06:44,static,1,56.87,0.0,303.13,0.0,123.13,180.0,61.565,90.0,1243.6,1402.3,13.0267835,77.5633601,954.72,13.0267414,77.5632939,956.76,0.0,0.0,,,1
2025-09-03T15:06:44,static,1,56.87,0.0,303.13,0.0,123.13,180.0,61.565,90.0,1243.6,1402.3,13.0267835,77.5633601,954.72,13.0267414,77.5632939,956.76,0.0,0.0,,,1
2025-09-03T15:06:44,static,1,56.87,0.0,303.13,0.0,123.13,180.0,61.565,90.0,1243.6,1402.3,13.0267835,77.5633601,954.72,13.0267414,77.5632939,956.76,0.0,0.0,,,1
2025-09-03T15:06:44,static,1,56.87,0.0,303.13,0.0,123.13,180.0,61.565,90.0,1243.6,1402.3,13.0267835,77.5633601,954.72,13.0267414,77.5632939,956.76,0.0,0.0,,,1
2025-09-03T15:06:44,static,1,56.87,0.0,303.13,0.0,123.13,180.0,61.565,90.0,1243.6,1402.3,13.0267835,77.5633601,954.72,13.0267414,77.5632939,956.76,0.0,0.0,,,1
2025-09-03T15:06:44,static,1,56.87,0.0,303.13,0.0,123.13,180.0,61.565,90.0,1243.6,1402.3,13.0267835,77.5633601,954.72,13.0267414,77.5632939,956.76,0.0,0.0,,,1
2025-09-03T15:06:45,static,1,56.87,0.0,303.13,0.0,123.13,180.0,61.565,90.0,1243.6,1402.3,13.0267835,77.5633601,954.72,13.0267414,77.5632939,956.76,0.0,0.0,,,1
2025-09-03T15:06:45,static,1,56.87,0.0,303.13,0.0,123.13,180.0,61.565,90.0,1243.6,1402.3,13.0267835,77.5633601,954.72,13.0267414,77.5632939,956.76,0.0,0.0,,,1
2025-09-03T15:06:45,static,1,56.91,0.0,303.09,0.0,123.09,180.0,61.545,90.0,1243.5,1402.3,13.0267835,77.5633602,954.72,13.0267414,77.5632939,956.76,0.0,0.0,,,1
2025-09-03T15:06:45,static,1,56.91,0.0,303.09,0.0,123.09,180.0,61.545,90.0,1243.5,1402.3,13.0267835,77.5633602,954.72,13.0267414,77.5632939,956.76,0.0,0.0,,,1
2025-09-03T15:06:45,static,1,56.91,0.0,303.09,0.0,123.09,180.0,61.545,90.0,1243.5,1402.3,13.0267835,77.5633602,954.72,13.0267414,77.5632939,956.76,0.0,0.0,,,1
2025-09-03T15:06:45,static,1,56.91,0.0,303.09,0.0,123.09,180.0,61.545,90.0,1243.5,1402.3,13.0267835,77.5633602,954.72,13.0267414,77.5632939,956.76,0.0,0.0,,,1
2025-09-03T15:06:45,static,1,56.94,0.0,303.06,0.0,123.06,180.0,61.53,90.0,1243.4,1402.3,13.0267835,77.5633603,954.71,13.0267414,77.5632939,956.76,0.0,0.0,,,1
2025-09-03T15:06:45,static,1,56.94,0.0,303.06,0.0,123.06,180.0,61.53,90.0,1243.4,1402.3,13.0267835,77.5633603,954.71,13.0267414,77.5632939,956.76,0.0,0.0,,,1
2025-09-03T15:06:45,static,1,57.54,0.0,302.46,0.0,122.46,180.0,61.23,90.0,1241.7,1402.3,13.0267828,77.5633607,941.14,13.0267414,77.5632939,956.76,0.0,0.0,,,1
2025-09-03T15:06:45,static,1,57.54,0.0,302.46,0.0,122.46,180.0,61.23,90.0,1241.7,1402.3,13.0267828,77.5633607,941.14,13.0267414,77.5632939,956.76,0.0,0.0,,,1
2025-09-03T15:06:45,static,1,57.1,0.0,302.9,0.0,122.9,180.0,61.45,90.0,1243.0,1402.3,13.0267835,77.5633607,954.7,13.0267414,77.5632939,956.76,0.0,0.0,,,1
2025-09-03T15:06:45,static,1,57.1,0.0,302.9,0.0,122.9,180.0,61.45,90.0,1243.0,1402.3,13.0267835,77.5633607,954.7,13.0267414,77.5632939,956.76,0.0,0.0,,,1
2025-09-03T15:06:45,static,1,57.1,0.0,302.9,0.0,122.9,180.0,61.45,90.0,1243.0,1402.3,13.0267835,77.5633607,954.7,13.0267414,77.5632939,956.76,0.0,0.0,,,1
2025-09-03T15:06:45,static,1,57.18,0.0,302.82,0.0,122.82,180.0,61.41,90.0,1242.8,1402.3,13.0267835,77.5633609,954.7,13.0267414,77.5632939,956.76,0.0,0.0,,,1
2025-09-03T15:06:45,static,1,57.18,0.0,302.82,0.0,122.82,180.0,61.41,90.0,1242.8,1402.3,13.0267835,77.5633609,954.7,13.0267414,77.5632939,956.76,0.0,0.0,,,1
2025-09-03T15:06:45,static,1,57.46,0.0,302.54,0.0,122.54,180.0,61.27,90.0,1242.0,1402.3,13.0267833,77.5633613,954.7,13.0267414,77.5632939,956.76,0.0,0.0,,,1
2025-09-03T15:06:45,static,1,57.46,0.0,302.54,0.0,122.54,180.0,61.27,90.0,1242.0,1402.3,13.0267833,77.5633613,954.7,13.0267414,77.5632939,956.76,0.0,0.0,,,1
2025-09-03T15:06:45,static,1,57.46,0.0,302.54,0.0,122.54,180.0,61.27,90.0,1242.0,1402.3,13.0267833,77.5633613,954.7,13.0267414,77.5632939,956.76,0.0,0.0,,,1
2025-09-03T15:06:45,static,1,57.71,0.0,302.29,0.0,122.29,180.0,61.145,90.0,1241.3,1402.3,13.0267832,77.5633618,954.72,13.0267414,77.5632939,956.76,0.0,0.0,,,1
2025-09-03T15:06:46,static,1,57.89,0.0,302.11,0.0,122.11,180.0,61.055,90.0,1240.8,1402.3,13.0267831,77.5633621,954.73,13.0267414,77.5632939,956.76,0.0,0.0,,,1
2025-09-03T15:06:46,static,1,57.89,0.0,302.11,0.0,122.11,180.0,61.055,90.0,1240.8,1402.3,13.0267831,77.5633621,954.73,13.0267414,77.5632939,956.76,0.0,0.0,,,1
2025-09-03T15:06:46,static,1,59.06,0.0,300.94,0.0,120.94,180.0,60.47,90.0,1237.5,1402.3,13.0267807,77.5633612,941.19,13.0267414,77.5632939,956.76,0.0,0.0,,,1
2025-09-03T15:06:46,static,1,58.45,0.0,301.55,0.0,121.55,180.0,60.775,90.0,1239.2,1402.3,13.0267825,77.5633626,954.73,13.0267414,77.5632939,956.76,0.0,0.0,,,1
2025-09-03T15:06:46,static,1,58.65,0.0,301.35,0.0,121.35,180.0,60.675,90.0,1238.7,1402.3,13.0267823,77.5633628,954.72,13.0267414,77.5632939,956.76,0.0,0.0,,,1
2025-09-03T15:06:46,static,1,58.84,0.0,301.16,0.0,121.16,180.0,60.58,90.0,1238.1,1402.3,13.0267821,77.563363,954.72,13.0267414,77.5632939,956.76,0.0,0.0,,,1
2025-09-03T15:06:46,static,1,58.84,0.0,301.16,0.0,121.16,180.0,60.58,90.0,1238.1,1402.3,13.0267821,77.563363,954.72,13.0267414,77.5632939,956.76,0.0,0.0,,,1
2025-09-03T15:06:46,static,1,59.33,0.0,300.67,0.0,120.67,180.0,60.335,90.0,1236.8,1402.3,13.0267815,77.5633633,954.71,13.0267414,77.5632939,956.76,0.0,0.0,,,1
2025-09-03T15:06:46,static,1,59.33,0.0,300.67,0.0,120.67,180.0,60.335,90.0,1236.8,1402.3,13.0267815,77.5633633,954.71,13.0267414,77.5632939,956.76,0.0,0.0,,,1
2025-09-03T15:06:46,static,1,59.33,0.0,300.67,0.0,120.67,180.0,60.335,90.0,1236.8,1402.3,13.0267815,77.5633633,954.71,13.0267414,77.5632939,956.76,0.0,0.0,,,1
2025-09-03T15:06:46,static,1,59.89,0.0,300.11,0.0,120.11,180.0,60.055,90.0,1235.2,1402.3,13.0267809,77.5633638,954.71,13.0267414,77.5632939,956.76,0.0,0.0,,,1
2025-09-03T15:06:46,static,1,59.89,0.0,300.11,0.0,120.11,180.0,60.055,90.0,1235.2,1402.3,13.0267809,77.5633638,954.71,13.0267414,77.5632939,956.76,0.0,0.0,,,1
2025-09-03T15:06:46,static,1,60.76,0.0,299.24,0.0,119.24,180.0,59.62,90.0,1232.8,1402.3,13.0267798,77.5633643,954.73,13.0267414,77.5632939,956.76,0.0,0.0,,,1
2025-09-03T15:06:46,static,1,60.76,0.0,299.24,0.0,119.24,180.0,59.62,90.0,1232.8,1402.3,13.0267798,77.5633643,954.73,13.0267414,77.5632939,956.76,0.0,0.0,,,1
2025-09-03T15:06:46,static,1,61.33,0.0,298.67,0.0,118.67,180.0,59.335,90.0,1231.2,1402.3,13.0267789,77.5633643,954.75,13.0267414,77.5632939,956.76,0.0,0.0,,,1
2025-09-03T15:06:46,static,1,61.33,0.0,298.67,0.0,118.67,180.0,59.335,90.0,1231.2,1402.3,13.0267789,77.5633643,954.75,13.0267414,77.5632939,956.76,0.0,0.0,,,1
2025-09-03T15:06:46,static,1,62.62,0.0,297.38,0.0,117.38,180.0,58.69,90.0,1227.6,1402.3,13.0267752,77.5633609,941.11,13.0267414,77.5632939,956.76,0.0,0.0,,,1
2025-09-03T15:06:46,static,1,62.62,0.0,297.38,0.0,117.38,180.0,58.69,90.0,1227.6,1402.3,13.0267752,77.5633609,941.11,13.0267414,77.5632939,956.76,0.0,0.0,,,1
2025-09-03T15:06:46,static,1,62.37,0.0,297.63,0.0,117.63,180.0,58.815,90.0,1228.3,1402.3,13.0267773,77.5633643,954.77,13.0267414,77.5632939,956.76,0.0,0.0,,,1
2025-09-03T15:06:46,static,1,62.37,0.0,297.63,0.0,117.63,180.0,58.815,90.0,1228.3,1402.3,13.0267773,77.5633643,954.77,13.0267414,77.5632939,956.76,0.0,0.0,,,1
2025-09-03T15:06:47,static,1,62.37,0.0,297.63,0.0,117.63,180.0,58.815,90.0,1228.3,1402.3,13.0267773,77.5633643,954.77,13.0267414,77.5632939,956.76,0.0,0.0,,,1
2025-09-03T15:06:47,static,1,63.06,0.0,296.94,0.0,116.94,180.0,58.47,90.0,1226.3,1402.3,13.0267762,77.5633642,954.77,13.0267414,77.5632939,956.76,0.0,0.0,,,1
2025-09-03T15:06:47,static,1,63.57,0.0,296.43,0.0,116.43,180.0,58.215,90.0,1224.9,1402.3,13.0267754,77.5633641,954.75,13.0267414,77.5632939,956.76,0.0,0.0,,,1
2025-09-03T15:06:47,static,1,63.57,0.0,296.43,0.0,116.43,180.0,58.215,90.0,1224.9,1402.3,13.0267754,77.5633641,954.75,13.0267414,77.5632939,956.76,0.0,0.0,,,1
2025-09-03T15:06:47,static,1,63.57,0.0,296.43,0.0,116.43,180.0,58.215,90.0,1224.9,1402.3,13.0267754,77.5633641,954.75,13.0267414,77.5632939,956.76,0.0,0.0,,,1
2025-09-03T15:06:47,static,1,64.28,0.0,295.72,0.0,115.72,180.0,57.86,90.0,1222.9,1402.3,13.0267743,77.563364,954.76,13.0267414,77.5632939,956.76,0.0,0.0,,,1
2025-09-03T15:06:47,static,1,64.28,0.0,295.72,0.0,115.72,180.0,57.86,90.0,1222.9,1402.3,13.0267743,77.563364,954.76,13.0267414,77.5632939,956.76,0.0,0.0,,,1
2025-09-03T15:06:47,static,1,64.76,0.0,295.24,0.0,115.24,180.0,57.62,90.0,1221.6,1402.3,13.0267736,77.563364,954.78,13.0267414,77.5632939,956.76,0.0,0.0,,,1
2025-09-03T15:06:47,static,1,64.76,0.0,295.24,0.0,115.24,180.0,57.62,90.0,1221.6,1402.3,13.0267736,77.563364,954.78,13.0267414,77.5632939,956.76,0.0,0.0,,,1
2025-09-03T15:06:47,static,1,64.76,0.0,295.24,0.0,115.24,180.0,57.62,90.0,1221.6,1402.3,13.0267736,77.563364,954.78,13.0267414,77.5632939,956.76,0.0,0.0,,,1
2025-09-03T15:06:47,static,1,65.45,0.0,294.55,0.0,114.55,180.0,57.275,90.0,1219.7,1402.3,13.0267726,77.563364,954.79,13.0267414,77.5632939,956.76,0.0,0.0,,,1
2025-09-03T15:06:47,static,1,65.45,0.0,294.55,0.0,114.55,180.0,57.275,90.0,1219.7,1402.3,13.0267726,77.563364,954.79,13.0267414,77.5632939,956.76,0.0,0.0,,,1
2025-09-03T15:06:47,static,1,66.53,0.0,293.47,0.0,113.47,180.0,56.735,90.0,1216.7,1402.3,13.0267711,77.5633641,954.77,13.0267414,77.5632939,956.76,0.0,0.0,,,1
2025-09-03T15:06:47,static,1,66.53,0.0,293.47,0.0,113.47,180.0,56.735,90.0,1216.7,1402.3,13.0267711,77.5633641,954.77,13.0267414,77.5632939,956.76,0.0,0.0,,,1
2025-09-03T15:06:47,static,1,67.34,0.0,292.66,0.0,112.66,180.0,56.33,90.0,1214.4,1402.3,13.02677,77.5633642,954.75,13.0267414,77.5632939,956.76,0.0,0.0,,,1
2025-09-03T15:06:47,static,1,67.34,0.0,292.66,0.0,112.66,180.0,56.33,90.0,1214.4,1402.3,13.02677,77.5633642,954.75,13.0267414,77.5632939,956.76,0.0,0.0,,,1
2025-09-03T15:06:47,static,1,68.18,0.0,291.82,0.0,111.82,180.0,55.91,90.0,1212.1,1402.3,13.0267689,77.5633644,954.74,13.0267414,77.5632939,956.76,0.0,0.0,,,1
2025-09-03T15:06:47,static,1,68.18,0.0,291.82,0.0,111.82,180.0,55.91,90.0,1212.1,1402.3,13.0267689,77.5633644,954.74,13.0267414,77.5632939,956.76,0.0,0.0,,,1
2025-09-03T15:06:47,static,1,69.02,0.0,290.98,0.0,110.98,180.0,55.49,90.0,1209.7,1402.3,13.0267677,77.5633643,954.75,13.0267414,77.5632939,956.76,0.0,0.0,,,1
2025-09-03T15:06:48,static,1,69.02,0.0,290.98,0.0,110.98,180.0,55.49,90.0,1209.7,1402.3,13.0267677,77.5633643,954.75,13.0267414,77.5632939,956.76,0.0,0.0,,,1
2025-09-03T15:06:48,static,1,69.02,0.0,290.98,0.0,110.98,180.0,55.49,90.0,1209.7,1402.3,13.0267677,77.5633643,954.75,13.0267414,77.5632939,956.76,0.0,0.0,,,1
2025-09-03T15:06:48,static,1,70.29,0.0,289.71,0.0,109.71,180.0,54.855,90.0,1206.2,1402.3,13.0267659,77.5633641,954.78,13.0267414,77.5632939,956.76,0.0,0.0,,,1
2025-09-03T15:06:48,static,1,70.29,0.0,289.71,0.0,109.71,180.0,54.855,90.0,1206.2,1402.3,13.0267659,77.5633641,954.78,13.0267414,77.5632939,956.76,0.0,0.0,,,1
2025-09-03T15:06:48,static,1,71.06,0.0,288.94,0.0,108.94,180.0,54.47,90.0,1204.0,1402.3,13.0267648,77.5633639,954.78,13.0267414,77.5632939,956.76,0.0,0.0,,,1
2025-09-03T15:06:48,static,1,71.06,0.0,288.94,0.0,108.94,180.0,54.47,90.0,1204.0,1402.3,13.0267648,77.5633639,954.78,13.0267414,77.5632939,956.76,0.0,0.0,,,1
2025-09-03T15:06:48,static,1,71.9,0.0,288.1,0.0,108.1,180.0,54.05,90.0,1201.7,1402.3,13.0267636,77.5633636,954.77,13.0267414,77.5632939,956.76,0.0,0.0,,,1
2025-09-03T15:06:48,static,1,71.9,0.0,288.1,0.0,108.1,180.0,54.05,90.0,1201.7,1402.3,13.0267636,77.5633636,954.77,13.0267414,77.5632939,956.76,0.0,0.0,,,1
2025-09-03T15:06:48,static,1,72.25,0.0,287.75,0.0,107.75,180.0,53.875,90.0,1200.7,1402.3,13.0267631,77.5633635,954.75,13.0267414,77.5632939,956.76,0.0,0.0,,,1
2025-09-03T15:06:48,static,1,73.06,0.0,286.94,0.0,106.94,180.0,53.47,90.0,1198.4,1402.3,13.0267611,77.5633603,941.0,13.0267414,77.5632939,956.76,0.0,0.0,,,1
2025-09-03T15:06:48,static,1,73.0,0.0,287.0,0.0,107.0,180.0,53.5,90.0,1198.6,1402.3,13.0267621,77.5633634,954.72,13.0267414,77.5632939,956.76,0.0,0.0,,,1
2025-09-03T15:06:48,static,1,73.81,0.0,286.19,0.0,106.19,180.0,53.095,90.0,1196.3,1402.3,13.026761,77.5633632,954.71,13.0267414,77.5632939,956.76,0.0,0.0,,,1
2025-09-03T15:06:48,static,1,73.81,0.0,286.19,0.0,106.19,180.0,53.095,90.0,1196.3,1402.3,13.026761,77.5633632,954.71,13.0267414,77.5632939,956.76,0.0,0.0,,,1
2025-09-03T15:06:48,static,1,74.63,0.0,285.37,0.0,105.37,180.0,52.685,90.0,1194.1,1402.3,13.0267599,77.563363,954.72,13.0267414,77.5632939,956.76,0.0,0.0,,,1
2025-09-03T15:06:48,static,1,74.63,0.0,285.37,0.0,105.37,180.0,52.685,90.0,1194.1,1402.3,13.0267599,77.563363,954.72,13.0267414,77.5632939,956.76,0.0,0.0,,,1
2025-09-03T15:06:48,static,1,75.47,0.0,284.53,0.0,104.53,180.0,52.265,90.0,1191.7,1402.3,13.0267588,77.5633628,954.73,13.0267414,77.5632939,956.76,0.0,0.0,,,1
2025-09-03T15:06:48,static,1,75.47,0.0,284.53,0.0,104.53,180.0,52.265,90.0,1191.7,1402.3,13.0267588,77.5633628,954.73,13.0267414,77.5632939,956.76,0.0,0.0,,,1
2025-09-03T15:06:48,static,1,76.72,0.0,283.28,0.0,103.28,180.0,51.64,90.0,1188.2,1402.3,13.0267572,77.5633626,954.71,13.0267414,77.5632939,956.76,0.0,0.0,,,1
2025-09-03T15:06:48,static,1,76.72,0.0,283.28,0.0,103.28,180.0,51.64,90.0,1188.2,1402.3,13.0267572,77.5633626,954.71,13.0267414,77.5632939,956.76,0.0,0.0,,,1
2025-09-03T15:06:49,static,1,77.61,0.0,282.39,0.0,102.39,180.0,51.195,90.0,1185.7,1402.3,13.0267561,77.5633626,954.67,13.0267414,77.5632939,956.76,0.0,0.0,,,1
2025-09-03T15:06:49,static,1,77.61,0.0,282.39,0.0,102.39,180.0,51.195,90.0,1185.7,1402.3,13.0267561,77.5633626,954.67,13.0267414,77.5632939,956.76,0.0,0.0,,,1
2025-09-03T15:06:49,static,1,77.61,0.0,282.39,0.0,102.39,180.0,51.195,90.0,1185.7,1402.3,13.0267561,77.5633626,954.67,13.0267414,77.5632939,956.76,0.0,0.0,,,1
2025-09-03T15:06:49,static,1,79.09,0.0,280.91,0.0,100.91,180.0,50.455,90.0,1181.6,1402.3,13.0267543,77.5633626,954.65,13.0267414,77.5632939,956.76,0.0,0.0,,,1
2025-09-03T15:06:49,static,1,79.09,0.0,280.91,0.0,100.91,180.0,50.455,90.0,1181.6,1402.3,13.0267543,77.5633626,954.65,13.0267414,77.5632939,956.76,0.0,0.0,,,1
2025-09-03T15:06:49,static,1,80.07,0.0,279.93,0.0,99.93,180.0,49.965,90.0,1178.9,1402.3,13.0267531,77.5633625,954.66,13.0267414,77.5632939,956.76,0.0,0.0,,,1
2025-09-03T15:06:49,static,1,80.07,0.0,279.93,0.0,99.93,180.0,49.965,90.0,1178.9,1402.3,13.0267531,77.5633625,954.66,13.0267414,77.5632939,956.76,0.0,0.0,,,1
2025-09-03T15:06:49,static,1,81.05,0.0,278.95,0.0,98.95,180.0,49.475,90.0,1176.1,1402.3,13.0267519,77.5633623,954.69,13.0267414,77.5632939,956.76,0.0,0.0,,,1
2025-09-03T15:06:49,static,1,81.05,0.0,278.95,0.0,98.95,180.0,49.475,90.0,1176.1,1402.3,13.0267519,77.5633623,954.69,13.0267414,77.5632939,956.76,0.0,0.0,,,1
2025-09-03T15:06:49,static,1,81.05,0.0,278.95,0.0,98.95,180.0,49.475,90.0,1176.1,1402.3,13.0267519,77.5633623,954.69,13.0267414,77.5632939,956.76,0.0,0.0,,,1
2025-09-03T15:06:49,static,1,82.43,0.0,277.57,0.0,97.57,180.0,48.785,90.0,1172.3,1402.3,13.0267502,77.5633619,954.7,13.0267414,77.5632939,956.76,0.0,0.0,,,1
2025-09-03T15:06:49,static,1,83.44,0.0,276.56,0.0,96.56,180.0,48.28,90.0,1169.5,1402.3,13.026749,77.5633617,954.69,13.0267414,77.5632939,956.76,0.0,0.0,,,1
2025-09-03T15:06:49,static,1,83.44,0.0,276.56,0.0,96.56,180.0,48.28,90.0,1169.5,1402.3,13.026749,77.5633617,954.69,13.0267414,77.5632939,956.76,0.0,0.0,,,1
2025-09-03T15:06:49,static,1,83.44,0.0,276.56,0.0,96.56,180.0,48.28,90.0,1169.5,1402.3,13.026749,77.5633617,954.69,13.0267414,77.5632939,956.76,0.0,0.0,,,1
2025-09-03T15:06:49,static,1,83.44,0.0,276.56,0.0,96.56,180.0,48.28,90.0,1169.5,1402.3,13.026749,77.5633617,954.69,13.0267414,77.5632939,956.76,0.0,0.0,,,1
2025-09-03T15:06:49,static,1,83.44,0.0,276.56,0.0,96.56,180.0,48.28,90.0,1169.5,1402.3,13.026749,77.5633617,954.69,13.0267414,77.5632939,956.76,0.0,0.0,,,1
2025-09-03T15:06:49,static,1,84.69,0.0,275.31,0.0,95.31,180.0,47.655,90.0,1166.0,1402.3,13.0267474,77.5633601,940.96,13.0267414,77.5632939,956.76,0.0,0.0,,,1
2025-09-03T15:06:49,static,1,84.69,0.0,275.31,0.0,95.31,180.0,47.655,90.0,1166.0,1402.3,13.0267474,77.5633601,940.96,13.0267414,77.5632939,956.76,0.0,0.0,,,1
2025-09-03T15:06:49,static,1,86.24,0.0,273.76,0.0,93.76,180.0,46.88,90.0,1161.7,1402.3,13.0267457,77.563361,954.7,13.0267414,77.5632939,956.76,0.0,0.0,,,1
2025-09-03T15:06:50,static,1,86.24,0.0,273.76,0.0,93.76,180.0,46.88,90.0,1161.7,1402.3,13.0267457,77.563361,954.7,13.0267414,77.5632939,956.76,0.0,0.0,,,1
2025-09-03T15:06:50,static,1,87.72,0.0,272.28,0.0,92.28,180.0,46.14,90.0,1157.5,1402.3,13.026744,77.5633608,954.71,13.0267414,77.5632939,956.76,0.0,0.0,,,1
2025-09-03T15:06:50,static,1,87.72,0.0,272.28,0.0,92.28,180.0,46.14,90.0,1157.5,1402.3,13.026744,77.5633608,954.71,13.0267414,77.5632939,956.76,0.0,0.0,,,1
2025-09-03T15:06:50,static,1,88.77,0.0,271.23,0.0,91.23,180.0,45.615,90.0,1154.6,1402.3,13.0267428,77.5633607,954.69,13.0267414,77.5632939,956.76,0.0,0.0,,,1
2025-09-03T15:06:50,static,1,88.77,0.0,271.23,0.0,91.23,180.0,45.615,90.0,1154.6,1402.3,13.0267428,77.5633607,954.69,13.0267414,77.5632939,956.76,0.0,0.0,,,1
2025-09-03T15:06:50,static,1,89.3,0.0,270.7,0.0,90.7,180.0,45.35,90.0,1153.1,1402.3,13.0267422,77.5633607,954.68,13.0267414,77.5632939,956.76,0.0,0.0,,,1
2025-09-03T15:06:50,static,1,90.26,0.0,269.74,0.0,89.74,180.0,44.87,90.0,1150.4,1402.3,13.0267411,77.5633608,954.66,13.0267414,77.5632939,956.76,0.0,0.0,,,1
2025-09-03T15:06:50,static,1,91.32,0.0,268.68,0.0,88.68,180.0,44.34,90.0,1147.5,1402.3,13.0267399,77.5633608,954.66,13.0267414,77.5632939,956.76,0.0,0.0,,,1
2025-09-03T15:06:50,static,1,91.32,0.0,268.68,0.0,88.68,180.0,44.34,90.0,1147.5,1402.3,13.0267399,77.5633608,954.66,13.0267414,77.5632939,956.76,0.0,0.0,,,1
2025-09-03T15:06:50,static,1,91.32,0.0,268.68,0.0,88.68,180.0,44.34,90.0,1147.5,1402.3,13.0267399,77.5633608,954.66,13.0267414,77.5632939,956.76,0.0,0.0,,,1
2025-09-03T15:06:50,static,1,92.46,0.0,267.54,0.0,87.54,180.0,43.77,90.0,1144.3,1402.3,13.0267386,77.5633607,954.68,13.0267414,77.5632939,956.76,0.0,0.0,,,1
2025-09-03T15:06:50,static,1,92.46,0.0,267.54,0.0,87.54,180.0,43.77,90.0,1144.3,1402.3,13.0267386,77.5633607,954.68,13.0267414,77.5632939,956.76,0.0,0.0,,,1
2025-09-03T15:06:50,static,1,91.61,0.0,268.39,0.0,88.39,180.0,44.195,90.0,1146.7,1402.3,13.0267396,77.5633596,940.93,13.0267414,77.5632939,956.76,0.0,0.0,,,1
2025-09-03T15:06:50,static,1,91.61,0.0,268.39,0.0,88.39,180.0,44.195,90.0,1146.7,1402.3,13.0267396,77.5633596,940.93,13.0267414,77.5632939,956.76,0.0,0.0,,,1
2025-09-03T15:06:50,static,1,95.05,0.0,264.95,0.0,84.95,180.0,42.475,90.0,1137.1,1402.3,13.0267357,77.5633601,954.69,13.0267414,77.5632939,956.76,0.0,0.0,,,1
2025-09-03T15:06:50,static,1,95.05,0.0,264.95,0.0,84.95,180.0,42.475,90.0,1137.1,1402.3,13.0267357,77.5633601,954.69,13.0267414,77.5632939,956.76,0.0,0.0,,,1
2025-09-03T15:06:50,static,1,96.13,0.0,263.87,0.0,83.87,180.0,41.935,90.0,1134.1,1402.3,13.0267345,77.5633598,954.66,13.0267414,77.5632939,956.76,0.0,0.0,,,1
2025-09-03T15:06:50,static,1,96.13,0.0,263.87,0.0,83.87,180.0,41.935,90.0,1134.1,1402.3,13.0267345,77.5633598,954.66,13.0267414,77.5632939,956.76,0.0,0.0,,,1
2025-09-03T15:06:50,static,1,97.04,0.0,262.96,0.0,82.96,180.0,41.48,90.0,1131.5,1402.3,13.0267335,77.5633596,954.63,13.0267414,77.5632939,956.76,0.0,0.0,,,1
2025-09-03T15:06:51,static,1,97.04,0.0,262.96,0.0,82.96,180.0,41.48,90.0,1131.5,1402.3,13.0267335,77.5633596,954.63,13.0267414,77.5632939,956.76,0.0,0.0,,,1
2025-09-03T15:06:51,static,1,97.04,0.0,262.96,0.0,82.96,180.0,41.48,90.0,1131.5,1402.3,13.0267335,77.5633596,954.63,13.0267414,77.5632939,956.76,0.0,0.0,,,1
2025-09-03T15:06:51,static,1,98.4,0.0,261.6,0.0,81.6,180.0,40.8,90.0,1127.7,1402.3,13.026732,77.5633592,954.63,13.0267414,77.5632939,956.76,0.0,0.0,,,1
2025-09-03T15:06:51,static,1,98.4,0.0,261.6,0.0,81.6,180.0,40.8,90.0,1127.7,1402.3,13.026732,77.5633592,954.63,13.0267414,77.5632939,956.76,0.0,0.0,,,1
2025-09-03T15:06:51,static,1,99.5,0.0,260.5,0.0,80.5,180.0,40.25,90.0,1124.7,1402.3,13.0267308,77.5633589,954.64,13.0267414,77.5632939,956.76,0.0,0.0,,,1
2025-09-03T15:06:51,static,1,99.5,0.0,260.5,0.0,80.5,180.0,40.25,90.0,1124.7,1402.3,13.0267308,77.5633589,954.64,13.0267414,77.5632939,956.76,0.0,0.0,,,1
2025-09-03T15:06:51,static,1,99.5,0.0,260.5,0.0,80.5,180.0,40.25,90.0,1124.7,1402.3,13.0267308,77.5633589,954.64,13.0267414,77.5632939,956.76,0.0,0.0,,,1
2025-09-03T15:06:51,static,1,99.5,0.0,260.5,0.0,80.5,180.0,40.25,90.0,1124.7,1402.3,13.0267308,77.5633589,954.64,13.0267414,77.5632939,956.76,0.0,0.0,,,1
2025-09-03T15:06:51,static,1,99.5,0.0,260.5,0.0,80.5,180.0,40.25,90.0,1124.7,1402.3,13.0267308,77.5633589,954.64,13.0267414,77.5632939,956.76,0.0,0.0,,,1
2025-09-03T15:06:51,static,1,101.95,0.0,258.05,0.0,78.05,180.0,39.025,90.0,1117.8,1402.3,13.0267281,77.5633584,954.6,13.0267414,77.5632939,956.76,0.0,0.0,,,1
2025-09-03T15:06:51,static,1,102.93,0.0,257.07,0.0,77.07,180.0,38.535,90.0,1115.1,1402.3,13.026727,77.5633583,954.59,13.0267414,77.5632939,956.76,0.0,0.0,,,1
2025-09-03T15:06:51,static,1,102.93,0.0,257.07,0.0,77.07,180.0,38.535,90.0,1115.1,1402.3,13.026727,77.5633583,954.59,13.0267414,77.5632939,956.76,0.0,0.0,,,1
2025-09-03T15:06:51,static,1,102.93,0.0,257.07,0.0,77.07,180.0,38.535,90.0,1115.1,1402.3,13.026727,77.5633583,954.59,13.0267414,77.5632939,956.76,0.0,0.0,,,1
2025-09-03T15:06:51,static,1,103.92,0.0,256.08,0.0,76.08,180.0,38.04,90.0,1112.3,1402.3,13.0267259,77.5633581,954.6,13.0267414,77.5632939,956.76,0.0,0.0,,,1
2025-09-03T15:06:51,static,1,104.39,0.0,255.61,0.0,75.61,180.0,37.805,90.0,1111.0,1402.3,13.0267254,77.5633579,954.61,13.0267414,77.5632939,956.76,0.0,0.0,,,1
2025-09-03T15:06:51,static,1,104.95,0.0,255.05,0.0,75.05,180.0,37.525,90.0,1109.4,1402.3,13.0267248,77.5633577,954.63,13.0267414,77.5632939,956.76,0.0,0.0,,,1
2025-09-03T15:06:51,static,1,104.95,0.0,255.05,0.0,75.05,180.0,37.525,90.0,1109.4,1402.3,13.0267248,77.5633577,954.63,13.0267414,77.5632939,956.76,0.0,0.0,,,1
2025-09-03T15:06:51,static,1,106.38,0.0,253.62,0.0,73.62,180.0,36.81,90.0,1105.5,1402.3,13.0267233,77.5633571,954.66,13.0267414,77.5632939,956.76,0.0,0.0,,,1
2025-09-03T15:06:51,static,1,106.38,0.0,253.62,0.0,73.62,180.0,36.81,90.0,1105.5,1402.3,13.0267233,77.5633571,954.66,13.0267414,77.5632939,956.76,0.0,0.0,,,1
2025-09-03T15:06:52,static,1,107.25,0.0,252.75,0.0,72.75,180.0,36.375,90.0,1103.0,1402.3,13.0267224,77.5633567,954.66,13.0267414,77.5632939,956.76,0.0,0.0,,,1
2025-09-03T15:06:52,static,1,107.25,0.0,252.75,0.0,72.75,180.0,36.375,90.0,1103.0,1402.3,13.0267224,77.5633567,954.66,13.0267414,77.5632939,956.76,0.0,0.0,,,1
2025-09-03T15:06:52,static,1,107.25,0.0,252.75,0.0,72.75,180.0,36.375,90.0,1103.0,1402.3,13.0267224,77.5633567,954.66,13.0267414,77.5632939,956.76,0.0,0.0,,,1
2025-09-03T15:06:52,static,1,108.52,0.0,251.48,0.0,71.48,180.0,35.74,90.0,1099.5,1402.3,13.0267211,77.5633561,954.62,13.0267414,77.5632939,956.76,0.0,0.0,,,1
2025-09-03T15:06:52,static,1,108.52,0.0,251.48,0.0,71.48,180.0,35.74,90.0,1099.5,1402.3,13.0267211,77.5633561,954.62,13.0267414,77.5632939,956.76,0.0,0.0,,,1
2025-09-03T15:06:52,static,1,109.4,0.0,250.6,0.0,70.6,180.0,35.3,90.0,1097.0,1402.3,13.0267202,77.5633557,954.63,13.0267414,77.5632939,956.76,0.0,0.0,,,1
2025-09-03T15:06:52,static,1,109.4,0.0,250.6,0.0,70.6,180.0,35.3,90.0,1097.0,1402.3,13.0267202,77.5633557,954.63,13.0267414,77.5632939,956.76,0.0,0.0,,,1
2025-09-03T15:06:52,static,1,110.36,0.0,249.64,0.0,69.64,180.0,34.82,90.0,1094.3,1402.3,13.0267192,77.5633553,954.65,13.0267414,77.5632939,956.76,0.0,0.0,,,1
2025-09-03T15:06:52,static,1,110.36,0.0,249.64,0.0,69.64,180.0,34.82,90.0,1094.3,1402.3,13.0267192,77.5633553,954.65,13.0267414,77.5632939,956.76,0.0,0.0,,,1
2025-09-03T15:06:52,static,1,111.32,0.0,248.68,0.0,68.68,180.0,34.34,90.0,1091.7,1402.3,13.0267182,77.5633549,954.66,13.0267414,77.5632939,956.76,0.0,0.0,,,1
2025-09-03T15:06:52,static,1,111.32,0.0,248.68,0.0,68.68,180.0,34.34,90.0,1091.7,1402.3,13.0267182,77.5633549,954.66,13.0267414,77.5632939,956.76,0.0,0.0,,,1
2025-09-03T15:06:52,static,1,112.57,0.0,247.43,0.0,67.43,180.0,33.715,90.0,1088.2,1402.3,13.0267169,77.5633544,954.65,13.0267414,77.5632939,956.76,0.0,0.0,,,1
2025-09-03T15:06:52,static,1,112.57,0.0,247.43,0.0,67.43,180.0,33.715,90.0,1088.2,1402.3,13.0267169,77.5633544,954.65,13.0267414,77.5632939,956.76,0.0,0.0,,,1
2025-09-03T15:06:52,static,1,113.38,0.0,246.62,0.0,66.62,180.0,33.31,90.0,1085.9,1402.3,13.026716,77.5633542,954.62,13.0267414,77.5632939,956.76,0.0,0.0,,,1
2025-09-03T15:06:52,static,1,113.38,0.0,246.62,0.0,66.62,180.0,33.31,90.0,1085.9,1402.3,13.026716,77.5633542,954.62,13.0267414,77.5632939,956.76,0.0,0.0,,,1
2025-09-03T15:06:52,static,1,111.28,0.0,248.72,0.0,68.72,180.0,34.36,90.0,1091.8,1402.3,13.0267184,77.5633545,940.87,13.0267414,77.5632939,956.76,0.0,0.0,,,1
2025-09-03T15:06:52,static,1,111.28,0.0,248.72,0.0,68.72,180.0,34.36,90.0,1091.8,1402.3,13.0267184,77.5633545,940.87,13.0267414,77.5632939,956.76,0.0,0.0,,,1
2025-09-03T15:06:52,static,1,115.19,0.0,244.81,0.0,64.81,180.0,32.405,90.0,1080.9,1402.3,13.026714,77.5633537,954.62,13.0267414,77.5632939,956.76,0.0,0.0,,,1
2025-09-03T15:06:52,static,1,115.19,0.0,244.81,0.0,64.81,180.0,32.405,90.0,1080.9,1402.3,13.026714,77.5633537,954.62,13.0267414,77.5632939,956.76,0.0,0.0,,,1
2025-09-03T15:06:53,static,1,115.19,0.0,244.81,0.0,64.81,180.0,32.405,90.0,1080.9,1402.3,13.026714,77.5633537,954.62,13.0267414,77.5632939,956.76,0.0,0.0,,,1
2025-09-03T15:06:53,static,1,116.53,0.0,243.47,0.0,63.47,180.0,31.735,90.0,1077.1,1402.3,13.0267126,77.5633531,954.65,13.0267414,77.5632939,956.76,0.0,0.0,,,1
2025-09-03T15:06:53,static,1,117.05,0.0,242.95,0.0,62.95,180.0,31.475,90.0,1075.7,1402.3,13.0267121,77.5633528,954.66,13.0267414,77.5632939,956.76,0.0,0.0,,,1
2025-09-03T15:06:53,static,1,117.44,0.0,242.56,0.0,62.56,180.0,31.28,90.0,1074.6,1402.3,13.0267117,77.5633526,954.65,13.0267414,77.5632939,956.76,0.0,0.0,,,1
2025-09-03T15:06:53,static,1,117.44,0.0,242.56,0.0,62.56,180.0,31.28,90.0,1074.6,1402.3,13.0267117,77.5633526,954.65,13.0267414,77.5632939,956.76,0.0,0.0,,,1
2025-09-03T15:06:53,static,1,118.83,0.0,241.17,0.0,61.17,180.0,30.585,90.0,1070.7,1402.3,13.0267103,77.5633519,954.61,13.0267414,77.5632939,956.76,0.0,0.0,,,1
2025-09-03T15:06:53,static,1,118.83,0.0,241.17,0.0,61.17,180.0,30.585,90.0,1070.7,1402.3,13.0267103,77.5633519,954.61,13.0267414,77.5632939,956.76,0.0,0.0,,,1
2025-09-03T15:06:53,static,1,119.62,0.0,240.38,0.0,60.38,180.0,30.19,90.0,1068.5,1402.3,13.0267095,77.5633515,954.6,13.0267414,77.5632939,956.76,0.0,0.0,,,1
2025-09-03T15:06:53,static,1,119.62,0.0,240.38,0.0,60.38,180.0,30.19,90.0,1068.5,1402.3,13.0267095,77.5633515,954.6,13.0267414,77.5632939,956.76,0.0,0.0,,,1
2025-09-03T15:06:53,static,1,116.85,0.0,243.15,0.0,63.15,180.0,31.575,90.0,1076.2,1402.3,13.0267126,77.5633523,940.85,13.0267414,77.5632939,956.76,0.0,0.0,,,1
2025-09-03T15:06:53,static,1,120.33,0.0,239.67,0.0,59.67,180.0,29.835,90.0,1066.5,1402.3,13.0267088,77.5633511,954.6,13.0267414,77.5632939,956.76,0.0,0.0,,,1
2025-09-03T15:06:53,static,1,120.33,0.0,239.67,0.0,59.67,180.0,29.835,90.0,1066.5,1402.3,13.0267088,77.5633511,954.6,13.0267414,77.5632939,956.76,0.0,0.0,,,1
2025-09-03T15:06:53,static,1,118.56,0.0,241.44,0.0,61.44,180.0,30.72,90.0,1071.5,1402.3,13.0267107,77.5633518,940.87,13.0267414,77.5632939,956.76,0.0,0.0,,,1
2025-09-03T15:06:53,static,1,118.56,0.0,241.44,0.0,61.44,180.0,30.72,90.0,1071.5,1402.3,13.0267107,77.5633518,940.87,13.0267414,77.5632939,956.76,0.0,0.0,,,1
2025-09-03T15:06:53,static,1,122.2,0.0,237.8,0.0,57.8,180.0,28.9,90.0,1061.3,1402.3,13.0267068,77.5633503,954.61,13.0267414,77.5632939,956.76,0.0,0.0,,,1
2025-09-03T15:06:53,static,1,122.2,0.0,237.8,0.0,57.8,180.0,28.9,90.0,1061.3,1402.3,13.0267068,77.5633503,954.61,13.0267414,77.5632939,956.76,0.0,0.0,,,1
2025-09-03T15:06:53,static,1,123.0,0.0,237.0,0.0,57.0,180.0,28.5,90.0,1059.1,1402.3,13.0267059,77.56335,954.6,13.0267414,77.5632939,956.76,0.0,0.0,,,1
2025-09-03T15:06:53,static,1,123.0,0.0,237.0,0.0,57.0,180.0,28.5,90.0,1059.1,1402.3,13.0267059,77.56335,954.6,13.0267414,77.5632939,956.76,0.0,0.0,,,1
2025-09-03T15:06:53,static,1,123.78,0.0,236.22,0.0,56.22,180.0,28.11,90.0,1056.9,1402.3,13.0267049,77.5633499,954.59,13.0267414,77.5632939,956.76,0.0,0.0,,,1
2025-09-03T15:06:54,static,1,123.78,0.0,236.22,0.0,56.22,180.0,28.11,90.0,1056.9,1402.3,13.0267049,77.5633499,954.59,13.0267414,77.5632939,956.76,0.0,0.0,,,1
2025-09-03T15:06:54,static,1,123.78,0.0,236.22,0.0,56.22,180.0,28.11,90.0,1056.9,1402.3,13.0267049,77.5633499,954.59,13.0267414,77.5632939,956.76,0.0,0.0,,,1
2025-09-03T15:06:54,static,1,124.86,0.0,235.14,0.0,55.14,180.0,27.57,90.0,1053.9,1402.3,13.0267036,77.5633496,954.61,13.0267414,77.5632939,956.76,0.0,0.0,,,1
2025-09-03T15:06:54,static,1,124.86,0.0,235.14,0.0,55.14,180.0,27.57,90.0,1053.9,1402.3,13.0267036,77.5633496,954.61,13.0267414,77.5632939,956.76,0.0,0.0,,,1
2025-09-03T15:06:54,static,1,125.69,0.0,234.31,0.0,54.31,180.0,27.155,90.0,1051.6,1402.3,13.0267027,77.5633492,954.63,13.0267414,77.5632939,956.76,0.0,0.0,,,1
2025-09-03T15:06:54,static,1,125.69,0.0,234.31,0.0,54.31,180.0,27.155,90.0,1051.6,1402.3,13.0267027,77.5633492,954.63,13.0267414,77.5632939,956.76,0.0,0.0,,,1
2025-09-03T15:06:54,static,1,126.5,0.0,233.5,0.0,53.5,180.0,26.75,90.0,1049.3,1402.3,13.0267019,77.5633487,954.65,13.0267414,77.5632939,956.76,0.0,0.0,,,1
2025-09-03T15:06:54,static,1,126.5,0.0,233.5,0.0,53.5,180.0,26.75,90.0,1049.3,1402.3,13.0267019,77.5633487,954.65,13.0267414,77.5632939,956.76,0.0,0.0,,,1
2025-09-03T15:06:54,static,1,126.5,0.0,233.5,0.0,53.5,180.0,26.75,90.0,1049.3,1402.3,13.0267019,77.5633487,954.65,13.0267414,77.5632939,956.76,0.0,0.0,,,1
2025-09-03T15:06:54,static,1,127.74,0.0,232.26,0.0,52.26,180.0,26.13,90.0,1045.8,1402.3,13.0267006,77.563348,954.64,13.0267414,77.5632939,956.76,0.0,0.0,,,1
2025-09-03T15:06:54,static,1,128.49,0.0,231.51,0.0,51.51,180.0,25.755,90.0,1043.7,1402.3,13.0266998,77.5633476,954.63,13.0267414,77.5632939,956.76,0.0,0.0,,,1
2025-09-03T15:06:54,static,1,128.49,0.0,231.51,0.0,51.51,180.0,25.755,90.0,1043.7,1402.3,13.0266998,77.5633476,954.63,13.0267414,77.5632939,956.76,0.0,0.0,,,1
2025-09-03T15:06:54,static,1,128.49,0.0,231.51,0.0,51.51,180.0,25.755,90.0,1043.7,1402.3,13.0266998,77.5633476,954.63,13.0267414,77.5632939,956.76,0.0,0.0,,,1
2025-09-03T15:06:54,static,1,129.23,0.0,230.77,0.0,50.77,180.0,25.385,90.0,1041.7,1402.3,13.026699,77.5633472,954.62,13.0267414,77.5632939,956.76,0.0,0.0,,,1
2025-09-03T15:06:54,static,1,129.92,0.0,230.08,0.0,50.08,180.0,25.04,90.0,1039.8,1402.3,13.0266982,77.5633469,954.64,13.0267414,77.5632939,956.76,0.0,0.0,,,1
2025-09-03T15:06:54,static,1,129.92,0.0,230.08,0.0,50.08,180.0,25.04,90.0,1039.8,1402.3,13.0266982,77.5633469,954.64,13.0267414,77.5632939,956.76,0.0,0.0,,,1
2025-09-03T15:06:54,static,1,129.92,0.0,230.08,0.0,50.08,180.0,25.04,90.0,1039.8,1402.3,13.0266982,77.5633469,954.64,13.0267414,77.5632939,956.76,0.0,0.0,,,1
2025-09-03T15:06:54,static,1,131.14,0.0,228.86,0.0,48.86,180.0,24.43,90.0,1036.4,1402.3,13.0266968,77.5633463,954.68,13.0267414,77.5632939,956.76,0.0,0.0,,,1
2025-09-03T15:06:54,static,1,131.14,0.0,228.86,0.0,48.86,180.0,24.43,90.0,1036.4,1402.3,13.0266968,77.5633463,954.68,13.0267414,77.5632939,956.76,0.0,0.0,,,1
2025-09-03T15:06:55,static,1,131.93,0.0,228.07,0.0,48.07,180.0,24.035,90.0,1034.1,1402.3,13.0266959,77.5633459,954.68,13.0267414,77.5632939,956.76,0.0,0.0,,,1
2025-09-03T15:06:55,static,1,131.93,0.0,228.07,0.0,48.07,180.0,24.035,90.0,1034.1,1402.3,13.0266959,77.5633459,954.68,13.0267414,77.5632939,956.76,0.0,0.0,,,1
2025-09-03T15:06:55,static,1,132.66,0.0,227.34,0.0,47.34,180.0,23.67,90.0,1032.1,1402.3,13.0266949,77.5633457,954.66,13.0267414,77.5632939,956.76,0.0,0.0,,,1
2025-09-03T15:06:55,static,1,132.66,0.0,227.34,0.0,47.34,180.0,23.67,90.0,1032.1,1402.3,13.0266949,77.5633457,954.66,13.0267414,77.5632939,956.76,0.0,0.0,,,1
2025-09-03T15:06:55,static,1,132.66,0.0,227.34,0.0,47.34,180.0,23.67,90.0,1032.1,1402.3,13.0266949,77.5633457,954.66,13.0267414,77.5632939,956.76,0.0,0.0,,,1
2025-09-03T15:06:55,static,1,133.79,0.0,226.21,0.0,46.21,180.0,23.105,90.0,1029.0,1402.3,13.0266934,77.5633453,954.65,13.0267414,77.5632939,956.76,0.0,0.0,,,1
2025-09-03T15:06:55,static,1,134.49,0.0,225.51,0.0,45.51,180.0,22.755,90.0,1027.0,1402.3,13.0266925,77.563345,954.66,13.0267414,77.5632939,956.76,0.0,0.0,,,1
2025-09-03T15:06:55,static,1,134.49,0.0,225.51,0.0,45.51,180.0,22.755,90.0,1027.0,1402.3,13.0266925,77.563345,954.66,13.0267414,77.5632939,956.76,0.0,0.0,,,1
2025-09-03T15:06:55,static,1,134.49,0.0,225.51,0.0,45.51,180.0,22.755,90.0,1027.0,1402.3,13.0266925,77.563345,954.66,13.0267414,77.5632939,956.76,0.0,0.0,,,1
2025-09-03T15:06:55,static,1,135.29,0.0,224.71,0.0,44.71,180.0,22.355,90.0,1024.8,1402.3,13.0266916,77.5633445,954.68,13.0267414,77.5632939,956.76,0.0,0.0,,,1
2025-09-03T15:06:55,static,1,135.29,0.0,224.71,0.0,44.71,180.0,22.355,90.0,1024.8,1402.3,13.0266916,77.5633445,954.68,13.0267414,77.5632939,956.76,0.0,0.0,,,1
2025-09-03T15:06:55,static,1,136.43,0.0,223.57,0.0,43.57,180.0,21.785,90.0,1021.6,1402.3,13.0266903,77.5633438,954.69,13.0267414,77.5632939,956.76,0.0,0.0,,,1
2025-09-03T15:06:55,static,1,136.43,0.0,223.57,0.0,43.57,180.0,21.785,90.0,1021.6,1402.3,13.0266903,77.5633438,954.69,13.0267414,77.5632939,956.76,0.0,0.0,,,1
2025-09-03T15:06:55,static,1,137.16,0.0,222.84,0.0,42.84,180.0,21.42,90.0,1019.6,1402.3,13.0266895,77.5633433,954.67,13.0267414,77.5632939,956.76,0.0,0.0,,,1
2025-09-03T15:06:55,static,1,137.16,0.0,222.84,0.0,42.84,180.0,21.42,90.0,1019.6,1402.3,13.0266895,77.5633433,954.67,13.0267414,77.5632939,956.76,0.0,0.0,,,1
2025-09-03T15:06:55,static,1,137.21,0.0,222.79,0.0,42.79,180.0,21.395,90.0,1019.4,1402.3,13.0266894,77.5633433,941.07,13.0267414,77.5632939,956.76,0.0,0.0,,,1
2025-09-03T15:06:55,static,1,137.21,0.0,222.79,0.0,42.79,180.0,21.395,90.0,1019.4,1402.3,13.0266894,77.5633433,941.07,13.0267414,77.5632939,956.76,0.0,0.0,,,1
2025-09-03T15:06:55,static,1,138.49,0.0,221.51,0.0,41.51,180.0,20.755,90.0,1015.8,1402.3,13.0266879,77.5633425,954.64,13.0267414,77.5632939,956.76,0.0,0.0,,,1
2025-09-03T15:06:55,static,1,138.49,0.0,221.51,0.0,41.51,180.0,20.755,90.0,1015.8,1402.3,13.0266879,77.5633425,954.64,13.0267414,77.5632939,956.76,0.0,0.0,,,1
2025-09-03T15:06:56,static,1,138.82,0.0,221.18,0.0,41.18,180.0,20.59,90.0,1014.9,1402.3,13.0266876,77.5633422,954.65,13.0267414,77.5632939,956.76,0.0,0.0,,,1
2025-09-03T15:06:56,static,1,139.6,0.0,220.4,0.0,40.4,180.0,20.2,90.0,1012.7,1402.3,13.0266868,77.5633416,954.68,13.0267414,77.5632939,956.76,0.0,0.0,,,1
2025-09-03T15:06:56,static,1,139.6,0.0,220.4,0.0,40.4,180.0,20.2,90.0,1012.7,1402.3,13.0266868,77.5633416,954.68,13.0267414,77.5632939,956.76,0.0,0.0,,,1
2025-09-03T15:06:56,static,1,140.36,0.0,219.64,0.0,39.64,180.0,19.82,90.0,1010.6,1402.3,13.0266859,77.5633411,954.69,13.0267414,77.5632939,956.76,0.0,0.0,,,1
2025-09-03T15:06:56,static,1,140.36,0.0,219.64,0.0,39.64,180.0,19.82,90.0,1010.6,1402.3,13.0266859,77.5633411,954.69,13.0267414,77.5632939,956.76,0.0,0.0,,,1
2025-09-03T15:06:56,static,1,141.53,0.0,218.47,0.0,38.47,180.0,19.235,90.0,1007.4,1402.3,13.0266845,77.5633403,954.68,13.0267414,77.5632939,956.76,0.0,0.0,,,1
2025-09-03T15:06:56,static,1,141.53,0.0,218.47,0.0,38.47,180.0,19.235,90.0,1007.4,1402.3,13.0266845,77.5633403,954.68,13.0267414,77.5632939,956.76,0.0,0.0,,,1
2025-09-03T15:06:56,static,1,142.26,0.0,217.74,0.0,37.74,180.0,18.87,90.0,1005.3,1402.3,13.0266835,77.5633399,954.66,13.0267414,77.5632939,956.76,0.0,0.0,,,1
2025-09-03T15:06:56,static,1,142.26,0.0,217.74,0.0,37.74,180.0,18.87,90.0,1005.3,1402.3,13.0266835,77.5633399,954.66,13.0267414,77.5632939,956.76,0.0,0.0,,,1
2025-09-03T15:06:56,static,1,142.26,0.0,217.74,0.0,37.74,180.0,18.87,90.0,1005.3,1402.3,13.0266835,77.5633399,954.66,13.0267414,77.5632939,956.76,0.0,0.0,,,1
2025-09-03T15:06:56,static,1,142.93,0.0,217.07,0.0,37.07,180.0,18.535,90.0,1003.5,1402.3,13.0266826,77.5633395,954.66,13.0267414,77.5632939,956.76,0.0,0.0,,,1
2025-09-03T15:06:56,static,1,142.93,0.0,217.07,0.0,37.07,180.0,18.535,90.0,1003.5,1402.3,13.0266826,77.5633395,954.66,13.0267414,77.5632939,956.76,0.0,0.0,,,1
2025-09-03T15:06:56,static,1,142.88,0.0,217.12,0.0,37.12,180.0,18.56,90.0,1003.6,1402.3,13.0266827,77.5633395,941.08,13.0267414,77.5632939,956.76,0.0,0.0,,,1
2025-09-03T15:06:56,static,1,142.88,0.0,217.12,0.0,37.12,180.0,18.56,90.0,1003.6,1402.3,13.0266827,77.5633395,941.08,13.0267414,77.5632939,956.76,0.0,0.0,,,1
2025-09-03T15:06:56,static,1,144.67,0.0,215.33,0.0,35.33,180.0,17.665,90.0,998.6,1402.3,13.0266805,77.5633382,954.71,13.0267414,77.5632939,956.76,0.0,0.0,,,1
2025-09-03T15:06:56,static,1,144.67,0.0,215.33,0.0,35.33,180.0,17.665,90.0,998.6,1402.3,13.0266805,77.5633382,954.71,13.0267414,77.5632939,956.76,0.0,0.0,,,1
2025-09-03T15:06:56,static,1,145.24,0.0,214.76,0.0,34.76,180.0,17.38,90.0,997.0,1402.3,13.0266799,77.5633377,954.71,13.0267414,77.5632939,956.76,0.0,0.0,,,1
2025-09-03T15:06:56,static,1,145.24,0.0,214.76,0.0,34.76,180.0,17.38,90.0,997.0,1402.3,13.0266799,77.5633377,954.71,13.0267414,77.5632939,956.76,0.0,0.0,,,1
2025-09-03T15:06:56,static,1,145.85,0.0,214.15,0.0,34.15,180.0,17.075,90.0,995.3,1402.3,13.0266792,77.5633372,954.7,13.0267414,77.5632939,956.76,0.0,0.0,,,1
2025-09-03T15:06:57,static,1,145.85,0.0,214.15,0.0,34.15,180.0,17.075,90.0,995.3,1402.3,13.0266792,77.5633372,954.7,13.0267414,77.5632939,956.76,0.0,0.0,,,1
2025-09-03T15:06:57,static,1,145.85,0.0,214.15,0.0,34.15,180.0,17.075,90.0,995.3,1402.3,13.0266792,77.5633372,954.7,13.0267414,77.5632939,956.76,0.0,0.0,,,1
2025-09-03T15:06:57,static,1,146.71,0.0,213.29,0.0,33.29,180.0,16.645,90.0,992.9,1402.3,13.0266782,77.5633365,954.67,13.0267414,77.5632939,956.76,0.0,0.0,,,1
2025-09-03T15:06:57,static,1,147.33,0.0,212.67,0.0,32.67,180.0,16.335,90.0,991.2,1402.3,13.0266776,77.5633359,954.69,13.0267414,77.5632939,956.76,0.0,0.0,,,1
2025-09-03T15:06:57,static,1,147.33,0.0,212.67,0.0,32.67,180.0,16.335,90.0,991.2,1402.3,13.0266776,77.5633359,954.69,13.0267414,77.5632939,956.76,0.0,0.0,,,1
2025-09-03T15:06:57,static,1,147.33,0.0,212.67,0.0,32.67,180.0,16.335,90.0,991.2,1402.3,13.0266776,77.5633359,954.69,13.0267414,77.5632939,956.76,0.0,0.0,,,1
2025-09-03T15:06:57,static,1,147.96,0.0,212.04,0.0,32.04,180.0,16.02,90.0,989.4,1402.3,13.0266768,77.5633354,954.72,13.0267414,77.5632939,956.76,0.0,0.0,,,1
2025-09-03T15:06:57,static,1,147.96,0.0,212.04,0.0,32.04,180.0,16.02,90.0,989.4,1402.3,13.0266768,77.5633354,954.72,13.0267414,77.5632939,956.76,0.0,0.0,,,1
2025-09-03T15:06:57,static,1,148.89,0.0,211.11,0.0,31.11,180.0,15.555,90.0,986.8,1402.3,13.0266757,77.5633346,954.74,13.0267414,77.5632939,956.76,0.0,0.0,,,1
2025-09-03T15:06:57,static,1,148.89,0.0,211.11,0.0,31.11,180.0,15.555,90.0,986.8,1402.3,13.0266757,77.5633346,954.74,13.0267414,77.5632939,956.76,0.0,0.0,,,1
2025-09-03T15:06:57,static,1,149.44,0.0,210.56,0.0,30.56,180.0,15.28,90.0,985.3,1402.3,13.0266749,77.5633342,954.73,13.0267414,77.5632939,956.76,0.0,0.0,,,1
2025-09-03T15:06:57,static,1,149.44,0.0,210.56,0.0,30.56,180.0,15.28,90.0,985.3,1402.3,13.0266749,77.5633342,954.73,13.0267414,77.5632939,956.76,0.0,0.0,,,1
2025-09-03T15:06:57,static,1,149.99,0.0,210.01,0.0,30.01,180.0,15.005,90.0,983.7,1402.3,13.0266741,77.5633338,954.72,13.0267414,77.5632939,956.76,0.0,0.0,,,1
2025-09-03T15:06:57,static,1,149.99,0.0,210.01,0.0,30.01,180.0,15.005,90.0,983.7,1402.3,13.0266741,77.5633338,954.72,13.0267414,77.5632939,956.76,0.0,0.0,,,1
2025-09-03T15:06:57,static,1,150.57,0.0,209.43,0.0,29.43,180.0,14.715,90.0,982.1,1402.3,13.0266732,77.5633334,954.72,13.0267414,77.5632939,956.76,0.0,0.0,,,1
2025-09-03T15:06:57,static,1,150.57,0.0,209.43,0.0,29.43,180.0,14.715,90.0,982.1,1402.3,13.0266732,77.5633334,954.72,13.0267414,77.5632939,956.76,0.0,0.0,,,1
2025-09-03T15:06:57,static,1,150.57,0.0,209.43,0.0,29.43,180.0,14.715,90.0,982.1,1402.3,13.0266732,77.5633334,954.72,13.0267414,77.5632939,956.76,0.0,0.0,,,1
2025-09-03T15:06:57,static,1,151.49,0.0,208.51,0.0,28.51,180.0,14.255,90.0,979.6,1402.3,13.026672,77.5633326,954.76,13.0267414,77.5632939,956.76,0.0,0.0,,,1
2025-09-03T15:06:57,static,1,151.49,0.0,208.51,0.0,28.51,180.0,14.255,90.0,979.6,1402.3,13.026672,77.5633326,954.76,13.0267414,77.5632939,956.76,0.0,0.0,,,1
2025-09-03T15:06:58,static,1,152.13,0.0,207.87,0.0,27.87,180.0,13.935,90.0,977.8,1402.3,13.0266712,77.563332,954.78,13.0267414,77.5632939,956.76,0.0,0.0,,,1
2025-09-03T15:06:58,static,1,152.13,0.0,207.87,0.0,27.87,180.0,13.935,90.0,977.8,1402.3,13.0266712,77.563332,954.78,13.0267414,77.5632939,956.76,0.0,0.0,,,1
2025-09-03T15:06:58,static,1,152.7,0.0,207.3,0.0,27.3,180.0,13.65,90.0,976.2,1402.3,13.0266706,77.5633314,954.8,13.0267414,77.5632939,956.76,0.0,0.0,,,1
2025-09-03T15:06:58,static,1,152.7,0.0,207.3,0.0,27.3,180.0,13.65,90.0,976.2,1402.3,13.0266706,77.5633314,954.8,13.0267414,77.5632939,956.76,0.0,0.0,,,1
2025-09-03T15:06:58,static,1,153.62,0.0,206.38,0.0,26.38,180.0,13.19,90.0,973.6,1402.3,13.0266697,77.5633304,954.8,13.0267414,77.5632939,956.76,0.0,0.0,,,1
2025-09-03T15:06:58,static,1,153.62,0.0,206.38,0.0,26.38,180.0,13.19,90.0,973.6,1402.3,13.0266697,77.5633304,954.8,13.0267414,77.5632939,956.76,0.0,0.0,,,1
2025-09-03T15:06:58,static,1,154.12,0.0,205.88,0.0,25.88,180.0,12.94,90.0,972.2,1402.3,13.0266691,77.5633299,954.79,13.0267414,77.5632939,956.76,0.0,0.0,,,1
2025-09-03T15:06:58,static,1,154.12,0.0,205.88,0.0,25.88,180.0,12.94,90.0,972.2,1402.3,13.0266691,77.5633299,954.79,13.0267414,77.5632939,956.76,0.0,0.0,,,1
2025-09-03T15:06:58,static,1,154.12,0.0,205.88,0.0,25.88,180.0,12.94,90.0,972.2,1402.3,13.0266691,77.5633299,954.79,13.0267414,77.5632939,956.76,0.0,0.0,,,1
2025-09-03T15:06:58,static,1,154.59,0.0,205.41,0.0,25.41,180.0,12.705,90.0,970.9,1402.3,13.0266686,77.5633294,954.79,13.0267414,77.5632939,956.76,0.0,0.0,,,1
2025-09-03T15:06:58,static,1,154.59,0.0,205.41,0.0,25.41,180.0,12.705,90.0,970.9,1402.3,13.0266686,77.5633294,954.79,13.0267414,77.5632939,956.76,0.0,0.0,,,1
2025-09-03T15:06:58,static,1,154.59,0.0,205.41,0.0,25.41,180.0,12.705,90.0,970.9,1402.3,13.0266686,77.5633294,954.79,13.0267414,77.5632939,956.76,0.0,0.0,,,1
2025-09-03T15:06:58,static,1,154.59,0.0,205.41,0.0,25.41,180.0,12.705,90.0,970.9,1402.3,13.0266686,77.5633294,954.79,13.0267414,77.5632939,956.76,0.0,0.0,,,1
2025-09-03T15:06:58,static,1,156.0,0.0,204.0,0.0,24.0,180.0,12.0,90.0,967.0,1402.3,13.026667,77.5633279,954.82,13.0267414,77.5632939,956.76,0.0,0.0,,,1
2025-09-03T15:06:58,static,1,156.0,0.0,204.0,0.0,24.0,180.0,12.0,90.0,967.0,1402.3,13.026667,77.5633279,954.82,13.0267414,77.5632939,956.76,0.0,0.0,,,1
2025-09-03T15:06:58,static,1,155.95,0.0,204.05,0.0,24.05,180.0,12.025,90.0,967.1,1402.3,13.0266663,77.5633283,941.33,13.0267414,77.5632939,956.76,0.0,0.0,,,1
2025-09-03T15:06:58,static,1,155.95,0.0,204.05,0.0,24.05,180.0,12.025,90.0,967.1,1402.3,13.0266663,77.5633283,941.33,13.0267414,77.5632939,956.76,0.0,0.0,,,1
2025-09-03T15:06:58,static,1,157.08,0.0,202.92,0.0,22.92,180.0,11.46,90.0,964.0,1402.3,13.0266656,77.5633268,954.78,13.0267414,77.5632939,956.76,0.0,0.0,,,1
2025-09-03T15:06:58,static,1,157.08,0.0,202.92,0.0,22.92,180.0,11.46,90.0,964.0,1402.3,13.0266656,77.5633268,954.78,13.0267414,77.5632939,956.76,0.0,0.0,,,1
2025-09-03T15:06:59,static,1,157.08,0.0,202.92,0.0,22.92,180.0,11.46,90.0,964.0,1402.3,13.0266656,77.5633268,954.78,13.0267414,77.5632939,956.76,0.0,0.0,,,1
2025-09-03T15:06:59,static,1,157.77,0.0,202.23,0.0,22.23,180.0,11.115,90.0,962.0,1402.3,13.0266644,77.5633262,954.76,13.0267414,77.5632939,956.76,0.0,0.0,,,1
2025-09-03T15:06:59,static,1,158.2,0.0,201.8,0.0,21.8,180.0,10.9,90.0,960.8,1402.3,13.0266637,77.5633258,954.77,13.0267414,77.5632939,956.76,0.0,0.0,,,1
2025-09-03T15:06:59,static,1,158.2,0.0,201.8,0.0,21.8,180.0,10.9,90.0,960.8,1402.3,13.0266637,77.5633258,954.77,13.0267414,77.5632939,956.76,0.0,0.0,,,1
2025-09-03T15:06:59,static,1,158.2,0.0,201.8,0.0,21.8,180.0,10.9,90.0,960.8,1402.3,13.0266637,77.5633258,954.77,13.0267414,77.5632939,956.76,0.0,0.0,,,1
2025-09-03T15:06:59,static,1,158.68,0.0,201.32,0.0,21.32,180.0,10.66,90.0,959.5,1402.3,13.026663,77.5633253,954.79,13.0267414,77.5632939,956.76,0.0,0.0,,,1
2025-09-03T15:06:59,static,1,158.68,0.0,201.32,0.0,21.32,180.0,10.66,90.0,959.5,1402.3,13.026663,77.5633253,954.79,13.0267414,77.5632939,956.76,0.0,0.0,,,1
2025-09-03T15:06:59,static,1,159.5,0.0,200.5,0.0,20.5,180.0,10.25,90.0,957.2,1402.3,13.0266622,77.5633243,954.82,13.0267414,77.5632939,956.76,0.0,0.0,,,1
2025-09-03T15:06:59,static,1,159.5,0.0,200.5,0.0,20.5,180.0,10.25,90.0,957.2,1402.3,13.0266622,77.5633243,954.82,13.0267414,77.5632939,956.76,0.0,0.0,,,1
2025-09-03T15:06:59,static,1,160.05,0.0,199.95,0.0,19.95,180.0,9.975,90.0,955.7,1402.3,13.0266617,77.5633236,954.81,13.0267414,77.5632939,956.76,0.0,0.0,,,1
2025-09-03T15:06:59,static,1,160.05,0.0,199.95,0.0,19.95,180.0,9.975,90.0,955.7,1402.3,13.0266617,77.5633236,954.81,13.0267414,77.5632939,956.76,0.0,0.0,,,1
2025-09-03T15:06:59,static,1,160.45,0.0,199.55,0.0,19.55,180.0,9.775,90.0,954.6,1402.3,13.0266613,77.5633231,941.32,13.0267414,77.5632939,956.76,0.0,0.0,,,1
2025-09-03T15:06:59,static,1,160.45,0.0,199.55,0.0,19.55,180.0,9.775,90.0,954.6,1402.3,13.0266613,77.5633231,941.32,13.0267414,77.5632939,956.76,0.0,0.0,,,1
2025-09-03T15:06:59,static,1,161.41,0.0,198.59,0.0,18.59,180.0,9.295,90.0,951.9,1402.3,13.0266606,77.5633218,954.78,13.0267414,77.5632939,956.76,0.0,0.0,,,1
2025-09-03T15:06:59,static,1,161.41,0.0,198.59,0.0,18.59,180.0,9.295,90.0,951.9,1402.3,13.0266606,77.5633218,954.78,13.0267414,77.5632939,956.76,0.0,0.0,,,1
2025-09-03T15:06:59,static,1,161.41,0.0,198.59,0.0,18.59,180.0,9.295,90.0,951.9,1402.3,13.0266606,77.5633218,954.78,13.0267414,77.5632939,956.76,0.0,0.0,,,1
2025-09-03T15:06:59,static,1,161.93,0.0,198.07,0.0,18.07,180.0,9.035,90.0,950.4,1402.3,13.0266602,77.5633211,954.8,13.0267414,77.5632939,956.76,0.0,0.0,,,1
2025-09-03T15:06:59,static,1,161.93,0.0,198.07,0.0,18.07,180.0,9.035,90.0,950.4,1402.3,13.0266602,77.5633211,954.8,13.0267414,77.5632939,956.76,0.0,0.0,,,1
2025-09-03T15:06:59,static,1,162.46,0.0,197.54,0.0,17.54,180.0,8.77,90.0,948.9,1402.3,13.0266597,77.5633204,954.81,13.0267414,77.5632939,956.76,0.0,0.0,,,1
2025-09-03T15:07:00,static,1,162.46,0.0,197.54,0.0,17.54,180.0,8.77,90.0,948.9,1402.3,13.0266597,77.5633204,954.81,13.0267414,77.5632939,956.76,0.0,0.0,,,1
2025-09-03T15:07:00,static,1,163.14,0.0,196.86,0.0,16.86,180.0,8.43,90.0,947.1,1402.3,13.0266591,77.5633195,954.81,13.0267414,77.5632939,956.76,0.0,0.0,,,1
2025-09-03T15:07:00,static,1,163.14,0.0,196.86,0.0,16.86,180.0,8.43,90.0,947.1,1402.3,13.0266591,77.5633195,954.81,13.0267414,77.5632939,956.76,0.0,0.0,,,1
2025-09-03T15:07:00,static,1,163.53,0.0,196.47,0.0,16.47,180.0,8.235,90.0,946.0,1402.3,13.0266587,77.563319,954.79,13.0267414,77.5632939,956.76,0.0,0.0,,,1
2025-09-03T15:07:00,static,1,163.53,0.0,196.47,0.0,16.47,180.0,8.235,90.0,946.0,1402.3,13.0266587,77.563319,954.79,13.0267414,77.5632939,956.76,0.0,0.0,,,1
2025-09-03T15:07:00,static,1,163.53,0.0,196.47,0.0,16.47,180.0,8.235,90.0,946.0,1402.3,13.0266587,77.563319,954.79,13.0267414,77.5632939,956.76,0.0,0.0,,,1
2025-09-03T15:07:00,static,1,163.85,0.0,196.15,0.0,16.15,180.0,8.075,90.0,945.1,1402.3,13.0266583,77.5633186,954.76,13.0267414,77.5632939,956.76,0.0,0.0,,,1
2025-09-03T15:07:00,static,1,163.85,0.0,196.15,0.0,16.15,180.0,8.075,90.0,945.1,1402.3,13.0266583,77.5633186,954.76,13.0267414,77.5632939,956.76,0.0,0.0,,,1
2025-09-03T15:07:00,static,1,164.35,0.0,195.65,0.0,15.65,180.0,7.825,90.0,943.7,1402.3,13.0266576,77.563318,954.75,13.0267414,77.5632939,956.76,0.0,0.0,,,1
2025-09-03T15:07:00,static,1,164.35,0.0,195.65,0.0,15.65,180.0,7.825,90.0,943.7,1402.3,13.0266576,77.563318,954.75,13.0267414,77.5632939,956.76,0.0,0.0,,,1
2025-09-03T15:07:00,static,1,164.74,0.0,195.26,0.0,15.26,180.0,7.63,90.0,942.6,1402.3,13.0266571,77.5633175,954.76,13.0267414,77.5632939,956.76,0.0,0.0,,,1
2025-09-03T15:07:00,static,1,164.74,0.0,195.26,0.0,15.26,180.0,7.63,90.0,942.6,1402.3,13.0266571,77.5633175,954.76,13.0267414,77.5632939,956.76,0.0,0.0,,,1
2025-09-03T15:07:00,static,1,164.74,0.0,195.26,0.0,15.26,180.0,7.63,90.0,942.6,1402.3,13.0266571,77.5633175,954.76,13.0267414,77.5632939,956.76,0.0,0.0,,,1
2025-09-03T15:07:00,static,1,165.24,0.0,194.76,0.0,14.76,180.0,7.38,90.0,941.2,1402.3,13.0266567,77.5633168,954.77,13.0267414,77.5632939,956.76,0.0,0.0,,,1
2025-09-03T15:07:00,static,1,165.69,0.0,194.31,0.0,14.31,180.0,7.155,90.0,939.9,1402.3,13.0266566,77.5633161,954.79,13.0267414,77.5632939,956.76,0.0,0.0,,,1
2025-09-03T15:07:00,static,1,165.69,0.0,194.31,0.0,14.31,180.0,7.155,90.0,939.9,1402.3,13.0266566,77.5633161,954.79,13.0267414,77.5632939,956.76,0.0,0.0,,,1
2025-09-03T15:07:00,static,1,165.69,0.0,194.31,0.0,14.31,180.0,7.155,90.0,939.9,1402.3,13.0266566,77.5633161,954.79,13.0267414,77.5632939,956.76,0.0,0.0,,,1
2025-09-03T15:07:00,static,1,166.3,0.0,193.7,0.0,13.7,180.0,6.85,90.0,938.2,1402.3,13.0266567,77.5633151,954.8,13.0267414,77.5632939,956.76,0.0,0.0,,,1
2025-09-03T15:07:00,static,1,166.3,0.0,193.7,0.0,13.7,180.0,6.85,90.0,938.2,1402.3,13.0266567,77.5633151,954.8,13.0267414,77.5632939,956.76,0.0,0.0,,,1
2025-09-03T15:07:01,static,1,166.72,0.0,193.28,0.0,13.28,180.0,6.64,90.0,937.1,1402.3,13.0266568,77.5633144,954.79,13.0267414,77.5632939,956.76,0.0,0.0,,,1
2025-09-03T15:07:01,static,1,166.72,0.0,193.28,0.0,13.28,180.0,6.64,90.0,937.1,1402.3,13.0266568,77.5633144,954.79,13.0267414,77.5632939,956.76,0.0,0.0,,,1
2025-09-03T15:07:01,static,1,166.72,0.0,193.28,0.0,13.28,180.0,6.64,90.0,937.1,1402.3,13.0266568,77.5633144,954.79,13.0267414,77.5632939,956.76,0.0,0.0,,,1
2025-09-03T15:07:01,static,1,166.83,0.0,193.17,0.0,13.17,180.0,6.585,90.0,936.8,1402.3,13.0266569,77.5633142,954.78,13.0267414,77.5632939,956.76,0.0,0.0,,,1
2025-09-03T15:07:01,static,1,166.83,0.0,193.17,0.0,13.17,180.0,6.585,90.0,936.8,1402.3,13.0266569,77.5633142,954.78,13.0267414,77.5632939,956.76,0.0,0.0,,,1
2025-09-03T15:07:01,static,1,167.05,0.0,192.95,0.0,12.95,180.0,6.475,90.0,936.1,1402.3,13.0266571,77.5633138,954.78,13.0267414,77.5632939,956.76,0.0,0.0,,,1
2025-09-03T15:07:01,static,1,167.02,0.0,192.98,0.0,12.98,180.0,6.49,90.0,936.2,1402.3,13.0266573,77.5633138,954.78,13.0267414,77.5632939,956.76,0.0,0.0,,,1
2025-09-03T15:07:01,static,1,167.0,0.0,193.0,0.0,13.0,180.0,6.5,90.0,936.3,1402.3,13.0266574,77.5633138,954.78,13.0267414,77.5632939,956.76,0.0,0.0,,,1
2025-09-03T15:07:01,static,1,167.0,0.0,193.0,0.0,13.0,180.0,6.5,90.0,936.3,1402.3,13.0266574,77.5633138,954.78,13.0267414,77.5632939,956.76,0.0,0.0,,,1
2025-09-03T15:07:01,static,1,166.91,0.0,193.09,0.0,13.09,180.0,6.545,90.0,936.5,1402.3,13.0266576,77.5633139,954.78,13.0267414,77.5632939,956.76,0.0,0.0,,,1
2025-09-03T15:07:01,static,1,166.91,0.0,193.09,0.0,13.09,180.0,6.545,90.0,936.5,1402.3,13.0266576,77.5633139,954.78,13.0267414,77.5632939,956.76,0.0,0.0,,,1
2025-09-03T15:07:01,static,1,166.75,0.0,193.25,0.0,13.25,180.0,6.625,90.0,937.0,1402.3,13.0266578,77.5633141,954.79,13.0267414,77.5632939,956.76,0.0,0.0,,,1
2025-09-03T15:07:01,static,1,166.75,0.0,193.25,0.0,13.25,180.0,6.625,90.0,937.0,1402.3,13.0266578,77.5633141,954.79,13.0267414,77.5632939,956.76,0.0,0.0,,,1
2025-09-03T15:07:01,static,1,166.75,0.0,193.25,0.0,13.25,180.0,6.625,90.0,937.0,1402.3,13.0266578,77.5633141,954.79,13.0267414,77.5632939,956.76,0.0,0.0,,,1
2025-09-03T15:07:01,static,1,166.45,0.0,193.55,0.0,13.55,180.0,6.775,90.0,937.8,1402.3,13.0266581,77.5633145,954.79,13.0267414,77.5632939,956.76,0.0,0.0,,,1
2025-09-03T15:07:01,static,1,166.45,0.0,193.55,0.0,13.55,180.0,6.775,90.0,937.8,1402.3,13.0266581,77.5633145,954.79,13.0267414,77.5632939,956.76,0.0,0.0,,,1
2025-09-03T15:07:01,static,1,164.1,0.0,195.9,0.0,15.9,180.0,7.95,90.0,944.4,1402.3,13.0266552,77.5633191,941.09,13.0267414,77.5632939,956.76,0.0,0.0,,,1
2025-09-03T15:07:01,static,1,164.1,0.0,195.9,0.0,15.9,180.0,7.95,90.0,944.4,1402.3,13.0266552,77.5633191,941.09,13.0267414,77.5632939,956.76,0.0,0.0,,,1
2025-09-03T15:07:01,static,1,165.87,0.0,194.13,0.0,14.13,180.0,7.065,90.0,939.4,1402.3,13.0266582,77.5633154,954.8,13.0267414,77.5632939,956.76,0.0,0.0,,,1
2025-09-03T15:07:01,static,1,165.87,0.0,194.13,0.0,14.13,180.0,7.065,90.0,939.4,1402.3,13.0266582,77.5633154,954.8,13.0267414,77.5632939,956.76,0.0,0.0,,,1
2025-09-03T15:07:02,static,1,165.33,0.0,194.67,0.0,14.67,180.0,7.335,90.0,940.9,1402.3,13.0266584,77.5633162,954.8,13.0267414,77.5632939,956.76,0.0,0.0,,,1
2025-09-03T15:07:02,static,1,165.33,0.0,194.67,0.0,14.67,180.0,7.335,90.0,940.9,1402.3,13.0266584,77.5633162,954.8,13.0267414,77.5632939,956.76,0.0,0.0,,,1
2025-09-03T15:07:02,static,1,164.87,0.0,195.13,0.0,15.13,180.0,7.565,90.0,942.2,1402.3,13.0266585,77.5633169,954.81,13.0267414,77.5632939,956.76,0.0,0.0,,,1
2025-09-03T15:07:02,static,1,164.87,0.0,195.13,0.0,15.13,180.0,7.565,90.0,942.2,1402.3,13.0266585,77.5633169,954.81,13.0267414,77.5632939,956.76,0.0,0.0,,,1
2025-09-03T15:07:02,static,1,164.69,0.0,195.31,0.0,15.31,180.0,7.655,90.0,942.7,1402.3,13.0266585,77.5633172,954.81,13.0267414,77.5632939,956.76,0.0,0.0,,,1
2025-09-03T15:07:02,static,1,164.44,0.0,195.56,0.0,15.56,180.0,7.78,90.0,943.4,1402.3,13.0266585,77.5633176,954.81,13.0267414,77.5632939,956.76,0.0,0.0,,,1
2025-09-03T15:07:02,static,1,164.44,0.0,195.56,0.0,15.56,180.0,7.78,90.0,943.4,1402.3,13.0266585,77.5633176,954.81,13.0267414,77.5632939,956.76,0.0,0.0,,,1
2025-09-03T15:07:02,static,1,163.76,0.0,196.24,0.0,16.24,180.0,8.12,90.0,945.3,1402.3,13.0266581,77.5633188,954.82,13.0267414,77.5632939,956.76,0.0,0.0,,,1
2025-09-03T15:07:02,static,1,163.76,0.0,196.24,0.0,16.24,180.0,8.12,90.0,945.3,1402.3,13.0266581,77.5633188,954.82,13.0267414,77.5632939,956.76,0.0,0.0,,,1
2025-09-03T15:07:02,static,1,163.35,0.0,196.65,0.0,16.65,180.0,8.325,90.0,946.5,1402.3,13.0266577,77.5633196,954.81,13.0267414,77.5632939,956.76,0.0,0.0,,,1
2025-09-03T15:07:02,static,1,163.35,0.0,196.65,0.0,16.65,180.0,8.325,90.0,946.5,1402.3,13.0266577,77.5633196,954.81,13.0267414,77.5632939,956.76,0.0,0.0,,,1
2025-09-03T15:07:02,static,1,161.3,0.0,198.7,0.0,18.7,180.0,9.35,90.0,952.2,1402.3,13.0266539,77.5633243,940.95,13.0267414,77.5632939,956.76,0.0,0.0,,,1
2025-09-03T15:07:02,static,1,161.3,0.0,198.7,0.0,18.7,180.0,9.35,90.0,952.2,1402.3,13.0266539,77.5633243,940.95,13.0267414,77.5632939,956.76,0.0,0.0,,,1
2025-09-03T15:07:02,static,1,161.3,0.0,198.7,0.0,18.7,180.0,9.35,90.0,952.2,1402.3,13.0266539,77.5633243,940.95,13.0267414,77.5632939,956.76,0.0,0.0,,,1
2025-09-03T15:07:02,static,1,162.31,0.0,197.69,0.0,17.69,180.0,8.845,90.0,949.4,1402.3,13.0266571,77.5633215,954.8,13.0267414,77.5632939,956.76,0.0,0.0,,,1
2025-09-03T15:07:02,static,1,162.31,0.0,197.69,0.0,17.69,180.0,8.845,90.0,949.4,1402.3,13.0266571,77.5633215,954.8,13.0267414,77.5632939,956.76,0.0,0.0,,,1
2025-09-03T15:07:02,static,1,162.03,0.0,197.97,0.0,17.97,180.0,8.985,90.0,950.1,1402.3,13.026657,77.563322,954.79,13.0267414,77.5632939,956.76,0.0,0.0,,,1
2025-09-03T15:07:02,static,1,162.03,0.0,197.97,0.0,17.97,180.0,8.985,90.0,950.1,1402.3,13.026657,77.563322,954.79,13.0267414,77.5632939,956.76,0.0,0.0,,,1
2025-09-03T15:07:02,static,1,161.61,0.0,198.39,0.0,18.39,180.0,9.195,90.0,951.3,1402.3,13.026657,77.5633227,954.8,13.0267414,77.5632939,956.76,0.0,0.0,,,1
2025-09-03T15:07:03,static,1,161.61,0.0,198.39,0.0,18.39,180.0,9.195,90.0,951.3,1402.3,13.026657,77.5633227,954.8,13.0267414,77.5632939,956.76,0.0,0.0,,,1
2025-09-03T15:07:03,static,1,161.61,0.0,198.39,0.0,18.39,180.0,9.195,90.0,951.3,1402.3,13.026657,77.5633227,954.8,13.0267414,77.5632939,956.76,0.0,0.0,,,1
2025-09-03T15:07:03,static,1,160.94,0.0,199.06,0.0,19.06,180.0,9.53,90.0,953.2,1402.3,13.0266568,77.5633239,954.82,13.0267414,77.5632939,956.76,0.0,0.0,,,1
2025-09-03T15:07:03,static,1,160.53,0.0,199.47,0.0,19.47,180.0,9.735,90.0,954.3,1402.3,13.0266568,77.5633246,954.82,13.0267414,77.5632939,956.76,0.0,0.0,,,1
2025-09-03T15:07:03,static,1,160.53,0.0,199.47,0.0,19.47,180.0,9.735,90.0,954.3,1402.3,13.0266568,77.5633246,954.82,13.0267414,77.5632939,956.76,0.0,0.0,,,1
2025-09-03T15:07:03,static,1,160.53,0.0,199.47,0.0,19.47,180.0,9.735,90.0,954.3,1402.3,13.0266568,77.5633246,954.82,13.0267414,77.5632939,956.76,0.0,0.0,,,1
2025-09-03T15:07:03,static,1,159.97,0.0,200.03,0.0,20.03,180.0,10.015,90.0,955.9,1402.3,13.0266567,77.5633256,954.81,13.0267414,77.5632939,956.76,0.0,0.0,,,1
2025-09-03T15:07:03,static,1,159.97,0.0,200.03,0.0,20.03,180.0,10.015,90.0,955.9,1402.3,13.0266567,77.5633256,954.81,13.0267414,77.5632939,956.76,0.0,0.0,,,1
2025-09-03T15:07:03,static,1,157.39,0.0,202.61,0.0,22.61,180.0,11.305,90.0,963.1,1402.3,13.0266558,77.5633305,940.79,13.0267414,77.5632939,956.76,0.0,0.0,,,1
2025-09-03T15:07:03,static,1,157.39,0.0,202.61,0.0,22.61,180.0,11.305,90.0,963.1,1402.3,13.0266558,77.5633305,940.79,13.0267414,77.5632939,956.76,0.0,0.0,,,1
2025-09-03T15:07:03,static,1,158.72,0.0,201.28,0.0,21.28,180.0,10.64,90.0,959.4,1402.3,13.0266571,77.5633276,954.78,13.0267414,77.5632939,956.76,0.0,0.0,,,1
2025-09-03T15:07:03,static,1,158.72,0.0,201.28,0.0,21.28,180.0,10.64,90.0,959.4,1402.3,13.0266571,77.5633276,954.78,13.0267414,77.5632939,956.76,0.0,0.0,,,1
2025-09-03T15:07:03,static,1,158.72,0.0,201.28,0.0,21.28,180.0,10.64,90.0,959.4,1402.3,13.0266571,77.5633276,954.78,13.0267414,77.5632939,956.76,0.0,0.0,,,1
2025-09-03T15:07:03,static,1,158.13,0.0,201.87,0.0,21.87,180.0,10.935,90.0,961.0,1402.3,13.0266574,77.5633285,954.78,13.0267414,77.5632939,956.76,0.0,0.0,,,1
2025-09-03T15:07:03,static,1,158.13,0.0,201.87,0.0,21.87,180.0,10.935,90.0,961.0,1402.3,13.0266574,77.5633285,954.78,13.0267414,77.5632939,956.76,0.0,0.0,,,1
2025-09-03T15:07:03,static,1,157.49,0.0,202.51,0.0,22.51,180.0,11.255,90.0,962.8,1402.3,13.0266577,77.5633295,954.79,13.0267414,77.5632939,956.76,0.0,0.0,,,1
2025-09-03T15:07:03,static,1,157.49,0.0,202.51,0.0,22.51,180.0,11.255,90.0,962.8,1402.3,13.0266577,77.5633295,954.79,13.0267414,77.5632939,956.76,0.0,0.0,,,1
2025-09-03T15:07:03,static,1,157.24,0.0,202.76,0.0,22.76,180.0,11.38,90.0,963.5,1402.3,13.0266578,77.5633299,954.8,13.0267414,77.5632939,956.76,0.0,0.0,,,1
2025-09-03T15:07:03,static,1,156.65,0.0,203.35,0.0,23.35,180.0,11.675,90.0,965.2,1402.3,13.0266579,77.5633309,954.81,13.0267414,77.5632939,956.76,0.0,0.0,,,1
2025-09-03T15:07:03,static,1,156.04,0.0,203.96,0.0,23.96,180.0,11.98,90.0,966.9,1402.3,13.0266581,77.5633319,954.81,13.0267414,77.5632939,956.76,0.0,0.0,,,1
2025-09-03T15:07:04,static,1,156.04,0.0,203.96,0.0,23.96,180.0,11.98,90.0,966.9,1402.3,13.0266581,77.5633319,954.81,13.0267414,77.5632939,956.76,0.0,0.0,,,1
2025-09-03T15:07:04,static,1,156.04,0.0,203.96,0.0,23.96,180.0,11.98,90.0,966.9,1402.3,13.0266581,77.5633319,954.81,13.0267414,77.5632939,956.76,0.0,0.0,,,1
2025-09-03T15:07:04,static,1,155.43,0.0,204.57,0.0,24.57,180.0,12.285,90.0,968.6,1402.3,13.0266585,77.5633328,954.8,13.0267414,77.5632939,956.76,0.0,0.0,,,1
2025-09-03T15:07:04,static,1,155.43,0.0,204.57,0.0,24.57,180.0,12.285,90.0,968.6,1402.3,13.0266585,77.5633328,954.8,13.0267414,77.5632939,956.76,0.0,0.0,,,1
2025-09-03T15:07:04,static,1,154.52,0.0,205.48,0.0,25.48,180.0,12.74,90.0,971.1,1402.3,13.026659,77.5633342,954.78,13.0267414,77.5632939,956.76,0.0,0.0,,,1
2025-09-03T15:07:04,static,1,154.52,0.0,205.48,0.0,25.48,180.0,12.74,90.0,971.1,1402.3,13.026659,77.5633342,954.78,13.0267414,77.5632939,956.76,0.0,0.0,,,1
2025-09-03T15:07:04,static,1,153.78,0.0,206.22,0.0,26.22,180.0,13.11,90.0,973.2,1402.3,13.0266595,77.5633353,954.79,13.0267414,77.5632939,956.76,0.0,0.0,,,1
2025-09-03T15:07:04,static,1,153.78,0.0,206.22,0.0,26.22,180.0,13.11,90.0,973.2,1402.3,13.0266595,77.5633353,954.79,13.0267414,77.5632939,956.76,0.0,0.0,,,1
2025-09-03T15:07:04,static,1,153.78,0.0,206.22,0.0,26.22,180.0,13.11,90.0,973.2,1402.3,13.0266595,77.5633353,954.79,13.0267414,77.5632939,956.76,0.0,0.0,,,1
2025-09-03T15:07:04,static,1,152.98,0.0,207.02,0.0,27.02,180.0,13.51,90.0,975.4,1402.3,13.02666,77.5633365,954.8,13.0267414,77.5632939,956.76,0.0,0.0,,,1
2025-09-03T15:07:04,static,1,152.22,0.0,207.78,0.0,27.78,180.0,13.89,90.0,977.5,1402.3,13.0266604,77.5633377,954.8,13.0267414,77.5632939,956.76,0.0,0.0,,,1
2025-09-03T15:07:04,static,1,152.22,0.0,207.78,0.0,27.78,180.0,13.89,90.0,977.5,1402.3,13.0266604,77.5633377,954.8,13.0267414,77.5632939,956.76,0.0,0.0,,,1
2025-09-03T15:07:04,static,1,152.22,0.0,207.78,0.0,27.78,180.0,13.89,90.0,977.5,1402.3,13.0266604,77.5633377,954.8,13.0267414,77.5632939,956.76,0.0,0.0,,,1
2025-09-03T15:07:04,static,1,151.12,0.0,208.88,0.0,28.88,180.0,14.44,90.0,980.6,1402.3,13.0266612,77.5633393,954.77,13.0267414,77.5632939,956.76,0.0,0.0,,,1
2025-09-03T15:07:04,static,1,151.12,0.0,208.88,0.0,28.88,180.0,14.44,90.0,980.6,1402.3,13.0266612,77.5633393,954.77,13.0267414,77.5632939,956.76,0.0,0.0,,,1
2025-09-03T15:07:04,static,1,150.39,0.0,209.61,0.0,29.61,180.0,14.805,90.0,982.6,1402.3,13.0266617,77.5633404,954.74,13.0267414,77.5632939,956.76,0.0,0.0,,,1
2025-09-03T15:07:04,static,1,150.39,0.0,209.61,0.0,29.61,180.0,14.805,90.0,982.6,1402.3,13.0266617,77.5633404,954.74,13.0267414,77.5632939,956.76,0.0,0.0,,,1
2025-09-03T15:07:04,static,1,150.39,0.0,209.61,0.0,29.61,180.0,14.805,90.0,982.6,1402.3,13.0266617,77.5633404,954.74,13.0267414,77.5632939,956.76,0.0,0.0,,,1
2025-09-03T15:07:04,static,1,149.65,0.0,210.35,0.0,30.35,180.0,15.175,90.0,984.7,1402.3,13.0266622,77.5633415,954.73,13.0267414,77.5632939,956.76,0.0,0.0,,,1
2025-09-03T15:07:05,static,1,149.65,0.0,210.35,0.0,30.35,180.0,15.175,90.0,984.7,1402.3,13.0266622,77.5633415,954.73,13.0267414,77.5632939,956.76,0.0,0.0,,,1
2025-09-03T15:07:05,static,1,148.62,0.0,211.38,0.0,31.38,180.0,15.69,90.0,987.6,1402.3,13.0266628,77.5633431,954.75,13.0267414,77.5632939,956.76,0.0,0.0,,,1
2025-09-03T15:07:05,static,1,148.62,0.0,211.38,0.0,31.38,180.0,15.69,90.0,987.6,1402.3,13.0266628,77.5633431,954.75,13.0267414,77.5632939,956.76,0.0,0.0,,,1
2025-09-03T15:07:05,static,1,147.96,0.0,212.04,0.0,32.04,180.0,16.02,90.0,989.4,1402.3,13.0266631,77.5633442,954.76,13.0267414,77.5632939,956.76,0.0,0.0,,,1
2025-09-03T15:07:05,static,1,147.96,0.0,212.04,0.0,32.04,180.0,16.02,90.0,989.4,1402.3,13.0266631,77.5633442,954.76,13.0267414,77.5632939,956.76,0.0,0.0,,,1
2025-09-03T15:07:05,static,1,147.33,0.0,212.67,0.0,32.67,180.0,16.335,90.0,991.2,1402.3,13.0266633,77.5633453,954.77,13.0267414,77.5632939,956.76,0.0,0.0,,,1
2025-09-03T15:07:05,static,1,147.33,0.0,212.67,0.0,32.67,180.0,16.335,90.0,991.2,1402.3,13.0266633,77.5633453,954.77,13.0267414,77.5632939,956.76,0.0,0.0,,,1
2025-09-03T15:07:05,static,1,146.69,0.0,213.31,0.0,33.31,180.0,16.655,90.0,993.0,1402.3,13.0266637,77.5633463,954.75,13.0267414,77.5632939,956.76,0.0,0.0,,,1
2025-09-03T15:07:05,static,1,146.69,0.0,213.31,0.0,33.31,180.0,16.655,90.0,993.0,1402.3,13.0266637,77.5633463,954.75,13.0267414,77.5632939,956.76,0.0,0.0,,,1
2025-09-03T15:07:05,static,1,146.69,0.0,213.31,0.0,33.31,180.0,16.655,90.0,993.0,1402.3,13.0266637,77.5633463,954.75,13.0267414,77.5632939,956.76,0.0,0.0,,,1
2025-09-03T15:07:05,static,1,145.76,0.0,214.24,0.0,34.24,180.0,17.12,90.0,995.6,1402.3,13.0266644,77.5633477,954.73,13.0267414,77.5632939,956.76,0.0,0.0,,,1
2025-09-03T15:07:05,static,1,145.4,0.0,214.6,0.0,34.6,180.0,17.3,90.0,996.6,1402.3,13.0266647,77.5633482,954.73,13.0267414,77.5632939,956.76,0.0,0.0,,,1
2025-09-03T15:07:05,static,1,144.71,0.0,215.29,0.0,35.29,180.0,17.645,90.0,998.5,1402.3,13.0266668,77.5633481,940.49,13.0267414,77.5632939,956.76,0.0,0.0,,,1
2025-09-03T15:07:05,static,1,144.71,0.0,215.29,0.0,35.29,180.0,17.645,90.0,998.5,1402.3,13.0266668,77.5633481,940.49,13.0267414,77.5632939,956.76,0.0,0.0,,,1
2025-09-03T15:07:05,static,1,144.47,0.0,215.53,0.0,35.53,180.0,17.765,90.0,999.2,1402.3,13.0266654,77.5633496,954.72,13.0267414,77.5632939,956.76,0.0,0.0,,,1
2025-09-03T15:07:05,static,1,144.47,0.0,215.53,0.0,35.53,180.0,17.765,90.0,999.2,1402.3,13.0266654,77.5633496,954.72,13.0267414,77.5632939,956.76,0.0,0.0,,,1
2025-09-03T15:07:05,static,1,143.6,0.0,216.4,0.0,36.4,180.0,18.2,90.0,1001.6,1402.3,13.0266658,77.5633511,954.72,13.0267414,77.5632939,956.76,0.0,0.0,,,1
2025-09-03T15:07:05,static,1,143.6,0.0,216.4,0.0,36.4,180.0,18.2,90.0,1001.6,1402.3,13.0266658,77.5633511,954.72,13.0267414,77.5632939,956.76,0.0,0.0,,,1
2025-09-03T15:07:05,static,1,143.03,0.0,216.97,0.0,36.97,180.0,18.485,90.0,1003.2,1402.3,13.0266662,77.563352,954.71,13.0267414,77.5632939,956.76,0.0,0.0,,,1
2025-09-03T15:07:06,static,1,143.03,0.0,216.97,0.0,36.97,180.0,18.485,90.0,1003.2,1402.3,13.0266662,77.563352,954.71,13.0267414,77.5632939,956.76,0.0,0.0,,,1
2025-09-03T15:07:06,static,1,142.42,0.0,217.58,0.0,37.58,180.0,18.79,90.0,1004.9,1402.3,13.0266667,77.5633529,954.69,13.0267414,77.5632939,956.76,0.0,0.0,,,1
2025-09-03T15:07:06,static,1,142.42,0.0,217.58,0.0,37.58,180.0,18.79,90.0,1004.9,1402.3,13.0266667,77.5633529,954.69,13.0267414,77.5632939,956.76,0.0,0.0,,,1
2025-09-03T15:07:06,static,1,141.49,0.0,218.51,0.0,38.51,180.0,19.255,90.0,1007.5,1402.3,13.0266677,77.5633541,954.66,13.0267414,77.5632939,956.76,0.0,0.0,,,1
2025-09-03T15:07:06,static,1,141.49,0.0,218.51,0.0,38.51,180.0,19.255,90.0,1007.5,1402.3,13.0266677,77.5633541,954.66,13.0267414,77.5632939,956.76,0.0,0.0,,,1
2025-09-03T15:07:06,static,1,141.49,0.0,218.51,0.0,38.51,180.0,19.255,90.0,1007.5,1402.3,13.0266677,77.5633541,954.66,13.0267414,77.5632939,956.76,0.0,0.0,,,1
2025-09-03T15:07:06,static,1,140.77,0.0,219.23,0.0,39.23,180.0,19.615,90.0,1009.5,1402.3,13.0266685,77.563355,954.67,13.0267414,77.5632939,956.76,0.0,0.0,,,1
2025-09-03T15:07:06,static,1,140.77,0.0,219.23,0.0,39.23,180.0,19.615,90.0,1009.5,1402.3,13.0266685,77.563355,954.67,13.0267414,77.5632939,956.76,0.0,0.0,,,1
2025-09-03T15:07:06,static,1,140.38,0.0,219.62,0.0,39.62,180.0,19.81,90.0,1010.6,1402.3,13.0266689,77.5633555,954.68,13.0267414,77.5632939,956.76,0.0,0.0,,,1
2025-09-03T15:07:06,static,1,140.38,0.0,219.62,0.0,39.62,180.0,19.81,90.0,1010.6,1402.3,13.0266689,77.5633555,954.68,13.0267414,77.5632939,956.76,0.0,0.0,,,1
2025-09-03T15:07:06,static,1,140.38,0.0,219.62,0.0,39.62,180.0,19.81,90.0,1010.6,1402.3,13.0266689,77.5633555,954.68,13.0267414,77.5632939,956.76,0.0,0.0,,,1
2025-09-03T15:07:06,static,1,139.14,0.0,220.86,0.0,40.86,180.0,20.43,90.0,1014.0,1402.3,13.02667,77.5633573,954.71,13.0267414,77.5632939,956.76,0.0,0.0,,,1
2025-09-03T15:07:06,static,1,138.58,0.0,221.42,0.0,41.42,180.0,20.71,90.0,1015.6,1402.3,13.0266704,77.5633582,954.71,13.0267414,77.5632939,956.76,0.0,0.0,,,1
2025-09-03T15:07:06,static,1,138.58,0.0,221.42,0.0,41.42,180.0,20.71,90.0,1015.6,1402.3,13.0266704,77.5633582,954.71,13.0267414,77.5632939,956.76,0.0,0.0,,,1
2025-09-03T15:07:06,static,1,137.94,0.0,222.06,0.0,42.06,180.0,21.03,90.0,1017.4,1402.3,13.0266711,77.563359,954.7,13.0267414,77.5632939,956.76,0.0,0.0,,,1
2025-09-03T15:07:06,static,1,137.94,0.0,222.06,0.0,42.06,180.0,21.03,90.0,1017.4,1402.3,13.0266711,77.563359,954.7,13.0267414,77.5632939,956.76,0.0,0.0,,,1
2025-09-03T15:07:06,static,1,137.69,0.0,222.31,0.0,42.31,180.0,21.155,90.0,1018.1,1402.3,13.0266713,77.5633594,954.69,13.0267414,77.5632939,956.76,0.0,0.0,,,1
2025-09-03T15:07:06,static,1,137.1,0.0,222.9,0.0,42.9,180.0,21.45,90.0,1019.7,1402.3,13.0266719,77.5633602,954.67,13.0267414,77.5632939,956.76,0.0,0.0,,,1
2025-09-03T15:07:06,static,1,136.5,0.0,223.5,0.0,43.5,180.0,21.75,90.0,1021.4,1402.3,13.0266725,77.563361,954.67,13.0267414,77.5632939,956.76,0.0,0.0,,,1
2025-09-03T15:07:07,static,1,136.5,0.0,223.5,0.0,43.5,180.0,21.75,90.0,1021.4,1402.3,13.0266725,77.563361,954.67,13.0267414,77.5632939,956.76,0.0,0.0,,,1
2025-09-03T15:07:07,static,1,136.5,0.0,223.5,0.0,43.5,180.0,21.75,90.0,1021.4,1402.3,13.0266725,77.563361,954.67,13.0267414,77.5632939,956.76,0.0,0.0,,,1
2025-09-03T15:07:07,static,1,135.87,0.0,224.13,0.0,44.13,180.0,22.065,90.0,1023.2,1402.3,13.0266732,77.5633618,954.68,13.0267414,77.5632939,956.76,0.0,0.0,,,1
2025-09-03T15:07:07,static,1,135.87,0.0,224.13,0.0,44.13,180.0,22.065,90.0,1023.2,1402.3,13.0266732,77.5633618,954.68,13.0267414,77.5632939,956.76,0.0,0.0,,,1
2025-09-03T15:07:07,static,1,134.86,0.0,225.14,0.0,45.14,180.0,22.57,90.0,1026.0,1402.3,13.0266743,77.5633631,954.66,13.0267414,77.5632939,956.76,0.0,0.0,,,1
2025-09-03T15:07:07,static,1,134.86,0.0,225.14,0.0,45.14,180.0,22.57,90.0,1026.0,1402.3,13.0266743,77.5633631,954.66,13.0267414,77.5632939,956.76,0.0,0.0,,,1
2025-09-03T15:07:07,static,1,134.28,0.0,225.72,0.0,45.72,180.0,22.86,90.0,1027.6,1402.3,13.026675,77.5633638,954.63,13.0267414,77.5632939,956.76,0.0,0.0,,,1
2025-09-03T15:07:07,static,1,134.28,0.0,225.72,0.0,45.72,180.0,22.86,90.0,1027.6,1402.3,13.026675,77.5633638,954.63,13.0267414,77.5632939,956.76,0.0,0.0,,,1
2025-09-03T15:07:07,static,1,134.28,0.0,225.72,0.0,45.72,180.0,22.86,90.0,1027.6,1402.3,13.026675,77.5633638,954.63,13.0267414,77.5632939,956.76,0.0,0.0,,,1
2025-09-03T15:07:07,static,1,133.69,0.0,226.31,0.0,46.31,180.0,23.155,90.0,1029.2,1402.3,13.0266757,77.5633645,954.61,13.0267414,77.5632939,956.76,0.0,0.0,,,1
2025-09-03T15:07:07,static,1,133.39,0.0,226.61,0.0,46.61,180.0,23.305,90.0,1030.1,1402.3,13.0266761,77.5633648,954.61,13.0267414,77.5632939,956.76,0.0,0.0,,,1
