Time,Stream,Lat,Lon,Alt,eph(m),epv(m),fix_type,sats
2025-08-29T12:20:37,BASE,13.0267172,77.5632902,937.28,0.83,1.33,3,17
2025-08-29T12:20:37,DRONE,13.0267893,77.5633560,955.24,,,,
2025-08-29T12:20:37,BASE,13.0267181,77.5632879,939.53,,,,
2025-08-29T12:20:37,BASE,13.0267181,77.5632879,939.53,,,,
2025-08-29T12:20:37,BASE,13.0267180,77.5632880,939.53,,,,
2025-08-29T12:20:37,BASE,13.0267180,77.5632880,939.53,,,,
2025-08-29T12:20:37,BASE,13.0267172,77.5632900,937.21,0.83,1.33,3,17
2025-08-29T12:20:37,BASE,13.0267139,77.5632830,939.56,,,,
2025-08-29T12:20:37,BASE,13.0267163,77.5632897,938.73,0.83,1.30,3,17
2025-08-29T12:20:37,BASE,13.0267139,77.5632830,939.57,,,,
2025-08-29T12:20:37,DRONE,13.0267892,77.5633560,955.24,,,,
2025-08-29T12:20:37,BASE,13.0267139,77.5632830,939.58,,,,
2025-08-29T12:20:37,BASE,13.0267139,77.5632831,939.58,,,,
2025-08-29T12:20:37,BASE,13.0267163,77.5632896,938.61,0.83,1.30,3,17
2025-08-29T12:20:37,BASE,13.0267139,77.5632831,939.59,,,,
2025-08-29T12:20:37,DRONE,13.0267887,77.5633563,939.92,0.53,0.95,4,21
2025-08-29T12:20:37,DRONE,13.0267892,77.5633560,955.23,,,,
2025-08-29T12:20:37,DRONE,13.0267892,77.5633560,955.22,,,,
2025-08-29T12:20:37,DRONE,13.0267892,77.5633560,955.22,,,,
2025-08-29T12:20:37,BASE,13.0267139,77.5632831,939.60,,,,
2025-08-29T12:20:37,BASE,13.0267139,77.5632832,939.61,,,,
2025-08-29T12:20:37,DRONE,13.0267892,77.5633561,955.21,,,,
2025-08-29T12:20:37,DRONE,13.0267886,77.5633562,939.91,0.53,0.95,4,21
2025-08-29T12:20:37,DRONE,13.0267892,77.5633561,955.21,,,,
2025-08-29T12:20:37,BASE,13.0267139,77.5632832,939.61,,,,
2025-08-29T12:20:37,BASE,13.0267160,77.5632897,938.51,0.83,1.30,3,17
2025-08-29T12:20:37,BASE,13.0267139,77.5632833,939.62,,,,
2025-08-29T12:20:37,DRONE,13.0267892,77.5633560,955.21,,,,
2025-08-29T12:20:37,DRONE,13.0267891,77.5633561,955.20,,,,
2025-08-29T12:20:37,DRONE,13.0267890,77.5633561,955.20,,,,
2025-08-29T12:20:37,BASE,13.0267139,77.5632834,939.63,,,,
2025-08-29T12:20:37,BASE,13.0267139,77.5632834,939.64,,,,
2025-08-29T12:20:37,BASE,13.0267139,77.5632835,939.65,,,,
2025-08-29T12:20:37,DRONE,13.0267885,77.5633562,939.91,0.53,0.95,4,21
2025-08-29T12:20:37,DRONE,13.0267890,77.5633561,955.19,,,,
2025-08-29T12:20:37,DRONE,13.0267890,77.5633561,955.19,,,,
2025-08-29T12:20:38,BASE,13.0267156,77.5632897,938.40,0.83,1.30,3,17
2025-08-29T12:20:38,BASE,13.0267139,77.5632836,939.65,,,,
2025-08-29T12:20:38,BASE,13.0267137,77.5632837,939.66,,,,
2025-08-29T12:20:38,DRONE,13.0267890,77.5633561,955.19,,,,
2025-08-29T12:20:38,DRONE,13.0267890,77.5633561,955.18,,,,
2025-08-29T12:20:38,BASE,13.0267136,77.5632838,939.67,,,,
2025-08-29T12:20:38,BASE,13.0267136,77.5632838,939.67,,,,
2025-08-29T12:20:38,DRONE,13.0267884,77.5633563,939.91,0.53,0.95,4,21
2025-08-29T12:20:38,DRONE,13.0267890,77.5633561,955.18,,,,
2025-08-29T12:20:38,DRONE,13.0267890,77.5633561,955.18,,,,
2025-08-29T12:20:38,DRONE,13.0267890,77.5633561,955.18,,,,
2025-08-29T12:20:38,BASE,13.0267155,77.5632894,938.44,0.83,1.30,3,17
2025-08-29T12:20:38,BASE,13.0267136,77.5632838,939.68,,,,
2025-08-29T12:20:38,BASE,13.0267136,77.5632837,939.68,,,,
2025-08-29T12:20:38,BASE,13.0267136,77.5632837,939.69,,,,
2025-08-29T12:20:38,DRONE,13.0267890,77.5633561,955.17,,,,
2025-08-29T12:20:38,DRONE,13.0267883,77.5633563,939.91,0.53,0.95,4,21
2025-08-29T12:20:38,DRONE,13.0267890,77.5633561,955.17,,,,
2025-08-29T12:20:38,BASE,13.0267136,77.5632836,939.70,,,,
2025-08-29T12:20:38,DRONE,13.0267890,77.5633561,955.17,,,,
2025-08-29T12:20:38,DRONE,13.0267890,77.5633561,955.16,,,,
2025-08-29T12:20:38,BASE,13.0267159,77.5632891,938.49,0.83,1.30,3,17
2025-08-29T12:20:38,BASE,13.0267136,77.5632836,939.71,,,,
2025-08-29T12:20:38,BASE,13.0267136,77.5632835,939.72,,,,
2025-08-29T12:20:38,BASE,13.0267136,77.5632835,939.73,,,,
2025-08-29T12:20:38,DRONE,13.0267890,77.5633561,955.16,,,,
2025-08-29T12:20:38,DRONE,13.0267882,77.5633563,939.94,0.53,0.95,4,21
2025-08-29T12:20:38,DRONE,13.0267889,77.5633561,955.16,,,,
2025-08-29T12:20:38,DRONE,13.0267889,77.5633561,955.16,,,,
2025-08-29T12:20:38,BASE,13.0267137,77.5632834,939.73,,,,
2025-08-29T12:20:38,BASE,13.0267162,77.5632887,938.41,0.83,1.30,3,17
2025-08-29T12:20:38,BASE,13.0267137,77.5632834,939.74,,,,
2025-08-29T12:20:38,DRONE,13.0267889,77.5633561,955.16,,,,
2025-08-29T12:20:38,DRONE,13.0267889,77.5633561,955.16,,,,
2025-08-29T12:20:38,BASE,13.0267138,77.5632834,939.75,,,,
2025-08-29T12:20:38,BASE,13.0267138,77.5632833,939.76,,,,
2025-08-29T12:20:38,BASE,13.0267138,77.5632833,939.77,,,,
2025-08-29T12:20:38,DRONE,13.0267882,77.5633563,939.96,0.53,0.95,4,21
2025-08-29T12:20:38,DRONE,13.0267889,77.5633561,955.16,,,,
2025-08-29T12:20:38,DRONE,13.0267888,77.5633561,955.16,,,,
2025-08-29T12:20:38,BASE,13.0267162,77.5632884,938.26,0.83,1.30,3,17
2025-08-29T12:20:38,BASE,13.0267139,77.5632833,939.78,,,,
2025-08-29T12:20:38,DRONE,13.0267888,77.5633561,955.16,,,,
2025-08-29T12:20:38,BASE,13.0267139,77.5632833,939.79,,,,
2025-08-29T12:20:38,DRONE,13.0267888,77.5633561,955.16,,,,
2025-08-29T12:20:38,BASE,13.0267139,77.5632833,939.80,,,,
2025-08-29T12:20:38,BASE,13.0267139,77.5632832,939.82,,,,
2025-08-29T12:20:39,DRONE,13.0267882,77.5633563,939.99,0.53,0.95,4,21
2025-08-29T12:20:39,DRONE,13.0267888,77.5633561,955.16,,,,
2025-08-29T12:20:39,DRONE,13.0267888,77.5633561,955.16,,,,
2025-08-29T12:20:39,DRONE,13.0267887,77.5633561,955.17,,,,
2025-08-29T12:20:39,BASE,13.0267161,77.5632887,938.35,0.83,1.30,3,17
2025-08-29T12:20:39,BASE,13.0267139,77.5632832,939.83,,,,
2025-08-29T12:20:39,BASE,13.0267138,77.5632832,939.84,,,,
2025-08-29T12:20:39,DRONE,13.0267887,77.5633561,955.17,,,,
2025-08-29T12:20:39,BASE,13.0267138,77.5632832,939.85,,,,
2025-08-29T12:20:39,DRONE,13.0267881,77.5633563,940.01,0.53,0.95,4,21
2025-08-29T12:20:39,DRONE,13.0267887,77.5633561,955.17,,,,
2025-08-29T12:20:39,BASE,13.0267138,77.5632831,939.86,,,,
2025-08-29T12:20:39,BASE,13.0267161,77.5632890,938.50,0.83,1.30,3,17
2025-08-29T12:20:39,BASE,13.0267138,77.5632831,939.87,,,,
2025-08-29T12:20:39,DRONE,13.0267887,77.5633561,955.18,,,,
2025-08-29T12:20:39,DRONE,13.0267887,77.5633561,955.18,,,,
2025-08-29T12:20:39,BASE,13.0267138,77.5632831,939.88,,,,
2025-08-29T12:20:39,BASE,13.0267138,77.5632830,939.90,,,,
2025-08-29T12:20:39,DRONE,13.0267887,77.5633561,955.19,,,,
2025-08-29T12:20:39,DRONE,13.0267881,77.5633563,940.02,0.53,0.95,4,21
2025-08-29T12:20:39,DRONE,13.0267887,77.5633561,955.20,,,,
2025-08-29T12:20:39,DRONE,13.0267887,77.5633561,955.20,,,,
2025-08-29T12:20:39,BASE,13.0267138,77.5632830,939.91,,,,
2025-08-29T12:20:39,BASE,13.0267163,77.5632886,938.45,0.83,1.30,3,17
2025-08-29T12:20:39,BASE,13.0267138,77.5632829,939.92,,,,
2025-08-29T12:20:39,DRONE,13.0267886,77.5633561,955.22,,,,
2025-08-29T12:20:39,DRONE,13.0267886,77.5633561,955.23,,,,
2025-08-29T12:20:39,BASE,13.0267138,77.5632829,939.93,,,,
2025-08-29T12:20:39,BASE,13.0267138,77.5632828,939.94,,,,
2025-08-29T12:20:39,BASE,13.0267138,77.5632828,939.95,,,,
2025-08-29T12:20:39,DRONE,13.0267881,77.5633563,940.02,0.53,0.95,4,21
2025-08-29T12:20:39,DRONE,13.0267886,77.5633561,955.23,,,,
2025-08-29T12:20:39,DRONE,13.0267886,77.5633561,955.24,,,,
2025-08-29T12:20:39,BASE,13.0267162,77.5632887,938.39,0.83,1.30,3,17
2025-08-29T12:20:39,BASE,13.0267138,77.5632829,939.97,,,,
2025-08-29T12:20:39,BASE,13.0267138,77.5632829,939.98,,,,
2025-08-29T12:20:39,DRONE,13.0267886,77.5633561,955.25,,,,
2025-08-29T12:20:39,DRONE,13.0267886,77.5633561,955.26,,,,
2025-08-29T12:20:39,BASE,13.0267138,77.5632830,939.99,,,,
2025-08-29T12:20:39,BASE,13.0267138,77.5632830,940.00,,,,
2025-08-29T12:20:39,BASE,13.0267158,77.5632887,938.32,0.83,1.30,3,17
2025-08-29T12:20:39,BASE,13.0267138,77.5632830,940.02,,,,
2025-08-29T12:20:39,DRONE,13.0267879,77.5633562,940.07,0.53,0.95,4,21
2025-08-29T12:20:39,DRONE,13.0267886,77.5633561,955.27,,,,
2025-08-29T12:20:39,DRONE,13.0267885,77.5633561,955.28,,,,
2025-08-29T12:20:39,DRONE,13.0267885,77.5633561,955.30,,,,
2025-08-29T12:20:39,BASE,13.0267137,77.5632830,940.03,,,,
2025-08-29T12:20:39,BASE,13.0267137,77.5632830,940.05,,,,
2025-08-29T12:20:39,DRONE,13.0267885,77.5633561,955.30,,,,
2025-08-29T12:20:39,DRONE,13.0267878,77.5633562,940.11,0.53,0.95,4,21
2025-08-29T12:20:39,DRONE,13.0267885,77.5633561,955.31,,,,
2025-08-29T12:20:39,BASE,13.0267136,77.5632830,940.06,,,,
2025-08-29T12:20:40,BASE,13.0267154,77.5632890,938.31,0.83,1.30,3,17
2025-08-29T12:20:40,BASE,13.0267135,77.5632831,940.08,,,,
2025-08-29T12:20:40,DRONE,13.0267885,77.5633561,955.32,,,,
2025-08-29T12:20:40,DRONE,13.0267885,77.5633561,955.33,,,,
2025-08-29T12:20:40,BASE,13.0267133,77.5632832,940.09,,,,
2025-08-29T12:20:40,BASE,13.0267133,77.5632833,940.11,,,,
2025-08-29T12:20:40,BASE,13.0267133,77.5632834,940.12,,,,
2025-08-29T12:20:40,DRONE,13.0267884,77.5633561,955.34,,,,
2025-08-29T12:20:40,DRONE,13.0267877,77.5633562,940.13,0.53,0.95,4,21
2025-08-29T12:20:40,DRONE,13.0267884,77.5633561,955.35,,,,
2025-08-29T12:20:40,DRONE,13.0267884,77.5633561,955.35,,,,
2025-08-29T12:20:40,BASE,13.0267153,77.5632895,938.30,0.83,1.30,3,17
2025-08-29T12:20:40,BASE,13.0267133,77.5632835,940.14,,,,
2025-08-29T12:20:40,DRONE,13.0267884,77.5633561,955.36,,,,
2025-08-29T12:20:40,DRONE,13.0267884,77.5633561,955.37,,,,
2025-08-29T12:20:40,BASE,13.0267132,77.5632836,940.16,,,,
2025-08-29T12:20:40,BASE,13.0267132,77.5632837,940.18,,,,
2025-08-29T12:20:40,BASE,13.0267132,77.5632837,940.19,,,,
2025-08-29T12:20:40,DRONE,13.0267876,77.5633563,940.16,0.54,0.97,4,20
2025-08-29T12:20:40,DRONE,13.0267883,77.5633561,955.37,,,,
2025-08-29T12:20:40,DRONE,13.0267883,77.5633561,955.38,,,,
2025-08-29T12:20:40,BASE,13.0267154,77.5632893,938.27,0.83,1.30,3,17
2025-08-29T12:20:40,BASE,13.0267132,77.5632837,940.21,,,,
2025-08-29T12:20:40,BASE,13.0267132,77.5632837,940.23,,,,
2025-08-29T12:20:40,DRONE,13.0267883,77.5633561,955.39,,,,
2025-08-29T12:20:40,DRONE,13.0267883,77.5633562,955.39,,,,
2025-08-29T12:20:40,BASE,13.0267131,77.5632837,940.25,,,,
2025-08-29T12:20:40,BASE,13.0267131,77.5632837,940.27,,,,
2025-08-29T12:20:40,BASE,13.0267149,77.5632894,938.01,0.83,1.30,3,17
2025-08-29T12:20:40,BASE,13.0267131,77.5632838,940.29,,,,
2025-08-29T12:20:40,DRONE,13.0267876,77.5633563,940.20,0.54,0.97,4,20
2025-08-29T12:20:40,DRONE,13.0267882,77.5633562,955.40,,,,
2025-08-29T12:20:40,DRONE,13.0267882,77.5633562,955.40,,,,
2025-08-29T12:20:40,DRONE,13.0267882,77.5633562,955.41,,,,
2025-08-29T12:20:40,BASE,13.0267130,77.5632840,940.31,,,,
2025-08-29T12:20:40,BASE,13.0267129,77.5632841,940.34,,,,
2025-08-29T12:20:40,DRONE,13.0267882,77.5633562,955.42,,,,
2025-08-29T12:20:40,DRONE,13.0267875,77.5633564,940.23,0.54,0.97,4,20
2025-08-29T12:20:40,DRONE,13.0267882,77.5633562,955.43,,,,
2025-08-29T12:20:40,BASE,13.0267128,77.5632842,940.36,,,,
2025-08-29T12:20:40,BASE,13.0267147,77.5632901,938.03,0.83,1.30,3,17
2025-08-29T12:20:40,BASE,13.0267128,77.5632843,940.38,,,,
2025-08-29T12:20:40,DRONE,13.0267882,77.5633562,955.43,,,,
2025-08-29T12:20:40,DRONE,13.0267881,77.5633562,955.44,,,,
2025-08-29T12:20:40,DRONE,13.0267881,77.5633562,955.45,,,,
2025-08-29T12:20:40,BASE,13.0267127,77.5632844,940.40,,,,
2025-08-29T12:20:40,BASE,13.0267127,77.5632844,940.42,,,,
2025-08-29T12:20:40,DRONE,13.0267875,77.5633564,940.25,0.54,0.97,4,20
2025-08-29T12:20:40,DRONE,13.0267881,77.5633562,955.47,,,,
2025-08-29T12:20:40,DRONE,13.0267881,77.5633562,955.48,,,,
2025-08-29T12:20:40,BASE,13.0267126,77.5632845,940.44,,,,
2025-08-29T12:20:41,BASE,13.0267147,77.5632900,938.03,0.83,1.30,3,17
2025-08-29T12:20:41,BASE,13.0267126,77.5632845,940.46,,,,
2025-08-29T12:20:41,BASE,13.0267125,77.5632845,940.48,,,,
2025-08-29T12:20:41,DRONE,13.0267881,77.5633562,955.49,,,,
2025-08-29T12:20:41,DRONE,13.0267881,77.5633562,955.50,,,,
2025-08-29T12:20:41,BASE,13.0267125,77.5632845,940.50,,,,
2025-08-29T12:20:41,BASE,13.0267125,77.5632845,940.51,,,,
2025-08-29T12:20:41,DRONE,13.0267876,77.5633564,940.27,0.54,0.97,4,20
2025-08-29T12:20:41,DRONE,13.0267881,77.5633562,955.51,,,,
2025-08-29T12:20:41,DRONE,13.0267881,77.5633562,955.52,,,,
2025-08-29T12:20:41,DRONE,13.0267881,77.5633562,955.53,,,,
2025-08-29T12:20:41,BASE,13.0267150,77.5632898,938.02,0.83,1.30,3,17
2025-08-29T12:20:41,BASE,13.0267125,77.5632844,940.53,,,,
2025-08-29T12:20:41,BASE,13.0267126,77.5632844,940.54,,,,
2025-08-29T12:20:41,DRONE,13.0267881,77.5633562,955.55,,,,
2025-08-29T12:20:41,DRONE,13.0267876,77.5633564,940.28,0.54,0.97,4,20
2025-08-29T12:20:41,DRONE,13.0267881,77.5633562,955.56,,,,
2025-08-29T12:20:41,BASE,13.0267126,77.5632844,940.56,,,,
2025-08-29T12:20:41,BASE,13.0267126,77.5632844,940.58,,,,
2025-08-29T12:20:41,DRONE,13.0267881,77.5633562,955.57,,,,
2025-08-29T12:20:41,DRONE,13.0267881,77.5633562,955.58,,,,
2025-08-29T12:20:41,BASE,13.0267154,77.5632900,938.19,0.83,1.30,3,17
2025-08-29T12:20:41,BASE,13.0267126,77.5632843,940.59,,,,
2025-08-29T12:20:41,BASE,13.0267126,77.5632843,940.61,,,,
2025-08-29T12:20:41,BASE,13.0267126,77.5632843,940.62,,,,
2025-08-29T12:20:41,DRONE,13.0267881,77.5633562,955.60,,,,
2025-08-29T12:20:41,DRONE,13.0267876,77.5633564,940.29,0.54,0.97,4,20
2025-08-29T12:20:41,DRONE,13.0267881,77.5633562,955.61,,,,
2025-08-29T12:20:41,BASE,13.0267126,77.5632843,940.63,,,,
2025-08-29T12:20:41,BASE,13.0267156,77.5632904,938.22,0.83,1.30,3,17
2025-08-29T12:20:41,BASE,13.0267126,77.5632843,940.65,,,,
2025-08-29T12:20:41,DRONE,13.0267881,77.5633562,955.62,,,,
2025-08-29T12:20:41,DRONE,13.0267881,77.5633562,955.64,,,,
2025-08-29T12:20:41,DRONE,13.0267881,77.5633562,955.65,,,,
2025-08-29T12:20:41,BASE,13.0267127,77.5632843,940.66,,,,
2025-08-29T12:20:41,BASE,13.0267127,77.5632843,940.67,,,,
2025-08-29T12:20:41,BASE,13.0267127,77.5632843,940.69,,,,
2025-08-29T12:20:41,DRONE,13.0267875,77.5633563,940.31,0.54,0.97,4,20
2025-08-29T12:20:41,DRONE,13.0267881,77.5633562,955.67,,,,
2025-08-29T12:20:41,DRONE,13.0267881,77.5633562,955.68,,,,
2025-08-29T12:20:41,BASE,13.0267156,77.5632906,938.20,0.83,1.30,3,17
2025-08-29T12:20:41,BASE,13.0267127,77.5632844,940.70,,,,
2025-08-29T12:20:41,BASE,13.0267126,77.5632844,940.71,,,,
2025-08-29T12:20:41,DRONE,13.0267881,77.5633563,955.70,,,,
2025-08-29T12:20:41,DRONE,13.0267881,77.5633563,955.71,,,,
2025-08-29T12:20:41,BASE,13.0267126,77.5632844,940.73,,,,
2025-08-29T12:20:41,BASE,13.0267125,77.5632844,940.74,,,,
2025-08-29T12:20:42,DRONE,13.0267875,77.5633564,940.32,0.54,0.97,4,20
2025-08-29T12:20:42,DRONE,13.0267881,77.5633563,955.72,,,,
2025-08-29T12:20:42,DRONE,13.0267881,77.5633563,955.74,,,,
2025-08-29T12:20:42,DRONE,13.0267881,77.5633563,955.75,,,,
2025-08-29T12:20:42,BASE,13.0267152,77.5632909,938.14,0.83,1.30,3,17
2025-08-29T12:20:42,BASE,13.0267124,77.5632845,940.75,,,,
2025-08-29T12:20:42,BASE,13.0267123,77.5632847,940.75,,,,
2025-08-29T12:20:42,DRONE,13.0267881,77.5633563,955.76,,,,
2025-08-29T12:20:42,BASE,13.0267123,77.5632848,940.76,,,,
2025-08-29T12:20:42,DRONE,13.0267875,77.5633564,940.32,0.54,0.97,4,20
2025-08-29T12:20:42,DRONE,13.0267881,77.5633563,955.78,,,,
2025-08-29T12:20:42,BASE,13.0267122,77.5632848,940.77,,,,
2025-08-29T12:20:42,BASE,13.0267154,77.5632914,938.23,0.83,1.29,3,17
2025-08-29T12:20:42,BASE,13.0267123,77.5632849,940.78,,,,
2025-08-29T12:20:42,DRONE,13.0267881,77.5633563,955.79,,,,
2025-08-29T12:20:42,DRONE,13.0267881,77.5633563,955.81,,,,
2025-08-29T12:20:42,BASE,13.0267123,77.5632849,940.78,,,,
2025-08-29T12:20:42,BASE,13.0267122,77.5632849,940.79,,,,
2025-08-29T12:20:42,DRONE,13.0267881,77.5633563,955.82,,,,
2025-08-29T12:20:42,DRONE,13.0267875,77.5633563,940.34,0.54,0.97,4,20
2025-08-29T12:20:42,DRONE,13.0267881,77.5633563,955.84,,,,
2025-08-29T12:20:42,DRONE,13.0267881,77.5633563,955.85,,,,
2025-08-29T12:20:42,BASE,13.0267122,77.5632849,940.80,,,,
2025-08-29T12:20:42,BASE,13.0267159,77.5632916,938.27,0.83,1.29,3,17
2025-08-29T12:20:42,BASE,13.0267123,77.5632850,940.80,,,,
2025-08-29T12:20:42,DRONE,13.0267881,77.5633564,955.86,,,,
2025-08-29T12:20:42,DRONE,13.0267881,77.5633564,955.87,,,,
2025-08-29T12:20:42,BASE,13.0267123,77.5632850,940.80,,,,
2025-08-29T12:20:42,BASE,13.0267123,77.5632850,940.81,,,,
2025-08-29T12:20:42,BASE,13.0267123,77.5632850,940.81,,,,
2025-08-29T12:20:42,DRONE,13.0267875,77.5633563,940.34,0.54,0.97,4,20
2025-08-29T12:20:42,DRONE,13.0267881,77.5633564,955.89,,,,
2025-08-29T12:20:42,DRONE,13.0267881,77.5633564,955.90,,,,
2025-08-29T12:20:42,BASE,13.0267161,77.5632919,938.22,0.83,1.29,3,17
2025-08-29T12:20:42,BASE,13.0267123,77.5632851,940.81,,,,
2025-08-29T12:20:42,BASE,13.0267123,77.5632852,940.80,,,,
2025-08-29T12:20:42,DRONE,13.0267881,77.5633564,955.90,,,,
2025-08-29T12:20:42,DRONE,13.0267881,77.5633564,955.91,,,,
2025-08-29T12:20:42,BASE,13.0267124,77.5632853,940.81,,,,
2025-08-29T12:20:42,BASE,13.0267124,77.5632854,940.81,,,,
2025-08-29T12:20:42,BASE,13.0267161,77.5632929,938.22,0.83,1.29,3,17
2025-08-29T12:20:42,BASE,13.0267124,77.5632856,940.81,,,,
2025-08-29T12:20:42,DRONE,13.0267874,77.5633563,940.33,0.54,0.97,4,20
2025-08-29T12:20:42,DRONE,13.0267881,77.5633564,955.92,,,,
2025-08-29T12:20:42,DRONE,13.0267881,77.5633564,955.93,,,,
2025-08-29T12:20:42,DRONE,13.0267881,77.5633565,955.94,,,,
2025-08-29T12:20:42,BASE,13.0267124,77.5632858,940.81,,,,
2025-08-29T12:20:42,BASE,13.0267124,77.5632859,940.81,,,,
2025-08-29T12:20:42,DRONE,13.0267881,77.5633565,955.94,,,,
2025-08-29T12:20:42,DRONE,13.0267873,77.5633563,940.33,0.54,0.97,4,20
2025-08-29T12:20:42,DRONE,13.0267880,77.5633565,955.95,,,,
2025-08-29T12:20:42,BASE,13.0267124,77.5632860,940.81,,,,
2025-08-29T12:20:43,BASE,13.0267162,77.5632936,938.23,0.83,1.29,3,17
2025-08-29T12:20:43,BASE,13.0267124,77.5632861,940.80,,,,
2025-08-29T12:20:43,DRONE,13.0267880,77.5633565,955.96,,,,
2025-08-29T12:20:43,DRONE,13.0267880,77.5633565,955.97,,,,
2025-08-29T12:20:43,BASE,13.0267126,77.5632863,940.80,,,,
2025-08-29T12:20:43,BASE,13.0267126,77.5632864,940.80,,,,
2025-08-29T12:20:43,DRONE,13.0267880,77.5633565,955.98,,,,
2025-08-29T12:20:43,DRONE,13.0267872,77.5633563,940.33,0.54,0.97,4,20
2025-08-29T12:20:43,DRONE,13.0267879,77.5633565,955.99,,,,
2025-08-29T12:20:43,DRONE,13.0267879,77.5633564,956.00,,,,
2025-08-29T12:20:43,BASE,13.0267126,77.5632865,940.80,,,,
2025-08-29T12:20:43,BASE,13.0267165,77.5632938,938.13,0.83,1.29,3,17
2025-08-29T12:20:43,BASE,13.0267127,77.5632866,940.80,,,,
2025-08-29T12:20:43,DRONE,13.0267879,77.5633564,956.01,,,,
2025-08-29T12:20:43,DRONE,13.0267878,77.5633564,956.02,,,,
2025-08-29T12:20:43,BASE,13.0267127,77.5632867,940.80,,,,
2025-08-29T12:20:43,BASE,13.0267127,77.5632868,940.80,,,,
2025-08-29T12:20:43,BASE,13.0267127,77.5632869,940.80,,,,
2025-08-29T12:20:43,DRONE,13.0267871,77.5633562,940.34,0.54,0.97,4,20
2025-08-29T12:20:43,DRONE,13.0267878,77.5633564,956.04,,,,
2025-08-29T12:20:43,DRONE,13.0267878,77.5633564,956.04,,,,
2025-08-29T12:20:43,BASE,13.0267165,77.5632946,938.14,0.83,1.29,3,17
2025-08-29T12:20:43,BASE,13.0267127,77.5632871,940.79,,,,
2025-08-29T12:20:43,BASE,13.0267127,77.5632873,940.79,,,,
2025-08-29T12:20:43,DRONE,13.0267878,77.5633564,956.05,,,,
2025-08-29T12:20:43,DRONE,13.0267877,77.5633564,956.06,,,,
2025-08-29T12:20:43,BASE,13.0267127,77.5632874,940.78,,,,
2025-08-29T12:20:43,BASE,13.0267127,77.5632876,940.78,,,,
2025-08-29T12:20:43,DRONE,13.0267870,77.5633561,940.34,0.54,0.97,4,20
2025-08-29T12:20:43,BASE,13.0267163,77.5632953,938.13,0.83,1.29,3,17
2025-08-29T12:20:43,BASE,13.0267127,77.5632878,940.77,,,,
2025-08-29T12:20:43,DRONE,13.0267877,77.5633564,956.06,,,,
2025-08-29T12:20:43,DRONE,13.0267877,77.5633564,956.07,,,,
2025-08-29T12:20:43,DRONE,13.0267877,77.5633564,956.08,,,,
2025-08-29T12:20:43,BASE,13.0267127,77.5632880,940.76,,,,
2025-08-29T12:20:43,DRONE,13.0267876,77.5633564,956.09,,,,
2025-08-29T12:20:43,BASE,13.0267127,77.5632881,940.76,,,,
2025-08-29T12:20:43,DRONE,13.0267869,77.5633560,940.35,0.54,0.97,4,20
2025-08-29T12:20:43,DRONE,13.0267876,77.5633564,956.09,,,,
2025-08-29T12:20:43,BASE,13.0267126,77.5632883,940.75,,,,
2025-08-29T12:20:43,BASE,13.0267159,77.5632960,938.04,0.83,1.29,3,17
2025-08-29T12:20:43,BASE,13.0267125,77.5632886,940.75,,,,
2025-08-29T12:20:43,DRONE,13.0267876,77.5633564,956.10,,,,
2025-08-29T12:20:43,DRONE,13.0267876,77.5633563,956.10,,,,
2025-08-29T12:20:43,DRONE,13.0267875,77.5633563,956.11,,,,
2025-08-29T12:20:43,BASE,13.0267125,77.5632888,940.74,,,,
2025-08-29T12:20:43,BASE,13.0267124,77.5632890,940.74,,,,
2025-08-29T12:20:43,DRONE,13.0267869,77.5633560,940.36,0.54,0.97,4,20
2025-08-29T12:20:43,DRONE,13.0267875,77.5633563,956.11,,,,
2025-08-29T12:20:43,DRONE,13.0267875,77.5633563,956.12,,,,
2025-08-29T12:20:43,BASE,13.0267124,77.5632891,940.73,,,,
2025-08-29T12:20:44,BASE,13.0267157,77.5632965,937.94,0.83,1.29,3,17
2025-08-29T12:20:44,BASE,13.0267123,77.5632893,940.72,,,,
2025-08-29T12:20:44,BASE,13.0267121,77.5632895,940.71,,,,
2025-08-29T12:20:44,DRONE,13.0267875,77.5633563,956.12,,,,
2025-08-29T12:20:44,DRONE,13.0267875,77.5633563,956.13,,,,
2025-08-29T12:20:44,BASE,13.0267121,77.5632896,940.71,,,,
2025-08-29T12:20:44,BASE,13.0267121,77.5632897,940.70,,,,
2025-08-29T12:20:44,DRONE,13.0267869,77.5633559,940.38,0.54,0.97,4,20
2025-08-29T12:20:44,DRONE,13.0267875,77.5633563,956.13,,,,
2025-08-29T12:20:44,DRONE,13.0267875,77.5633563,956.14,,,,
2025-08-29T12:20:44,DRONE,13.0267875,77.5633562,956.14,,,,
2025-08-29T12:20:44,BASE,13.0267156,77.5632967,937.92,0.83,1.29,3,17
2025-08-29T12:20:44,BASE,13.0267121,77.5632898,940.69,,,,
2025-08-29T12:20:44,BASE,13.0267120,77.5632899,940.68,,,,
2025-08-29T12:20:44,DRONE,13.0267874,77.5633562,956.14,,,,
2025-08-29T12:20:44,DRONE,13.0267868,77.5633559,940.38,0.54,0.97,4,20
2025-08-29T12:20:44,DRONE,13.0267874,77.5633562,956.14,,,,
2025-08-29T12:20:44,BASE,13.0267120,77.5632900,940.67,,,,
2025-08-29T12:20:44,BASE,13.0267119,77.5632900,940.66,,,,
2025-08-29T12:20:44,DRONE,13.0267874,77.5633562,956.14,,,,
2025-08-29T12:20:44,DRONE,13.0267874,77.5633561,956.14,,,,
2025-08-29T12:20:44,BASE,13.0267156,77.5632963,937.91,0.83,1.29,3,17
2025-08-29T12:20:44,BASE,13.0267119,77.5632900,940.64,,,,
2025-08-29T12:20:44,BASE,13.0267119,77.5632900,940.63,,,,
2025-08-29T12:20:44,BASE,13.0267118,77.5632899,940.62,,,,
2025-08-29T12:20:44,DRONE,13.0267874,77.5633561,956.14,,,,
2025-08-29T12:20:44,DRONE,13.0267868,77.5633558,940.39,0.54,0.97,4,20
2025-08-29T12:20:44,DRONE,13.0267874,77.5633561,956.14,,,,
2025-08-29T12:20:44,BASE,13.0267118,77.5632899,940.61,,,,
2025-08-29T12:20:44,BASE,13.0267158,77.5632957,937.89,0.83,1.29,3,17
2025-08-29T12:20:44,BASE,13.0267118,77.5632898,940.59,,,,
2025-08-29T12:20:44,DRONE,13.0267874,77.5633561,956.14,,,,
2025-08-29T12:20:44,DRONE,13.0267874,77.5633561,956.14,,,,
2025-08-29T12:20:44,DRONE,13.0267873,77.5633560,956.13,,,,
2025-08-29T12:20:44,BASE,13.0267118,77.5632897,940.58,,,,
2025-08-29T12:20:44,BASE,13.0267118,77.5632896,940.57,,,,
2025-08-29T12:20:44,BASE,13.0267118,77.5632896,940.56,,,,
2025-08-29T12:20:44,DRONE,13.0267868,77.5633558,940.39,0.53,0.95,4,21
2025-08-29T12:20:44,DRONE,13.0267873,77.5633560,956.13,,,,
2025-08-29T12:20:44,DRONE,13.0267873,77.5633560,956.13,,,,
2025-08-29T12:20:44,BASE,13.0267158,77.5632957,937.81,0.83,1.29,3,17
2025-08-29T12:20:44,BASE,13.0267118,77.5632897,940.55,,,,
2025-08-29T12:20:44,BASE,13.0267118,77.5632897,940.54,,,,
2025-08-29T12:20:44,DRONE,13.0267873,77.5633560,956.13,,,,
2025-08-29T12:20:44,DRONE,13.0267873,77.5633560,956.13,,,,
2025-08-29T12:20:44,BASE,13.0267118,77.5632898,940.53,,,,
2025-08-29T12:20:44,BASE,13.0267118,77.5632898,940.52,,,,
2025-08-29T12:20:45,BASE,13.0267157,77.5632961,937.74,0.83,1.29,3,17
2025-08-29T12:20:45,BASE,13.0267118,77.5632899,940.50,,,,
2025-08-29T12:20:45,DRONE,13.0267867,77.5633558,940.41,0.54,0.97,4,20
2025-08-29T12:20:45,DRONE,13.0267873,77.5633560,956.12,,,,
2025-08-29T12:20:45,DRONE,13.0267873,77.5633559,956.12,,,,
2025-08-29T12:20:45,DRONE,13.0267873,77.5633559,956.12,,,,
2025-08-29T12:20:45,BASE,13.0267117,77.5632899,940.49,,,,
2025-08-29T12:20:45,DRONE,13.0267873,77.5633559,956.11,,,,
2025-08-29T12:20:45,DRONE,13.0267867,77.5633558,940.42,0.53,0.95,4,21
2025-08-29T12:20:45,DRONE,13.0267872,77.5633559,956.11,,,,
2025-08-29T12:20:45,BASE,13.0267117,77.5632900,940.48,,,,
2025-08-29T12:20:45,BASE,13.0267117,77.5632901,940.47,,,,
2025-08-29T12:20:45,BASE,13.0267156,77.5632967,937.77,0.83,1.29,3,17
2025-08-29T12:20:45,BASE,13.0267116,77.5632902,940.46,,,,
2025-08-29T12:20:45,DRONE,13.0267872,77.5633559,956.10,,,,
2025-08-29T12:20:45,DRONE,13.0267872,77.5633559,956.10,,,,
2025-08-29T12:20:45,BASE,13.0267116,77.5632903,940.44,,,,
2025-08-29T12:20:45,BASE,13.0267115,77.5632904,940.43,,,,
2025-08-29T12:20:45,DRONE,13.0267872,77.5633558,956.09,,,,
2025-08-29T12:20:45,DRONE,13.0267867,77.5633558,940.43,0.54,0.97,4,20
2025-08-29T12:20:45,DRONE,13.0267872,77.5633558,956.09,,,,
2025-08-29T12:20:45,DRONE,13.0267872,77.5633558,956.09,,,,
2025-08-29T12:20:45,BASE,13.0267115,77.5632905,940.42,,,,
2025-08-29T12:20:45,BASE,13.0267155,77.5632973,937.74,0.83,1.29,3,17
2025-08-29T12:20:45,BASE,13.0267115,77.5632907,940.41,,,,
2025-08-29T12:20:45,DRONE,13.0267872,77.5633558,956.09,,,,
2025-08-29T12:20:45,DRONE,13.0267872,77.5633558,956.09,,,,
2025-08-29T12:20:45,BASE,13.0267115,77.5632908,940.39,,,,
2025-08-29T12:20:45,BASE,13.0267114,77.5632909,940.38,,,,
2025-08-29T12:20:45,DRONE,13.0267867,77.5633558,940.43,0.54,0.97,4,20
2025-08-29T12:20:45,BASE,13.0267114,77.5632910,940.37,,,,
2025-08-29T12:20:45,DRONE,13.0267872,77.5633558,956.09,,,,
2025-08-29T12:20:45,DRONE,13.0267871,77.5633558,956.09,,,,
2025-08-29T12:20:45,BASE,13.0267158,77.5632977,937.86,0.83,1.29,3,17
2025-08-29T12:20:45,BASE,13.0267115,77.5632910,940.35,,,,
2025-08-29T12:20:45,BASE,13.0267115,77.5632910,940.34,,,,
2025-08-29T12:20:45,DRONE,13.0267871,77.5633558,956.09,,,,
2025-08-29T12:20:45,DRONE,13.0267871,77.5633558,956.09,,,,
2025-08-29T12:20:45,BASE,13.0267115,77.5632911,940.33,,,,
2025-08-29T12:20:45,BASE,13.0267115,77.5632911,940.32,,,,
2025-08-29T12:20:45,DRONE,13.0267865,77.5633558,940.48,0.53,0.95,4,21
2025-08-29T12:20:45,DRONE,13.0267871,77.5633558,956.09,,,,
2025-08-29T12:20:45,DRONE,13.0267871,77.5633558,956.09,,,,
2025-08-29T12:20:45,DRONE,13.0267871,77.5633558,956.10,,,,
2025-08-29T12:20:45,BASE,13.0267155,77.5632974,937.72,0.83,1.29,3,17
2025-08-29T12:20:45,BASE,13.0267114,77.5632911,940.30,,,,
2025-08-29T12:20:45,BASE,13.0267113,77.5632912,940.29,,,,
2025-08-29T12:20:45,BASE,13.0267113,77.5632913,940.28,,,,
2025-08-29T12:20:45,DRONE,13.0267871,77.5633558,956.10,,,,
2025-08-29T12:20:45,DRONE,13.0267865,77.5633558,940.50,0.53,0.95,4,21
2025-08-29T12:20:45,DRONE,13.0267871,77.5633558,956.10,,,,
2025-08-29T12:20:45,BASE,13.0267112,77.5632913,940.27,,,,
2025-08-29T12:20:46,BASE,13.0267147,77.5632978,937.56,0.83,1.29,3,17
2025-08-29T12:20:46,BASE,13.0267111,77.5632915,940.25,,,,
2025-08-29T12:20:46,DRONE,13.0267871,77.5633558,956.10,,,,
2025-08-29T12:20:46,DRONE,13.0267871,77.5633558,956.10,,,,
2025-08-29T12:20:46,BASE,13.0267109,77.5632918,940.24,,,,
2025-08-29T12:20:46,BASE,13.0267108,77.5632919,940.23,,,,
2025-08-29T12:20:46,DRONE,13.0267871,77.5633558,956.10,,,,
2025-08-29T12:20:46,DRONE,13.0267864,77.5633558,940.52,0.53,0.95,4,21
2025-08-29T12:20:46,DRONE,13.0267871,77.5633558,956.10,,,,
2025-08-29T12:20:46,DRONE,13.0267870,77.5633558,956.09,,,,
2025-08-29T12:20:46,BASE,13.0267108,77.5632920,940.22,,,,
2025-08-29T12:20:46,BASE,13.0267146,77.5632984,937.61,0.83,1.29,3,17
2025-08-29T12:20:46,BASE,13.0267108,77.5632920,940.21,,,,
2025-08-29T12:20:46,DRONE,13.0267870,77.5633558,956.09,,,,
2025-08-29T12:20:46,DRONE,13.0267870,77.5633558,956.09,,,,
2025-08-29T12:20:46,BASE,13.0267107,77.5632921,940.19,,,,
2025-08-29T12:20:46,BASE,13.0267107,77.5632921,940.18,,,,
2025-08-29T12:20:46,BASE,13.0267106,77.5632922,940.17,,,,
2025-08-29T12:20:46,DRONE,13.0267864,77.5633559,940.53,0.53,0.95,4,21
2025-08-29T12:20:46,DRONE,13.0267870,77.5633558,956.09,,,,
2025-08-29T12:20:46,DRONE,13.0267870,77.5633558,956.09,,,,
2025-08-29T12:20:46,BASE,13.0267152,77.5632983,937.95,0.83,1.29,3,17
2025-08-29T12:20:46,BASE,13.0267106,77.5632921,940.16,,,,
2025-08-29T12:20:46,BASE,13.0267106,77.5632920,940.15,,,,
2025-08-29T12:20:46,DRONE,13.0267870,77.5633558,956.09,,,,
2025-08-29T12:20:46,DRONE,13.0267870,77.5633558,956.09,,,,
2025-08-29T12:20:46,BASE,13.0267106,77.5632920,940.14,,,,
2025-08-29T12:20:46,BASE,13.0267107,77.5632919,940.13,,,,
2025-08-29T12:20:46,DRONE,13.0267863,77.5633559,940.54,0.53,0.95,4,21
2025-08-29T12:20:46,BASE,13.0267157,77.5632972,937.93,0.83,1.29,3,17
2025-08-29T12:20:46,BASE,13.0267108,77.5632917,940.12,,,,
2025-08-29T12:20:46,DRONE,13.0267870,77.5633558,956.08,,,,
2025-08-29T12:20:46,DRONE,13.0267869,77.5633558,956.08,,,,
2025-08-29T12:20:46,DRONE,13.0267869,77.5633558,956.08,,,,
2025-08-29T12:20:46,BASE,13.0267108,77.5632916,940.11,,,,
2025-08-29T12:20:46,DRONE,13.0267869,77.5633558,956.08,,,,
2025-08-29T12:20:46,BASE,13.0267108,77.5632914,940.10,,,,
2025-08-29T12:20:46,DRONE,13.0267863,77.5633559,940.55,0.53,0.95,4,21
2025-08-29T12:20:46,DRONE,13.0267869,77.5633558,956.07,,,,
2025-08-29T12:20:46,BASE,13.0267109,77.5632913,940.09,,,,
2025-08-29T12:20:46,BASE,13.0267166,77.5632972,938.16,0.83,1.29,3,17
2025-08-29T12:20:46,BASE,13.0267110,77.5632912,940.08,,,,
2025-08-29T12:20:46,DRONE,13.0267869,77.5633558,956.07,,,,
2025-08-29T12:20:46,DRONE,13.0267869,77.5633558,956.07,,,,
2025-08-29T12:20:46,BASE,13.0267111,77.5632911,940.07,,,,
2025-08-29T12:20:46,BASE,13.0267112,77.5632910,940.07,,,,
2025-08-29T12:20:46,BASE,13.0267113,77.5632909,940.06,,,,
2025-08-29T12:20:46,DRONE,13.0267869,77.5633558,956.06,,,,
2025-08-29T12:20:46,DRONE,13.0267863,77.5633559,940.56,0.53,0.95,4,21
2025-08-29T12:20:46,DRONE,13.0267869,77.5633558,956.06,,,,
2025-08-29T12:20:46,DRONE,13.0267868,77.5633558,956.06,,,,
2025-08-29T12:20:47,BASE,13.0267173,77.5632979,938.44,0.83,1.29,3,17
2025-08-29T12:20:47,BASE,13.0267114,77.5632908,940.06,,,,
2025-08-29T12:20:47,BASE,13.0267116,77.5632907,940.05,,,,
2025-08-29T12:20:47,DRONE,13.0267868,77.5633558,956.06,,,,
2025-08-29T12:20:47,DRONE,13.0267868,77.5633558,956.07,,,,
2025-08-29T12:20:47,BASE,13.0267117,77.5632907,940.04,,,,
2025-08-29T12:20:47,BASE,13.0267117,77.5632907,940.04,,,,
2025-08-29T12:20:47,DRONE,13.0267863,77.5633559,940.57,0.53,0.95,4,21
2025-08-29T12:20:47,DRONE,13.0267868,77.5633558,956.07,,,,
2025-08-29T12:20:47,DRONE,13.0267868,77.5633558,956.07,,,,
2025-08-29T12:20:47,BASE,13.0267173,77.5632985,938.49,0.83,1.29,3,17
2025-08-29T12:20:47,BASE,13.0267118,77.5632908,940.03,,,,
2025-08-29T12:20:47,BASE,13.0267118,77.5632909,940.02,,,,
2025-08-29T12:20:47,DRONE,13.0267868,77.5633558,956.07,,,,
2025-08-29T12:20:47,DRONE,13.0267868,77.5633558,956.07,,,,
2025-08-29T12:20:47,DRONE,13.0267863,77.5633560,940.59,0.53,0.95,4,21
2025-08-29T12:20:47,DRONE,13.0267868,77.5633558,956.07,,,,
2025-08-29T12:20:47,BASE,13.0267119,77.5632909,940.02,,,,
2025-08-29T12:20:47,BASE,13.0267119,77.5632910,940.01,,,,
2025-08-29T12:20:47,DRONE,13.0267868,77.5633558,956.07,,,,
2025-08-29T12:20:47,DRONE,13.0267868,77.5633558,956.06,,,,
2025-08-29T12:20:47,BASE,13.0267171,77.5632992,938.39,0.83,1.29,3,17
2025-08-29T12:20:47,BASE,13.0267119,77.5632912,940.01,,,,
2025-08-29T12:20:47,BASE,13.0267119,77.5632914,940.00,,,,
2025-08-29T12:20:47,BASE,13.0267120,77.5632915,940.00,,,,
2025-08-29T12:20:47,DRONE,13.0267868,77.5633559,956.06,,,,
2025-08-29T12:20:47,DRONE,13.0267863,77.5633560,940.59,0.53,0.95,4,21
2025-08-29T12:20:47,DRONE,13.0267868,77.5633559,956.06,,,,
2025-08-29T12:20:47,BASE,13.0267120,77.5632917,939.99,,,,
2025-08-29T12:20:47,BASE,13.0267172,77.5632997,938.31,0.83,1.29,3,17
2025-08-29T12:20:47,BASE,13.0267120,77.5632918,939.98,,,,
2025-08-29T12:20:47,DRONE,13.0267868,77.5633559,956.06,,,,
2025-08-29T12:20:47,DRONE,13.0267868,77.5633559,956.06,,,,
2025-08-29T12:20:47,BASE,13.0267120,77.5632920,939.97,,,,
2025-08-29T12:20:47,BASE,13.0267120,77.5632921,939.96,,,,
2025-08-29T12:20:47,BASE,13.0267121,77.5632922,939.96,,,,
2025-08-29T12:20:47,DRONE,13.0267868,77.5633559,956.06,,,,
2025-08-29T12:20:47,DRONE,13.0267863,77.5633560,940.59,0.53,0.95,4,21
2025-08-29T12:20:47,DRONE,13.0267868,77.5633559,956.06,,,,
2025-08-29T12:20:47,DRONE,13.0267868,77.5633559,956.06,,,,
2025-08-29T12:20:47,BASE,13.0267173,77.5633000,938.39,0.83,1.29,3,17
2025-08-29T12:20:47,BASE,13.0267121,77.5632923,939.95,,,,
2025-08-29T12:20:47,DRONE,13.0267868,77.5633559,956.06,,,,
2025-08-29T12:20:47,BASE,13.0267121,77.5632923,939.94,,,,
2025-08-29T12:20:47,DRONE,13.0267868,77.5633559,956.06,,,,
2025-08-29T12:20:47,BASE,13.0267122,77.5632924,939.94,,,,
2025-08-29T12:20:47,BASE,13.0267121,77.5632925,939.93,,,,
2025-08-29T12:20:48,BASE,13.0267171,77.5633002,938.35,0.83,1.29,3,17
2025-08-29T12:20:48,DRONE,13.0267862,77.5633561,940.60,0.53,0.95,4,21
2025-08-29T12:20:48,BASE,13.0267121,77.5632926,939.92,,,,
2025-08-29T12:20:48,DRONE,13.0267868,77.5633559,956.06,,,,
2025-08-29T12:20:48,DRONE,13.0267867,77.5633559,956.06,,,,
2025-08-29T12:20:48,DRONE,13.0267867,77.5633559,956.06,,,,
2025-08-29T12:20:48,BASE,13.0267121,77.5632928,939.92,,,,
2025-08-29T12:20:48,DRONE,13.0267867,77.5633559,956.06,,,,
2025-08-29T12:20:48,DRONE,13.0267862,77.5633561,940.60,0.53,0.95,4,21
2025-08-29T12:20:48,DRONE,13.0267867,77.5633560,956.07,,,,
2025-08-29T12:20:48,BASE,13.0267121,77.5632929,939.91,,,,
2025-08-29T12:20:48,BASE,13.0267120,77.5632929,939.91,,,,
2025-08-29T12:20:48,BASE,13.0267168,77.5633006,938.40,0.83,1.29,3,17
2025-08-29T12:20:48,BASE,13.0267120,77.5632930,939.90,,,,
2025-08-29T12:20:48,DRONE,13.0267867,77.5633560,956.06,,,,
2025-08-29T12:20:48,DRONE,13.0267867,77.5633560,956.06,,,,
2025-08-29T12:20:48,BASE,13.0267120,77.5632930,939.90,,,,
2025-08-29T12:20:48,BASE,13.0267120,77.5632931,939.90,,,,
2025-08-29T12:20:48,DRONE,13.0267867,77.5633560,956.06,,,,
2025-08-29T12:20:48,DRONE,13.0267861,77.5633562,940.61,0.53,0.95,4,21
2025-08-29T12:20:48,DRONE,13.0267867,77.5633560,956.06,,,,
2025-08-29T12:20:48,DRONE,13.0267867,77.5633560,956.06,,,,
2025-08-29T12:20:48,BASE,13.0267119,77.5632931,939.89,,,,
2025-08-29T12:20:48,BASE,13.0267170,77.5633011,938.50,0.83,1.29,3,17
2025-08-29T12:20:48,BASE,13.0267120,77.5632932,939.89,,,,
2025-08-29T12:20:48,DRONE,13.0267866,77.5633561,956.06,,,,
2025-08-29T12:20:48,DRONE,13.0267866,77.5633561,956.06,,,,
2025-08-29T12:20:48,BASE,13.0267120,77.5632933,939.89,,,,
2025-08-29T12:20:48,BASE,13.0267120,77.5632934,939.89,,,,
2025-08-29T12:20:48,BASE,13.0267120,77.5632935,939.88,,,,
2025-08-29T12:20:48,DRONE,13.0267861,77.5633562,940.61,0.53,0.95,4,21
2025-08-29T12:20:48,DRONE,13.0267866,77.5633561,956.06,,,,
2025-08-29T12:20:48,DRONE,13.0267866,77.5633561,956.05,,,,
2025-08-29T12:20:48,BASE,13.0267173,77.5633020,938.58,0.83,1.29,3,17
2025-08-29T12:20:48,BASE,13.0267120,77.5632937,939.88,,,,
2025-08-29T12:20:48,BASE,13.0267120,77.5632939,939.88,,,,
2025-08-29T12:20:48,DRONE,13.0267866,77.5633562,956.05,,,,
2025-08-29T12:20:48,DRONE,13.0267866,77.5633562,956.05,,,,
2025-08-29T12:20:48,BASE,13.0267120,77.5632940,939.88,,,,
2025-08-29T12:20:48,BASE,13.0267121,77.5632941,939.87,,,,
2025-08-29T12:20:48,DRONE,13.0267860,77.5633562,940.62,0.53,0.95,4,21
2025-08-29T12:20:48,DRONE,13.0267866,77.5633562,956.05,,,,
2025-08-29T12:20:48,DRONE,13.0267866,77.5633562,956.05,,,,
2025-08-29T12:20:48,DRONE,13.0267866,77.5633562,956.04,,,,
2025-08-29T12:20:48,BASE,13.0267175,77.5633025,938.73,0.83,1.29,3,17
2025-08-29T12:20:48,BASE,13.0267121,77.5632941,939.87,,,,
2025-08-29T12:20:48,BASE,13.0267121,77.5632942,939.87,,,,
2025-08-29T12:20:48,BASE,13.0267122,77.5632942,939.86,,,,
2025-08-29T12:20:48,DRONE,13.0267866,77.5633562,956.04,,,,
2025-08-29T12:20:48,DRONE,13.0267860,77.5633563,940.64,0.53,0.95,4,21
2025-08-29T12:20:48,DRONE,13.0267866,77.5633562,956.03,,,,
2025-08-29T12:20:48,BASE,13.0267122,77.5632943,939.86,,,,
2025-08-29T12:20:49,BASE,13.0267175,77.5633024,938.69,0.83,1.29,3,17
2025-08-29T12:20:49,BASE,13.0267122,77.5632944,939.86,,,,
2025-08-29T12:20:49,DRONE,13.0267866,77.5633562,956.03,,,,
2025-08-29T12:20:49,DRONE,13.0267865,77.5633562,956.02,,,,
2025-08-29T12:20:49,BASE,13.0267123,77.5632945,939.85,,,,
2025-08-29T12:20:49,BASE,13.0267124,77.5632945,939.85,,,,
2025-08-29T12:20:49,DRONE,13.0267865,77.5633563,956.02,,,,
2025-08-29T12:20:49,DRONE,13.0267860,77.5633563,940.63,0.53,0.95,4,21
2025-08-29T12:20:49,DRONE,13.0267865,77.5633563,956.02,,,,
2025-08-29T12:20:49,DRONE,13.0267865,77.5633563,956.01,,,,
2025-08-29T12:20:49,BASE,13.0267124,77.5632946,939.85,,,,
2025-08-29T12:20:49,BASE,13.0267177,77.5633029,938.90,0.83,1.29,3,17
2025-08-29T12:20:49,BASE,13.0267124,77.5632946,939.85,,,,
2025-08-29T12:20:49,DRONE,13.0267865,77.5633563,956.01,,,,
2025-08-29T12:20:49,DRONE,13.0267865,77.5633563,956.01,,,,
2025-08-29T12:20:49,BASE,13.0267124,77.5632947,939.85,,,,
2025-08-29T12:20:49,BASE,13.0267124,77.5632947,939.85,,,,
2025-08-29T12:20:49,BASE,13.0267124,77.5632947,939.85,,,,
2025-08-29T12:20:49,DRONE,13.0267859,77.5633563,940.64,0.53,0.95,4,21
2025-08-29T12:20:49,DRONE,13.0267865,77.5633563,956.01,,,,
2025-08-29T12:20:49,DRONE,13.0267865,77.5633563,956.01,,,,
2025-08-29T12:20:49,BASE,13.0267177,77.5633026,938.93,0.83,1.29,3,17
2025-08-29T12:20:49,BASE,13.0267124,77.5632947,939.85,,,,
2025-08-29T12:20:49,BASE,13.0267125,77.5632947,939.84,,,,
2025-08-29T12:20:49,DRONE,13.0267865,77.5633563,956.01,,,,
2025-08-29T12:20:49,DRONE,13.0267864,77.5633563,956.01,,,,
2025-08-29T12:20:49,BASE,13.0267125,77.5632947,939.85,,,,
2025-08-29T12:20:49,BASE,13.0267125,77.5632948,939.85,,,,
2025-08-29T12:20:49,BASE,13.0267178,77.5633028,938.94,0.83,1.29,3,17
2025-08-29T12:20:49,BASE,13.0267126,77.5632949,939.84,,,,
2025-08-29T12:20:49,DRONE,13.0267859,77.5633563,940.64,0.53,0.95,4,21
2025-08-29T12:20:49,DRONE,13.0267864,77.5633563,956.01,,,,
2025-08-29T12:20:49,DRONE,13.0267864,77.5633563,956.01,,,,
2025-08-29T12:20:49,DRONE,13.0267864,77.5633563,956.01,,,,
2025-08-29T12:20:49,BASE,13.0267126,77.5632949,939.84,,,,
2025-08-29T12:20:49,BASE,13.0267126,77.5632950,939.85,,,,
2025-08-29T12:20:49,DRONE,13.0267864,77.5633564,956.01,,,,
2025-08-29T12:20:49,DRONE,13.0267859,77.5633563,940.65,0.53,0.95,4,21
2025-08-29T12:20:49,DRONE,13.0267864,77.5633564,956.01,,,,
2025-08-29T12:20:49,BASE,13.0267127,77.5632951,939.84,,,,
2025-08-29T12:20:49,BASE,13.0267178,77.5633029,938.98,0.83,1.29,3,17
2025-08-29T12:20:49,BASE,13.0267127,77.5632951,939.85,,,,
2025-08-29T12:20:49,DRONE,13.0267864,77.5633564,956.01,,,,
2025-08-29T12:20:49,DRONE,13.0267864,77.5633564,956.01,,,,
2025-08-29T12:20:49,BASE,13.0267127,77.5632951,939.84,,,,
2025-08-29T12:20:49,BASE,13.0267127,77.5632952,939.85,,,,
2025-08-29T12:20:49,DRONE,13.0267864,77.5633564,956.01,,,,
2025-08-29T12:20:49,BASE,13.0267127,77.5632953,939.85,,,,
2025-08-29T12:20:49,DRONE,13.0267859,77.5633563,940.65,0.53,0.95,4,21
2025-08-29T12:20:49,DRONE,13.0267864,77.5633564,956.01,,,,
2025-08-29T12:20:49,DRONE,13.0267863,77.5633564,956.01,,,,
2025-08-29T12:20:50,BASE,13.0267172,77.5633030,938.97,0.83,1.29,3,17
2025-08-29T12:20:50,BASE,13.0267126,77.5632954,939.85,,,,
2025-08-29T12:20:50,DRONE,13.0267863,77.5633564,956.01,,,,
2025-08-29T12:20:50,DRONE,13.0267863,77.5633564,956.01,,,,
2025-08-29T12:20:50,BASE,13.0267125,77.5632956,939.85,,,,
2025-08-29T12:20:50,BASE,13.0267124,77.5632956,939.85,,,,
2025-08-29T12:20:50,BASE,13.0267123,77.5632956,939.84,,,,
2025-08-29T12:20:50,DRONE,13.0267857,77.5633563,940.67,0.53,0.95,4,21
2025-08-29T12:20:50,DRONE,13.0267863,77.5633564,956.00,,,,
2025-08-29T12:20:50,DRONE,13.0267863,77.5633564,956.00,,,,
2025-08-29T12:20:50,BASE,13.0267165,77.5633034,938.95,0.83,1.29,3,17
2025-08-29T12:20:50,BASE,13.0267122,77.5632958,939.84,,,,
2025-08-29T12:20:50,BASE,13.0267121,77.5632959,939.84,,,,
2025-08-29T12:20:50,DRONE,13.0267863,77.5633564,956.00,,,,
2025-08-29T12:20:50,DRONE,13.0267863,77.5633564,956.00,,,,
2025-08-29T12:20:50,DRONE,13.0267856,77.5633562,940.66,0.53,0.95,4,21
2025-08-29T12:20:50,DRONE,13.0267863,77.5633564,955.99,,,,
2025-08-29T12:20:50,BASE,13.0267121,77.5632960,939.84,,,,
2025-08-29T12:20:50,BASE,13.0267120,77.5632961,939.84,,,,
2025-08-29T12:20:50,DRONE,13.0267862,77.5633564,955.99,,,,
2025-08-29T12:20:50,DRONE,13.0267862,77.5633564,955.99,,,,
2025-08-29T12:20:50,BASE,13.0267163,77.5633037,939.02,0.83,1.29,3,17
2025-08-29T12:20:50,BASE,13.0267119,77.5632962,939.85,,,,
2025-08-29T12:20:50,BASE,13.0267119,77.5632963,939.85,,,,
2025-08-29T12:20:50,BASE,13.0267118,77.5632963,939.85,,,,
2025-08-29T12:20:50,DRONE,13.0267862,77.5633564,955.99,,,,
2025-08-29T12:20:50,DRONE,13.0267855,77.5633561,940.68,0.53,0.95,4,21
2025-08-29T12:20:50,DRONE,13.0267862,77.5633564,955.99,,,,
2025-08-29T12:20:50,BASE,13.0267118,77.5632964,939.85,,,,
2025-08-29T12:20:50,BASE,13.0267162,77.5633036,939.14,0.83,1.29,3,17
2025-08-29T12:20:50,BASE,13.0267117,77.5632964,939.85,,,,
2025-08-29T12:20:50,DRONE,13.0267862,77.5633563,955.99,,,,
2025-08-29T12:20:50,DRONE,13.0267862,77.5633563,955.98,,,,
2025-08-29T12:20:50,BASE,13.0267117,77.5632964,939.85,,,,
2025-08-29T12:20:50,BASE,13.0267117,77.5632964,939.86,,,,
2025-08-29T12:20:50,BASE,13.0267116,77.5632964,939.86,,,,
2025-08-29T12:20:50,DRONE,13.0267862,77.5633563,955.98,,,,
2025-08-29T12:20:50,DRONE,13.0267854,77.5633561,940.69,0.53,0.95,4,21
2025-08-29T12:20:50,DRONE,13.0267861,77.5633563,955.98,,,,
2025-08-29T12:20:50,DRONE,13.0267861,77.5633563,955.97,,,,
2025-08-29T12:20:50,BASE,13.0267162,77.5633030,939.16,0.83,1.29,3,17
2025-08-29T12:20:50,BASE,13.0267116,77.5632964,939.86,,,,
2025-08-29T12:20:50,DRONE,13.0267860,77.5633564,955.97,,,,
2025-08-29T12:20:50,DRONE,13.0267860,77.5633564,955.97,,,,
2025-08-29T12:20:50,BASE,13.0267116,77.5632964,939.87,,,,
2025-08-29T12:20:50,BASE,13.0267116,77.5632964,939.87,,,,
2025-08-29T12:20:50,BASE,13.0267117,77.5632964,939.87,,,,
2025-08-29T12:20:51,DRONE,13.0267853,77.5633562,940.70,0.53,0.95,4,21
2025-08-29T12:20:51,DRONE,13.0267860,77.5633564,955.97,,,,
2025-08-29T12:20:51,DRONE,13.0267860,77.5633564,955.96,,,,
2025-08-29T12:20:51,DRONE,13.0267859,77.5633565,955.96,,,,
2025-08-29T12:20:51,BASE,13.0267162,77.5633026,939.10,0.83,1.29,3,17
2025-08-29T12:20:51,BASE,13.0267117,77.5632964,939.87,,,,
2025-08-29T12:20:51,BASE,13.0267117,77.5632964,939.87,,,,
2025-08-29T12:20:51,DRONE,13.0267859,77.5633565,955.96,,,,
2025-08-29T12:20:51,BASE,13.0267117,77.5632964,939.88,,,,
2025-08-29T12:20:51,BASE,13.0267118,77.5632964,939.88,,,,
2025-08-29T12:20:51,BASE,13.0267165,77.5633027,939.26,0.83,1.29,3,17
2025-08-29T12:20:51,BASE,13.0267118,77.5632964,939.88,,,,
2025-08-29T12:20:51,DRONE,13.0267853,77.5633561,940.71,0.53,0.95,4,21
2025-08-29T12:20:51,DRONE,13.0267859,77.5633565,955.96,,,,
2025-08-29T12:20:51,DRONE,13.0267859,77.5633565,955.96,,,,
2025-08-29T12:20:51,DRONE,13.0267858,77.5633565,955.95,,,,
2025-08-29T12:20:51,BASE,13.0267119,77.5632964,939.88,,,,
2025-08-29T12:20:51,BASE,13.0267120,77.5632963,939.89,,,,
2025-08-29T12:20:51,DRONE,13.0267858,77.5633565,955.95,,,,
2025-08-29T12:20:51,DRONE,13.0267852,77.5633560,940.71,0.53,0.95,4,21
2025-08-29T12:20:51,DRONE,13.0267857,77.5633565,955.95,,,,
2025-08-29T12:20:51,BASE,13.0267120,77.5632963,939.89,,,,
2025-08-29T12:20:51,BASE,13.0267169,77.5633021,939.30,0.83,1.29,3,17
2025-08-29T12:20:51,BASE,13.0267120,77.5632963,939.89,,,,
2025-08-29T12:20:51,DRONE,13.0267857,77.5633564,955.95,,,,
2025-08-29T12:20:51,DRONE,13.0267857,77.5633564,955.95,,,,
2025-08-29T12:20:51,DRONE,13.0267857,77.5633564,955.95,,,,
2025-08-29T12:20:51,BASE,13.0267120,77.5632962,939.90,,,,
2025-08-29T12:20:51,BASE,13.0267121,77.5632962,939.90,,,,
2025-08-29T12:20:51,BASE,13.0267122,77.5632961,939.90,,,,
2025-08-29T12:20:51,DRONE,13.0267852,77.5633560,940.71,0.53,0.95,4,21
2025-08-29T12:20:51,DRONE,13.0267857,77.5633564,955.95,,,,
2025-08-29T12:20:51,DRONE,13.0267856,77.5633564,955.95,,,,
2025-08-29T12:20:51,BASE,13.0267173,77.5633016,939.37,0.83,1.29,3,17
2025-08-29T12:20:51,BASE,13.0267123,77.5632960,939.91,,,,
2025-08-29T12:20:51,BASE,13.0267124,77.5632959,939.91,,,,
2025-08-29T12:20:51,DRONE,13.0267856,77.5633564,955.94,,,,
2025-08-29T12:20:51,DRONE,13.0267856,77.5633564,955.94,,,,
2025-08-29T12:20:51,BASE,13.0267124,77.5632958,939.91,,,,
2025-08-29T12:20:51,BASE,13.0267125,77.5632957,939.92,,,,
2025-08-29T12:20:51,DRONE,13.0267852,77.5633557,940.72,0.53,0.95,4,21
2025-08-29T12:20:51,DRONE,13.0267857,77.5633563,955.94,,,,
2025-08-29T12:20:51,DRONE,13.0267857,77.5633563,955.94,,,,
2025-08-29T12:20:51,DRONE,13.0267857,77.5633562,955.94,,,,
2025-08-29T12:20:51,BASE,13.0267174,77.5633012,939.35,0.83,1.29,3,17
2025-08-29T12:20:51,BASE,13.0267126,77.5632956,939.92,,,,
2025-08-29T12:20:51,BASE,13.0267126,77.5632956,939.92,,,,
2025-08-29T12:20:51,DRONE,13.0267857,77.5633562,955.93,,,,
2025-08-29T12:20:51,BASE,13.0267127,77.5632955,939.92,,,,
2025-08-29T12:20:51,DRONE,13.0267852,77.5633556,940.73,0.53,0.95,4,21
2025-08-29T12:20:51,DRONE,13.0267857,77.5633562,955.93,,,,
2025-08-29T12:20:51,BASE,13.0267127,77.5632954,939.92,,,,
2025-08-29T12:20:52,BASE,13.0267176,77.5633012,939.40,0.83,1.29,3,17
2025-08-29T12:20:52,BASE,13.0267128,77.5632954,939.93,,,,
2025-08-29T12:20:52,DRONE,13.0267857,77.5633562,955.93,,,,
2025-08-29T12:20:52,DRONE,13.0267857,77.5633562,955.92,,,,
2025-08-29T12:20:52,BASE,13.0267130,77.5632954,939.93,,,,
2025-08-29T12:20:52,BASE,13.0267131,77.5632954,939.93,,,,
2025-08-29T12:20:52,DRONE,13.0267857,77.5633562,955.91,,,,
2025-08-29T12:20:52,DRONE,13.0267851,77.5633556,940.75,0.53,0.95,4,21
2025-08-29T12:20:52,DRONE,13.0267857,77.5633562,955.91,,,,
2025-08-29T12:20:52,DRONE,13.0267857,77.5633562,955.90,,,,
2025-08-29T12:20:52,BASE,13.0267131,77.5632954,939.93,,,,
2025-08-29T12:20:52,BASE,13.0267178,77.5633011,939.31,0.83,1.29,3,17
2025-08-29T12:20:52,BASE,13.0267131,77.5632955,939.93,,,,
2025-08-29T12:20:52,DRONE,13.0267857,77.5633562,955.90,,,,
2025-08-29T12:20:52,DRONE,13.0267856,77.5633562,955.89,,,,
2025-08-29T12:20:52,BASE,13.0267132,77.5632955,939.93,,,,
2025-08-29T12:20:52,BASE,13.0267133,77.5632955,939.94,,,,
2025-08-29T12:20:52,BASE,13.0267133,77.5632955,939.94,,,,
2025-08-29T12:20:52,DRONE,13.0267850,77.5633555,940.74,0.53,0.95,4,21
2025-08-29T12:20:52,DRONE,13.0267856,77.5633562,955.89,,,,
2025-08-29T12:20:52,DRONE,13.0267856,77.5633562,955.89,,,,
2025-08-29T12:20:52,BASE,13.0267179,77.5633015,939.41,0.83,1.29,3,17
2025-08-29T12:20:52,BASE,13.0267134,77.5632956,939.94,,,,
2025-08-29T12:20:52,BASE,13.0267134,77.5632956,939.94,,,,
2025-08-29T12:20:52,DRONE,13.0267856,77.5633561,955.88,,,,
2025-08-29T12:20:52,DRONE,13.0267855,77.5633561,955.88,,,,
2025-08-29T12:20:52,BASE,13.0267134,77.5632956,939.94,,,,
2025-08-29T12:20:52,BASE,13.0267134,77.5632956,939.94,,,,
2025-08-29T12:20:52,BASE,13.0267180,77.5633013,939.52,0.83,1.29,3,17
2025-08-29T12:20:52,BASE,13.0267134,77.5632955,939.94,,,,
2025-08-29T12:20:52,DRONE,13.0267849,77.5633555,940.76,0.53,0.95,4,21
2025-08-29T12:20:52,DRONE,13.0267855,77.5633561,955.88,,,,
2025-08-29T12:20:52,DRONE,13.0267855,77.5633561,955.88,,,,
2025-08-29T12:20:52,DRONE,13.0267855,77.5633560,955.88,,,,
2025-08-29T12:20:52,BASE,13.0267135,77.5632955,939.94,,,,
2025-08-29T12:20:52,BASE,13.0267136,77.5632955,939.95,,,,
2025-08-29T12:20:52,DRONE,13.0267855,77.5633560,955.88,,,,
2025-08-29T12:20:52,DRONE,13.0267848,77.5633554,940.78,0.53,0.95,4,21
2025-08-29T12:20:52,DRONE,13.0267854,77.5633560,955.88,,,,
2025-08-29T12:20:52,BASE,13.0267137,77.5632955,939.95,,,,
2025-08-29T12:20:52,BASE,13.0267186,77.5633008,939.58,0.83,1.29,3,17
2025-08-29T12:20:52,BASE,13.0267138,77.5632954,939.95,,,,
2025-08-29T12:20:52,DRONE,13.0267854,77.5633559,955.87,,,,
2025-08-29T12:20:52,DRONE,13.0267854,77.5633559,955.87,,,,
2025-08-29T12:20:52,BASE,13.0267139,77.5632954,939.95,,,,
2025-08-29T12:20:52,BASE,13.0267140,77.5632953,939.95,,,,
2025-08-29T12:20:52,DRONE,13.0267854,77.5633559,955.87,,,,
2025-08-29T12:20:52,DRONE,13.0267848,77.5633553,940.79,0.53,0.95,4,21
2025-08-29T12:20:52,DRONE,13.0267854,77.5633558,955.87,,,,
2025-08-29T12:20:52,DRONE,13.0267854,77.5633558,955.87,,,,
2025-08-29T12:20:52,BASE,13.0267141,77.5632952,939.95,,,,
2025-08-29T12:20:53,BASE,13.0267192,77.5633002,939.67,0.83,1.29,3,17
2025-08-29T12:20:53,BASE,13.0267142,77.5632951,939.95,,,,
2025-08-29T12:20:53,DRONE,13.0267854,77.5633558,955.88,,,,
2025-08-29T12:20:53,DRONE,13.0267854,77.5633558,955.88,,,,
2025-08-29T12:20:53,BASE,13.0267144,77.5632949,939.96,,,,
2025-08-29T12:20:53,BASE,13.0267145,77.5632949,939.96,,,,
2025-08-29T12:20:53,BASE,13.0267145,77.5632948,939.97,,,,
2025-08-29T12:20:53,DRONE,13.0267848,77.5633553,940.82,0.53,0.95,4,21
2025-08-29T12:20:53,DRONE,13.0267854,77.5633558,955.88,,,,
2025-08-29T12:20:53,DRONE,13.0267854,77.5633558,955.88,,,,
2025-08-29T12:20:53,BASE,13.0267195,77.5632998,939.76,0.83,1.29,3,17
2025-08-29T12:20:53,BASE,13.0267146,77.5632947,939.97,,,,
2025-08-29T12:20:53,BASE,13.0267147,77.5632947,939.97,,,,
2025-08-29T12:20:53,DRONE,13.0267854,77.5633558,955.89,,,,
2025-08-29T12:20:53,DRONE,13.0267854,77.5633558,955.89,,,,
2025-08-29T12:20:53,BASE,13.0267148,77.5632946,939.98,,,,
2025-08-29T12:20:53,BASE,13.0267148,77.5632945,939.98,,,,
2025-08-29T12:20:53,BASE,13.0267195,77.5633001,939.78,0.83,1.29,3,17
2025-08-29T12:20:53,BASE,13.0267149,77.5632946,939.99,,,,
2025-08-29T12:20:53,DRONE,13.0267848,77.5633553,940.84,0.53,0.95,4,21
2025-08-29T12:20:53,DRONE,13.0267854,77.5633558,955.89,,,,
2025-08-29T12:20:53,DRONE,13.0267854,77.5633558,955.89,,,,
2025-08-29T12:20:53,DRONE,13.0267854,77.5633558,955.89,,,,
2025-08-29T12:20:53,BASE,13.0267150,77.5632946,939.99,,,,
2025-08-29T12:20:53,DRONE,13.0267854,77.5633559,955.89,,,,
2025-08-29T12:20:53,BASE,13.0267150,77.5632947,940.00,,,,
2025-08-29T12:20:53,DRONE,13.0267846,77.5633553,940.85,0.53,0.95,4,21
2025-08-29T12:20:53,DRONE,13.0267854,77.5633559,955.89,,,,
2025-08-29T12:20:53,BASE,13.0267151,77.5632947,940.00,,,,
2025-08-29T12:20:53,BASE,13.0267197,77.5633006,939.84,0.83,1.29,3,17
2025-08-29T12:20:53,BASE,13.0267152,77.5632948,940.01,,,,
2025-08-29T12:20:53,DRONE,13.0267854,77.5633559,955.89,,,,
2025-08-29T12:20:53,DRONE,13.0267854,77.5633559,955.89,,,,
2025-08-29T12:20:53,BASE,13.0267153,77.5632949,940.01,,,,
2025-08-29T12:20:53,BASE,13.0267153,77.5632949,940.02,,,,
2025-08-29T12:20:53,BASE,13.0267154,77.5632949,940.03,,,,
2025-08-29T12:20:53,DRONE,13.0267853,77.5633560,955.89,,,,
2025-08-29T12:20:53,DRONE,13.0267843,77.5633553,940.85,0.53,0.95,4,21
2025-08-29T12:20:53,DRONE,13.0267853,77.5633560,955.89,,,,
2025-08-29T12:20:53,DRONE,13.0267851,77.5633560,955.89,,,,
2025-08-29T12:20:53,BASE,13.0267200,77.5633004,939.84,0.83,1.29,3,17
2025-08-29T12:20:53,BASE,13.0267155,77.5632950,940.03,,,,
2025-08-29T12:20:53,DRONE,13.0267849,77.5633560,955.89,,,,
2025-08-29T12:20:53,DRONE,13.0267848,77.5633560,955.89,,,,
2025-08-29T12:20:53,BASE,13.0267156,77.5632950,940.03,,,,
2025-08-29T12:20:53,BASE,13.0267157,77.5632950,940.04,,,,
2025-08-29T12:20:53,BASE,13.0267158,77.5632950,940.04,,,,
2025-08-29T12:20:54,DRONE,13.0267839,77.5633552,940.85,0.53,0.95,4,21
2025-08-29T12:20:54,DRONE,13.0267846,77.5633559,955.90,,,,
2025-08-29T12:20:54,DRONE,13.0267844,77.5633559,955.90,,,,
2025-08-29T12:20:54,DRONE,13.0267842,77.5633559,955.90,,,,
2025-08-29T12:20:54,BASE,13.0267198,77.5633003,939.83,0.83,1.29,3,17
2025-08-29T12:20:54,BASE,13.0267158,77.5632951,940.04,,,,
2025-08-29T12:20:54,BASE,13.0267158,77.5632952,940.05,,,,
2025-08-29T12:20:54,DRONE,13.0267840,77.5633558,955.90,,,,
2025-08-29T12:20:54,BASE,13.0267158,77.5632953,940.05,,,,
2025-08-29T12:20:54,BASE,13.0267158,77.5632953,940.06,,,,
2025-08-29T12:20:54,BASE,13.0267197,77.5633003,939.94,0.83,1.29,3,17
2025-08-29T12:20:54,BASE,13.0267158,77.5632952,940.06,,,,
2025-08-29T12:20:54,DRONE,13.0267838,77.5633548,940.84,0.53,0.95,4,21
2025-08-29T12:20:54,DRONE,13.0267837,77.5633556,955.90,,,,
2025-08-29T12:20:54,DRONE,13.0267835,77.5633555,955.89,,,,
2025-08-29T12:20:54,DRONE,13.0267832,77.5633553,955.89,,,,
2025-08-29T12:20:54,BASE,13.0267158,77.5632952,940.06,,,,
2025-08-29T12:20:54,BASE,13.0267158,77.5632952,940.07,,,,
2025-08-29T12:20:54,DRONE,13.0267829,77.5633551,955.89,,,,
2025-08-29T12:20:54,DRONE,13.0267837,77.5633538,940.85,0.53,0.95,4,21
2025-08-29T12:20:54,DRONE,13.0267826,77.5633548,955.88,,,,
2025-08-29T12:20:54,BASE,13.0267158,77.5632951,940.07,,,,
2025-08-29T12:20:54,BASE,13.0267199,77.5632999,939.91,0.83,1.29,3,17
2025-08-29T12:20:54,BASE,13.0267159,77.5632951,940.08,,,,
2025-08-29T12:20:54,DRONE,13.0267823,77.5633545,955.88,,,,
2025-08-29T12:20:54,DRONE,13.0267820,77.5633542,955.89,,,,
2025-08-29T12:20:54,DRONE,13.0267817,77.5633539,955.89,,,,
2025-08-29T12:20:54,BASE,13.0267160,77.5632951,940.08,,,,
2025-08-29T12:20:54,BASE,13.0267160,77.5632951,940.08,,,,
2025-08-29T12:20:54,BASE,13.0267161,77.5632951,940.09,,,,
2025-08-29T12:20:54,DRONE,13.0267840,77.5633523,940.86,0.53,0.95,4,21
2025-08-29T12:20:54,DRONE,13.0267815,77.5633535,955.90,,,,
2025-08-29T12:20:54,DRONE,13.0267814,77.5633530,955.91,,,,
2025-08-29T12:20:54,BASE,13.0267201,77.5633000,939.88,0.83,1.29,3,17
2025-08-29T12:20:54,BASE,13.0267161,77.5632952,940.09,,,,
2025-08-29T12:20:54,BASE,13.0267162,77.5632952,940.09,,,,
2025-08-29T12:20:54,DRONE,13.0267813,77.5633526,955.92,,,,
2025-08-29T12:20:54,DRONE,13.0267812,77.5633521,955.93,,,,
2025-08-29T12:20:54,BASE,13.0267162,77.5632952,940.10,,,,
2025-08-29T12:20:54,BASE,13.0267162,77.5632952,940.10,,,,
2025-08-29T12:20:54,DRONE,13.0267845,77.5633506,940.91,0.53,0.95,4,21
2025-08-29T12:20:54,DRONE,13.0267813,77.5633516,955.93,,,,
2025-08-29T12:20:54,DRONE,13.0267814,77.5633512,955.94,,,,
2025-08-29T12:20:54,DRONE,13.0267815,77.5633507,955.93,,,,
2025-08-29T12:20:54,BASE,13.0267201,77.5632999,939.95,0.83,1.29,3,17
2025-08-29T12:20:54,BASE,13.0267163,77.5632951,940.10,,,,
2025-08-29T12:20:54,BASE,13.0267163,77.5632950,940.10,,,,
2025-08-29T12:20:54,DRONE,13.0267816,77.5633503,955.93,,,,
2025-08-29T12:20:54,BASE,13.0267163,77.5632950,940.11,,,,
2025-08-29T12:20:54,DRONE,13.0267852,77.5633488,940.95,0.53,0.95,4,21
2025-08-29T12:20:54,DRONE,13.0267816,77.5633498,955.92,,,,
2025-08-29T12:20:54,BASE,13.0267163,77.5632949,940.11,,,,
2025-08-29T12:20:55,DRONE,13.0267817,77.5633493,955.90,,,,
2025-08-29T12:20:55,DRONE,13.0267818,77.5633487,955.89,,,,
2025-08-29T12:20:55,BASE,13.0267202,77.5632995,939.99,0.83,1.29,3,17
2025-08-29T12:20:55,BASE,13.0267164,77.5632948,940.11,,,,
2025-08-29T12:20:55,BASE,13.0267164,77.5632948,940.12,,,,
2025-08-29T12:20:55,BASE,13.0267164,77.5632947,940.12,,,,
2025-08-29T12:20:55,DRONE,13.0267818,77.5633482,955.89,,,,
2025-08-29T12:20:55,DRONE,13.0267857,77.5633468,940.93,0.53,0.95,4,21
2025-08-29T12:20:55,DRONE,13.0267819,77.5633477,955.89,,,,
2025-08-29T12:20:55,DRONE,13.0267822,77.5633471,955.89,,,,
2025-08-29T12:20:55,BASE,13.0267165,77.5632947,940.12,,,,
2025-08-29T12:20:55,BASE,13.0267202,77.5632996,939.95,0.83,1.29,3,17
2025-08-29T12:20:55,BASE,13.0267165,77.5632947,940.12,,,,
2025-08-29T12:20:55,DRONE,13.0267824,77.5633465,955.90,,,,
2025-08-29T12:20:55,DRONE,13.0267825,77.5633459,955.91,,,,
2025-08-29T12:20:55,BASE,13.0267165,77.5632947,940.13,,,,
2025-08-29T12:20:55,BASE,13.0267165,77.5632947,940.13,,,,
2025-08-29T12:20:55,BASE,13.0267165,77.5632947,940.13,,,,
2025-08-29T12:20:55,DRONE,13.0267864,77.5633446,940.94,0.53,0.95,4,21
2025-08-29T12:20:55,DRONE,13.0267827,77.5633454,955.92,,,,
2025-08-29T12:20:55,DRONE,13.0267831,77.5633448,955.92,,,,
2025-08-29T12:20:55,BASE,13.0267197,77.5633000,939.89,0.83,1.29,3,17
2025-08-29T12:20:55,BASE,13.0267165,77.5632948,940.14,,,,
2025-08-29T12:20:55,BASE,13.0267164,77.5632949,940.14,,,,
2025-08-29T12:20:55,DRONE,13.0267833,77.5633442,955.92,,,,
2025-08-29T12:20:55,DRONE,13.0267836,77.5633436,955.92,,,,
2025-08-29T12:20:55,BASE,13.0267164,77.5632950,940.14,,,,
2025-08-29T12:20:55,BASE,13.0267163,77.5632951,940.15,,,,
2025-08-29T12:20:55,BASE,13.0267198,77.5632998,939.85,0.83,1.29,3,17
2025-08-29T12:20:55,BASE,13.0267164,77.5632951,940.15,,,,
2025-08-29T12:20:55,DRONE,13.0267874,77.5633427,940.98,0.53,0.95,4,21
2025-08-29T12:20:55,DRONE,13.0267838,77.5633430,955.91,,,,
2025-08-29T12:20:55,DRONE,13.0267840,77.5633424,955.90,,,,
2025-08-29T12:20:55,DRONE,13.0267843,77.5633418,955.90,,,,
2025-08-29T12:20:55,BASE,13.0267164,77.5632950,940.15,,,,
2025-08-29T12:20:55,BASE,13.0267165,77.5632950,940.16,,,,
2025-08-29T12:20:55,DRONE,13.0267846,77.5633412,955.89,,,,
2025-08-29T12:20:55,DRONE,13.0267885,77.5633409,940.96,0.53,0.95,4,21
2025-08-29T12:20:55,DRONE,13.0267849,77.5633406,955.90,,,,
2025-08-29T12:20:55,BASE,13.0267165,77.5632949,940.16,,,,
2025-08-29T12:20:55,BASE,13.0267202,77.5632990,939.91,0.83,1.29,3,17
2025-08-29T12:20:55,BASE,13.0267166,77.5632948,940.16,,,,
2025-08-29T12:20:55,DRONE,13.0267853,77.5633400,955.91,,,,
2025-08-29T12:20:55,DRONE,13.0267858,77.5633394,955.92,,,,
2025-08-29T12:20:55,BASE,13.0267167,77.5632948,940.16,,,,
2025-08-29T12:20:55,BASE,13.0267167,77.5632946,940.17,,,,
2025-08-29T12:20:55,DRONE,13.0267862,77.5633389,955.93,,,,
2025-08-29T12:20:55,DRONE,13.0267897,77.5633390,940.99,0.53,0.95,4,21
2025-08-29T12:20:55,DRONE,13.0267865,77.5633383,955.94,,,,
2025-08-29T12:20:55,DRONE,13.0267869,77.5633378,955.94,,,,
2025-08-29T12:20:55,BASE,13.0267168,77.5632945,940.17,,,,
2025-08-29T12:20:56,BASE,13.0267204,77.5632982,940.02,0.83,1.29,3,17
2025-08-29T12:20:56,BASE,13.0267168,77.5632943,940.17,,,,
2025-08-29T12:20:56,DRONE,13.0267873,77.5633373,955.94,,,,
2025-08-29T12:20:56,DRONE,13.0267877,77.5633368,955.93,,,,
2025-08-29T12:20:56,BASE,13.0267168,77.5632940,940.17,,,,
2025-08-29T12:20:56,BASE,13.0267169,77.5632938,940.18,,,,
2025-08-29T12:20:56,BASE,13.0267169,77.5632937,940.18,,,,
2025-08-29T12:20:56,DRONE,13.0267910,77.5633373,941.03,0.53,0.95,4,21
2025-08-29T12:20:56,DRONE,13.0267881,77.5633363,955.92,,,,
2025-08-29T12:20:56,DRONE,13.0267885,77.5633358,955.91,,,,
2025-08-29T12:20:56,BASE,13.0267205,77.5632978,940.22,0.83,1.29,3,17
2025-08-29T12:20:56,BASE,13.0267170,77.5632935,940.18,,,,
2025-08-29T12:20:56,BASE,13.0267170,77.5632933,940.18,,,,
2025-08-29T12:20:56,DRONE,13.0267888,77.5633352,955.90,,,,
2025-08-29T12:20:56,DRONE,13.0267891,77.5633347,955.89,,,,
2025-08-29T12:20:56,BASE,13.0267170,77.5632932,940.19,,,,
2025-08-29T12:20:56,BASE,13.0267170,77.5632930,940.19,,,,
2025-08-29T12:20:56,BASE,13.0267204,77.5632976,940.28,0.83,1.29,3,17
2025-08-29T12:20:56,BASE,13.0267170,77.5632929,940.19,,,,
2025-08-29T12:20:56,DRONE,13.0267922,77.5633356,941.01,0.53,0.95,4,21
2025-08-29T12:20:56,DRONE,13.0267894,77.5633342,955.89,,,,
2025-08-29T12:20:56,DRONE,13.0267898,77.5633337,955.89,,,,
2025-08-29T12:20:56,DRONE,13.0267902,77.5633332,955.89,,,,
2025-08-29T12:20:56,BASE,13.0267171,77.5632928,940.19,,,,
2025-08-29T12:20:56,BASE,13.0267171,77.5632927,940.19,,,,
2025-08-29T12:20:56,DRONE,13.0267906,77.5633327,955.89,,,,
2025-08-29T12:20:56,DRONE,13.0267934,77.5633337,941.02,0.53,0.95,4,21
2025-08-29T12:20:56,DRONE,13.0267909,77.5633322,955.90,,,,
2025-08-29T12:20:56,BASE,13.0267171,77.5632926,940.19,,,,
2025-08-29T12:20:56,BASE,13.0267203,77.5632975,940.30,0.83,1.29,3,17
2025-08-29T12:20:56,BASE,13.0267171,77.5632926,940.20,,,,
2025-08-29T12:20:56,DRONE,13.0267914,77.5633317,955.90,,,,
2025-08-29T12:20:56,DRONE,13.0267918,77.5633312,955.89,,,,
2025-08-29T12:20:56,BASE,13.0267171,77.5632925,940.20,,,,
2025-08-29T12:20:56,BASE,13.0267171,77.5632924,940.20,,,,
2025-08-29T12:20:56,DRONE,13.0267922,77.5633306,955.88,,,,
2025-08-29T12:20:56,BASE,13.0267171,77.5632923,940.20,,,,
2025-08-29T12:20:56,DRONE,13.0267948,77.5633319,941.06,0.53,0.95,4,21
2025-08-29T12:20:56,DRONE,13.0267926,77.5633301,955.87,,,,
2025-08-29T12:20:56,DRONE,13.0267930,77.5633296,955.86,,,,
2025-08-29T12:20:56,BASE,13.0267202,77.5632977,940.30,0.83,1.29,3,17
2025-08-29T12:20:56,BASE,13.0267172,77.5632923,940.20,,,,
2025-08-29T12:20:56,DRONE,13.0267934,77.5633290,955.85,,,,
2025-08-29T12:20:56,DRONE,13.0267939,77.5633285,955.85,,,,
2025-08-29T12:20:56,BASE,13.0267172,77.5632924,940.20,,,,
2025-08-29T12:20:56,BASE,13.0267172,77.5632924,940.21,,,,
2025-08-29T12:20:56,BASE,13.0267172,77.5632923,940.21,,,,
2025-08-29T12:20:56,DRONE,13.0267963,77.5633300,941.06,0.53,0.95,4,21
2025-08-29T12:20:56,DRONE,13.0267943,77.5633279,955.85,,,,
2025-08-29T12:20:56,DRONE,13.0267948,77.5633275,955.86,,,,
2025-08-29T12:20:57,BASE,13.0267202,77.5632980,940.27,0.83,1.29,3,17
2025-08-29T12:20:57,BASE,13.0267172,77.5632924,940.21,,,,
2025-08-29T12:20:57,BASE,13.0267173,77.5632925,940.21,,,,
2025-08-29T12:20:57,DRONE,13.0267953,77.5633270,955.87,,,,
2025-08-29T12:20:57,DRONE,13.0267958,77.5633265,955.89,,,,
2025-08-29T12:20:57,DRONE,13.0267978,77.5633283,941.08,0.53,0.95,4,21
2025-08-29T12:20:57,DRONE,13.0267962,77.5633260,955.89,,,,
2025-08-29T12:20:57,BASE,13.0267173,77.5632925,940.22,,,,
2025-08-29T12:20:57,BASE,13.0267173,77.5632926,940.22,,,,
2025-08-29T12:20:57,DRONE,13.0267967,77.5633256,955.89,,,,
2025-08-29T12:20:57,DRONE,13.0267971,77.5633253,955.89,,,,
2025-08-29T12:20:57,BASE,13.0267202,77.5632978,940.14,0.83,1.29,3,17
2025-08-29T12:20:57,BASE,13.0267174,77.5632926,940.22,,,,
2025-08-29T12:20:57,BASE,13.0267174,77.5632927,940.22,,,,
2025-08-29T12:20:57,BASE,13.0267175,77.5632927,940.23,,,,
2025-08-29T12:20:57,DRONE,13.0267975,77.5633248,955.88,,,,
2025-08-29T12:20:57,DRONE,13.0267990,77.5633267,941.11,0.53,0.95,4,21
2025-08-29T12:20:57,DRONE,13.0267979,77.5633244,955.87,,,,
2025-08-29T12:20:57,BASE,13.0267175,77.5632927,940.23,,,,
2025-08-29T12:20:57,BASE,13.0267199,77.5632979,940.18,0.83,1.29,3,17
2025-08-29T12:20:57,BASE,13.0267174,77.5632928,940.23,,,,
2025-08-29T12:20:57,DRONE,13.0267982,77.5633240,955.86,,,,
2025-08-29T12:20:57,DRONE,13.0267985,77.5633236,955.85,,,,
2025-08-29T12:20:57,DRONE,13.0267989,77.5633231,955.85,,,,
2025-08-29T12:20:57,BASE,13.0267174,77.5632928,940.23,,,,
2025-08-29T12:20:57,BASE,13.0267173,77.5632928,940.24,,,,
2025-08-29T12:20:57,BASE,13.0267173,77.5632929,940.24,,,,
2025-08-29T12:20:57,DRONE,13.0268001,77.5633248,941.08,0.53,0.95,4,21
2025-08-29T12:20:57,DRONE,13.0267992,77.5633227,955.85,,,,
2025-08-29T12:20:57,DRONE,13.0267995,77.5633223,955.85,,,,
2025-08-29T12:20:57,BASE,13.0267196,77.5632983,940.34,0.83,1.29,3,17
2025-08-29T12:20:57,BASE,13.0267172,77.5632929,940.24,,,,
2025-08-29T12:20:57,BASE,13.0267172,77.5632929,940.24,,,,
2025-08-29T12:20:57,DRONE,13.0267998,77.5633218,955.86,,,,
2025-08-29T12:20:57,DRONE,13.0268002,77.5633214,955.87,,,,
2025-08-29T12:20:57,BASE,13.0267172,77.5632929,940.24,,,,
2025-08-29T12:20:57,BASE,13.0267171,77.5632928,940.24,,,,
2025-08-29T12:20:57,DRONE,13.0268012,77.5633226,941.09,0.53,0.95,4,21
2025-08-29T12:20:57,DRONE,13.0268005,77.5633209,955.88,,,,
2025-08-29T12:20:57,DRONE,13.0268009,77.5633205,955.88,,,,
2025-08-29T12:20:57,DRONE,13.0268012,77.5633200,955.88,,,,
2025-08-29T12:20:57,BASE,13.0267194,77.5632980,940.26,0.83,1.29,3,17
2025-08-29T12:20:57,BASE,13.0267171,77.5632928,940.24,,,,
2025-08-29T12:20:57,BASE,13.0267171,77.5632928,940.24,,,,
2025-08-29T12:20:57,DRONE,13.0268016,77.5633195,955.87,,,,
2025-08-29T12:20:57,DRONE,13.0268023,77.5633206,941.14,0.53,0.95,4,21
2025-08-29T12:20:57,DRONE,13.0268019,77.5633190,955.85,,,,
2025-08-29T12:20:57,BASE,13.0267171,77.5632927,940.24,,,,
2025-08-29T12:20:57,BASE,13.0267170,77.5632927,940.24,,,,
2025-08-29T12:20:58,DRONE,13.0268023,77.5633185,955.84,,,,
2025-08-29T12:20:58,DRONE,13.0268026,77.5633180,955.84,,,,
2025-08-29T12:20:58,BASE,13.0267196,77.5632980,940.32,0.83,1.29,3,17
2025-08-29T12:20:58,BASE,13.0267171,77.5632926,940.24,,,,
2025-08-29T12:20:58,BASE,13.0267171,77.5632926,940.24,,,,
2025-08-29T12:20:58,BASE,13.0267171,77.5632925,940.24,,,,
2025-08-29T12:20:58,DRONE,13.0268030,77.5633176,955.84,,,,
2025-08-29T12:20:58,DRONE,13.0268034,77.5633188,941.14,0.53,0.95,4,21
2025-08-29T12:20:58,DRONE,13.0268033,77.5633171,955.85,,,,
2025-08-29T12:20:58,DRONE,13.0268037,77.5633166,955.86,,,,
2025-08-29T12:20:58,BASE,13.0267171,77.5632925,940.24,,,,
2025-08-29T12:20:58,BASE,13.0267196,77.5632973,940.20,0.83,1.29,3,17
2025-08-29T12:20:58,BASE,13.0267171,77.5632924,940.24,,,,
2025-08-29T12:20:58,DRONE,13.0268041,77.5633162,955.87,,,,
2025-08-29T12:20:58,DRONE,13.0268044,77.5633157,955.88,,,,
2025-08-29T12:20:58,BASE,13.0267171,77.5632922,940.24,,,,
2025-08-29T12:20:58,BASE,13.0267171,77.5632921,940.24,,,,
2025-08-29T12:20:58,BASE,13.0267171,77.5632920,940.24,,,,
2025-08-29T12:20:58,DRONE,13.0268044,77.5633168,941.16,0.53,0.95,4,21
2025-08-29T12:20:58,DRONE,13.0268048,77.5633153,955.89,,,,
2025-08-29T12:20:58,DRONE,13.0268051,77.5633149,955.89,,,,
2025-08-29T12:20:58,BASE,13.0267194,77.5632971,940.34,0.83,1.29,3,17
2025-08-29T12:20:58,BASE,13.0267171,77.5632919,940.24,,,,
2025-08-29T12:20:58,BASE,13.0267171,77.5632918,940.23,,,,
2025-08-29T12:20:58,DRONE,13.0268053,77.5633144,955.88,,,,
2025-08-29T12:20:58,DRONE,13.0268056,77.5633140,955.87,,,,
2025-08-29T12:20:58,BASE,13.0267171,77.5632916,940.24,,,,
2025-08-29T12:20:58,BASE,13.0267171,77.5632915,940.24,,,,
2025-08-29T12:20:58,DRONE,13.0268051,77.5633148,941.20,0.53,0.95,4,21
2025-08-29T12:20:58,DRONE,13.0268059,77.5633136,955.86,,,,
2025-08-29T12:20:58,BASE,13.0267189,77.5632972,940.28,0.83,1.29,3,17
2025-08-29T12:20:58,BASE,13.0267170,77.5632916,940.24,,,,
2025-08-29T12:20:58,DRONE,13.0268061,77.5633131,955.85,,,,
2025-08-29T12:20:58,DRONE,13.0268063,77.5633126,955.84,,,,
2025-08-29T12:20:58,BASE,13.0267169,77.5632916,940.23,,,,
2025-08-29T12:20:58,BASE,13.0267168,77.5632916,940.24,,,,
2025-08-29T12:20:58,DRONE,13.0268066,77.5633122,955.84,,,,
2025-08-29T12:20:58,DRONE,13.0268057,77.5633126,941.15,0.53,0.95,4,21
2025-08-29T12:20:58,DRONE,13.0268068,77.5633117,955.85,,,,
2025-08-29T12:20:58,BASE,13.0267167,77.5632916,940.24,,,,
2025-08-29T12:20:58,BASE,13.0267181,77.5632975,940.13,0.83,1.29,3,17
2025-08-29T12:20:58,BASE,13.0267166,77.5632918,940.24,,,,
2025-08-29T12:20:58,DRONE,13.0268070,77.5633112,955.86,,,,
2025-08-29T12:20:58,DRONE,13.0268073,77.5633107,955.88,,,,
2025-08-29T12:20:58,BASE,13.0267165,77.5632919,940.24,,,,
2025-08-29T12:20:58,BASE,13.0267164,77.5632919,940.24,,,,
2025-08-29T12:20:58,DRONE,13.0268075,77.5633102,955.89,,,,
2025-08-29T12:20:58,DRONE,13.0268064,77.5633103,941.18,0.53,0.95,4,21
2025-08-29T12:20:58,DRONE,13.0268078,77.5633098,955.90,,,,
2025-08-29T12:20:58,DRONE,13.0268080,77.5633092,955.91,,,,
2025-08-29T12:20:58,BASE,13.0267163,77.5632920,940.24,,,,
2025-08-29T12:20:59,BASE,13.0267176,77.5632974,940.07,0.83,1.29,3,17
2025-08-29T12:20:59,BASE,13.0267162,77.5632920,940.23,,,,
2025-08-29T12:20:59,DRONE,13.0268083,77.5633087,955.90,,,,
2025-08-29T12:20:59,DRONE,13.0268085,77.5633082,955.90,,,,
2025-08-29T12:20:59,BASE,13.0267160,77.5632920,940.23,,,,
2025-08-29T12:20:59,BASE,13.0267159,77.5632920,940.23,,,,
2025-08-29T12:20:59,BASE,13.0267159,77.5632920,940.23,,,,
2025-08-29T12:20:59,DRONE,13.0268071,77.5633083,941.21,0.53,0.95,4,21
2025-08-29T12:20:59,DRONE,13.0268088,77.5633076,955.89,,,,
2025-08-29T12:20:59,DRONE,13.0268090,77.5633070,955.87,,,,
2025-08-29T12:20:59,BASE,13.0267176,77.5632970,940.10,0.83,1.29,3,17
2025-08-29T12:20:59,BASE,13.0267159,77.5632920,940.23,,,,
2025-08-29T12:20:59,BASE,13.0267159,77.5632919,940.22,,,,
2025-08-29T12:20:59,DRONE,13.0268093,77.5633065,955.87,,,,
2025-08-29T12:20:59,DRONE,13.0268096,77.5633060,955.87,,,,
2025-08-29T12:20:59,BASE,13.0267158,77.5632918,940.22,,,,
2025-08-29T12:20:59,BASE,13.0267158,77.5632917,940.22,,,,
2025-08-29T12:20:59,BASE,13.0267179,77.5632966,940.22,0.83,1.29,3,17
2025-08-29T12:20:59,BASE,13.0267158,77.5632916,940.22,,,,
2025-08-29T12:20:59,DRONE,13.0268078,77.5633065,941.17,0.53,0.95,4,21
2025-08-29T12:20:59,DRONE,13.0268099,77.5633055,955.87,,,,
2025-08-29T12:20:59,DRONE,13.0268101,77.5633050,955.88,,,,
2025-08-29T12:20:59,DRONE,13.0268104,77.5633044,955.89,,,,
2025-08-29T12:20:59,BASE,13.0267158,77.5632914,940.22,,,,
2025-08-29T12:20:59,DRONE,13.0268107,77.5633040,955.91,,,,
2025-08-29T12:20:59,BASE,13.0267158,77.5632913,940.21,,,,
2025-08-29T12:20:59,DRONE,13.0268086,77.5633047,941.19,0.53,0.95,4,21
2025-08-29T12:20:59,DRONE,13.0268110,77.5633035,955.91,,,,
2025-08-29T12:20:59,BASE,13.0267158,77.5632912,940.21,,,,
2025-08-29T12:20:59,BASE,13.0267181,77.5632961,940.31,0.83,1.29,3,17
2025-08-29T12:20:59,BASE,13.0267158,77.5632910,940.21,,,,
2025-08-29T12:20:59,DRONE,13.0268113,77.5633031,955.92,,,,
2025-08-29T12:20:59,DRONE,13.0268115,77.5633027,955.92,,,,
2025-08-29T12:20:59,BASE,13.0267158,77.5632909,940.21,,,,
2025-08-29T12:20:59,BASE,13.0267158,77.5632907,940.21,,,,
2025-08-29T12:20:59,DRONE,13.0268117,77.5633022,955.91,,,,
2025-08-29T12:20:59,BASE,13.0267158,77.5632906,940.21,,,,
2025-08-29T12:20:59,DRONE,13.0268092,77.5633032,941.23,0.53,0.95,4,21
2025-08-29T12:20:59,DRONE,13.0268119,77.5633018,955.90,,,,
2025-08-29T12:20:59,DRONE,13.0268121,77.5633014,955.89,,,,
2025-08-29T12:20:59,BASE,13.0267183,77.5632959,940.48,0.83,1.29,3,17
2025-08-29T12:20:59,BASE,13.0267158,77.5632905,940.21,,,,
2025-08-29T12:20:59,DRONE,13.0268123,77.5633010,955.89,,,,
2025-08-29T12:20:59,DRONE,13.0268125,77.5633006,955.90,,,,
2025-08-29T12:20:59,BASE,13.0267158,77.5632903,940.21,,,,
2025-08-29T12:20:59,BASE,13.0267158,77.5632902,940.21,,,,
2025-08-29T12:20:59,BASE,13.0267158,77.5632900,940.21,,,,
2025-08-29T12:20:59,DRONE,13.0268099,77.5633017,941.19,0.53,0.95,4,21
2025-08-29T12:20:59,DRONE,13.0268127,77.5633003,955.91,,,,
2025-08-29T12:20:59,DRONE,13.0268130,77.5633000,955.92,,,,
2025-08-29T12:21:00,BASE,13.0267183,77.5632954,940.50,0.83,1.29,3,17
2025-08-29T12:21:00,BASE,13.0267159,77.5632899,940.21,,,,
2025-08-29T12:21:00,BASE,13.0267159,77.5632898,940.21,,,,
2025-08-29T12:21:00,DRONE,13.0268133,77.5632997,955.93,,,,
2025-08-29T12:21:00,DRONE,13.0268136,77.5632994,955.95,,,,
2025-08-29T12:21:00,DRONE,13.0268104,77.5633004,941.21,0.53,0.95,4,21
2025-08-29T12:21:00,DRONE,13.0268140,77.5632991,955.96,,,,
2025-08-29T12:21:00,BASE,13.0267159,77.5632897,940.22,,,,
2025-08-29T12:21:00,BASE,13.0267159,77.5632896,940.22,,,,
2025-08-29T12:21:00,DRONE,13.0268143,77.5632989,955.97,,,,
2025-08-29T12:21:00,DRONE,13.0268146,77.5632986,955.97,,,,
2025-08-29T12:21:00,BASE,13.0267187,77.5632949,940.54,0.83,1.29,3,17
2025-08-29T12:21:00,BASE,13.0267160,77.5632894,940.22,,,,
2025-08-29T12:21:00,BASE,13.0267161,77.5632893,940.22,,,,
2025-08-29T12:21:00,BASE,13.0267161,77.5632891,940.22,,,,
2025-08-29T12:21:00,DRONE,13.0268149,77.5632983,955.97,,,,
2025-08-29T12:21:00,DRONE,13.0268107,77.5632993,941.26,0.54,0.96,4,20
2025-08-29T12:21:00,DRONE,13.0268153,77.5632980,955.98,,,,
2025-08-29T12:21:00,BASE,13.0267161,77.5632890,940.22,,,,
2025-08-29T12:21:00,BASE,13.0267188,77.5632942,940.43,0.83,1.29,3,17
2025-08-29T12:21:00,BASE,13.0267162,77.5632889,940.22,,,,
2025-08-29T12:21:00,DRONE,13.0268155,77.5632978,955.98,,,,
2025-08-29T12:21:00,DRONE,13.0268158,77.5632975,955.98,,,,
2025-08-29T12:21:00,DRONE,13.0268161,77.5632971,955.99,,,,
2025-08-29T12:21:00,BASE,13.0267162,77.5632888,940.22,,,,
2025-08-29T12:21:00,BASE,13.0267163,77.5632887,940.22,,,,
2025-08-29T12:21:00,DRONE,13.0268110,77.5632988,941.28,0.53,0.95,4,21
2025-08-29T12:21:00,DRONE,13.0268165,77.5632969,955.99,,,,
2025-08-29T12:21:00,DRONE,13.0268167,77.5632967,956.00,,,,
2025-08-29T12:21:00,BASE,13.0267163,77.5632885,940.22,,,,
2025-08-29T12:21:00,BASE,13.0267186,77.5632935,940.28,0.83,1.29,3,17
2025-08-29T12:21:00,BASE,13.0267163,77.5632885,940.22,,,,
2025-08-29T12:21:00,DRONE,13.0268169,77.5632965,956.00,,,,
2025-08-29T12:21:00,BASE,13.0267163,77.5632884,940.22,,,,
2025-08-29T12:21:00,DRONE,13.0268172,77.5632964,956.01,,,,
2025-08-29T12:21:00,BASE,13.0267163,77.5632882,940.22,,,,
2025-08-29T12:21:00,BASE,13.0267163,77.5632882,940.22,,,,
2025-08-29T12:21:00,DRONE,13.0268116,77.5632989,941.28,0.53,0.95,4,21
2025-08-29T12:21:00,DRONE,13.0268175,77.5632962,956.02,,,,
2025-08-29T12:21:00,DRONE,13.0268176,77.5632963,956.03,,,,
2025-08-29T12:21:00,BASE,13.0267185,77.5632933,940.27,0.83,1.29,3,17
2025-08-29T12:21:00,BASE,13.0267164,77.5632882,940.22,,,,
2025-08-29T12:21:00,BASE,13.0267164,77.5632881,940.22,,,,
2025-08-29T12:21:00,DRONE,13.0268177,77.5632963,956.04,,,,
2025-08-29T12:21:00,DRONE,13.0268179,77.5632963,956.05,,,,
2025-08-29T12:21:00,DRONE,13.0268119,77.5632992,941.30,0.53,0.95,4,21
2025-08-29T12:21:00,DRONE,13.0268181,77.5632964,956.05,,,,
2025-08-29T12:21:00,BASE,13.0267164,77.5632881,940.22,,,,
2025-08-29T12:21:00,BASE,13.0267164,77.5632880,940.22,,,,
2025-08-29T12:21:01,DRONE,13.0268180,77.5632965,956.06,,,,
2025-08-29T12:21:01,DRONE,13.0268181,77.5632965,956.07,,,,
2025-08-29T12:21:01,BASE,13.0267186,77.5632931,940.25,0.83,1.29,3,17
2025-08-29T12:21:01,BASE,13.0267164,77.5632880,940.22,,,,
2025-08-29T12:21:01,BASE,13.0267166,77.5632879,940.22,,,,
2025-08-29T12:21:01,BASE,13.0267166,77.5632878,940.22,,,,
2025-08-29T12:21:01,DRONE,13.0268181,77.5632966,956.07,,,,
2025-08-29T12:21:01,DRONE,13.0268120,77.5632994,941.32,0.53,0.95,4,21
2025-08-29T12:21:01,DRONE,13.0268182,77.5632966,956.07,,,,
2025-08-29T12:21:01,DRONE,13.0268181,77.5632967,956.07,,,,
2025-08-29T12:21:01,BASE,13.0267167,77.5632878,940.22,,,,
2025-08-29T12:21:01,BASE,13.0267189,77.5632929,940.30,0.83,1.29,3,17
2025-08-29T12:21:01,BASE,13.0267167,77.5632877,940.22,,,,
2025-08-29T12:21:01,DRONE,13.0268181,77.5632968,956.07,,,,
2025-08-29T12:21:01,DRONE,13.0268181,77.5632969,956.07,,,,
2025-08-29T12:21:01,BASE,13.0267167,77.5632877,940.21,,,,
2025-08-29T12:21:01,BASE,13.0267168,77.5632876,940.22,,,,
2025-08-29T12:21:01,BASE,13.0267168,77.5632875,940.22,,,,
2025-08-29T12:21:01,DRONE,13.0268121,77.5632994,941.30,0.53,0.95,4,21
2025-08-29T12:21:01,DRONE,13.0268181,77.5632969,956.07,,,,
2025-08-29T12:21:01,DRONE,13.0268179,77.5632970,956.07,,,,
2025-08-29T12:21:01,BASE,13.0267188,77.5632933,940.21,0.83,1.29,3,17
2025-08-29T12:21:01,BASE,13.0267168,77.5632877,940.22,,,,
2025-08-29T12:21:01,BASE,13.0267168,77.5632877,940.22,,,,
2025-08-29T12:21:01,DRONE,13.0268179,77.5632971,956.07,,,,
2025-08-29T12:21:01,DRONE,13.0268178,77.5632971,956.07,,,,
2025-08-29T12:21:01,BASE,13.0267168,77.5632878,940.22,,,,
2025-08-29T12:21:01,BASE,13.0267168,77.5632878,940.22,,,,
2025-08-29T12:21:01,DRONE,13.0268122,77.5632995,941.30,0.53,0.95,4,21
2025-08-29T12:21:01,DRONE,13.0268178,77.5632972,956.07,,,,
2025-08-29T12:21:01,BASE,13.0267186,77.5632938,940.15,0.83,1.29,3,17
2025-08-29T12:21:01,DRONE,13.0268176,77.5632972,956.07,,,,
2025-08-29T12:21:01,BASE,13.0267168,77.5632880,940.22,,,,
2025-08-29T12:21:01,DRONE,13.0268175,77.5632973,956.07,,,,
2025-08-29T12:21:01,BASE,13.0267168,77.5632880,940.22,,,,
2025-08-29T12:21:01,DRONE,13.0268175,77.5632973,956.07,,,,
2025-08-29T12:21:01,DRONE,13.0268124,77.5632996,941.30,0.53,0.95,4,21
2025-08-29T12:21:01,DRONE,13.0268175,77.5632973,956.07,,,,
2025-08-29T12:21:01,BASE,13.0267168,77.5632881,940.22,,,,
2025-08-29T12:21:01,BASE,13.0267169,77.5632881,940.21,,,,
2025-08-29T12:21:01,BASE,13.0267187,77.5632939,940.20,0.83,1.29,3,17
2025-08-29T12:21:01,BASE,13.0267169,77.5632881,940.21,,,,
2025-08-29T12:21:01,DRONE,13.0268173,77.5632974,956.07,,,,
2025-08-29T12:21:01,DRONE,13.0268172,77.5632974,956.07,,,,
2025-08-29T12:21:01,BASE,13.0267169,77.5632881,940.21,,,,
2025-08-29T12:21:01,BASE,13.0267169,77.5632881,940.21,,,,
2025-08-29T12:21:01,DRONE,13.0268172,77.5632974,956.07,,,,
2025-08-29T12:21:01,DRONE,13.0268125,77.5632997,941.28,0.53,0.95,4,21
2025-08-29T12:21:01,DRONE,13.0268172,77.5632974,956.06,,,,
2025-08-29T12:21:01,DRONE,13.0268171,77.5632975,956.06,,,,
2025-08-29T12:21:01,BASE,13.0267169,77.5632881,940.20,,,,
2025-08-29T12:21:02,BASE,13.0267186,77.5632933,940.12,0.83,1.29,3,17
2025-08-29T12:21:02,BASE,13.0267169,77.5632881,940.20,,,,
2025-08-29T12:21:02,DRONE,13.0268170,77.5632975,956.06,,,,
2025-08-29T12:21:02,DRONE,13.0268169,77.5632976,956.06,,,,
2025-08-29T12:21:02,BASE,13.0267169,77.5632880,940.20,,,,
2025-08-29T12:21:02,BASE,13.0267169,77.5632880,940.20,,,,
2025-08-29T12:21:02,BASE,13.0267169,77.5632879,940.20,,,,
2025-08-29T12:21:02,DRONE,13.0268125,77.5632999,941.28,0.53,0.95,4,21
2025-08-29T12:21:02,DRONE,13.0268169,77.5632976,956.06,,,,
2025-08-29T12:21:02,DRONE,13.0268167,77.5632977,956.06,,,,
2025-08-29T12:21:02,BASE,13.0267184,77.5632927,940.05,0.83,1.29,3,17
2025-08-29T12:21:02,BASE,13.0267169,77.5632878,940.19,,,,
2025-08-29T12:21:02,BASE,13.0267169,77.5632877,940.19,,,,
2025-08-29T12:21:02,DRONE,13.0268166,77.5632978,956.06,,,,
2025-08-29T12:21:02,DRONE,13.0268166,77.5632978,956.06,,,,
2025-08-29T12:21:02,BASE,13.0267169,77.5632877,940.19,,,,
2025-08-29T12:21:02,BASE,13.0267169,77.5632876,940.19,,,,
2025-08-29T12:21:02,BASE,13.0267183,77.5632924,940.14,0.83,1.29,3,17
2025-08-29T12:21:02,BASE,13.0267169,77.5632875,940.19,,,,
2025-08-29T12:21:02,DRONE,13.0268125,77.5633000,941.28,0.53,0.95,4,21
2025-08-29T12:21:02,DRONE,13.0268165,77.5632979,956.06,,,,
2025-08-29T12:21:02,DRONE,13.0268163,77.5632979,956.06,,,,
2025-08-29T12:21:02,DRONE,13.0268162,77.5632979,956.06,,,,
2025-08-29T12:21:02,BASE,13.0267169,77.5632874,940.19,,,,
2025-08-29T12:21:02,DRONE,13.0268162,77.5632980,956.07,,,,
2025-08-29T12:21:02,BASE,13.0267169,77.5632873,940.19,,,,
2025-08-29T12:21:02,DRONE,13.0268125,77.5633002,941.29,0.53,0.95,4,21
2025-08-29T12:21:02,DRONE,13.0268160,77.5632980,956.07,,,,
2025-08-29T12:21:02,BASE,13.0267169,77.5632872,940.19,,,,
2025-08-29T12:21:02,DRONE,13.0268159,77.5632981,956.07,,,,
2025-08-29T12:21:02,BASE,13.0267179,77.5632919,940.06,0.83,1.29,3,17
2025-08-29T12:21:02,BASE,13.0267168,77.5632871,940.19,,,,
2025-08-29T12:21:02,DRONE,13.0268159,77.5632982,956.07,,,,
2025-08-29T12:21:02,BASE,13.0267167,77.5632871,940.18,,,,
2025-08-29T12:21:02,BASE,13.0267166,77.5632870,940.18,,,,
2025-08-29T12:21:02,DRONE,13.0268158,77.5632983,956.07,,,,
2025-08-29T12:21:02,DRONE,13.0268124,77.5633004,941.30,0.53,0.95,4,21
2025-08-29T12:21:02,BASE,13.0267165,77.5632870,940.18,,,,
2025-08-29T12:21:02,DRONE,13.0268158,77.5632983,956.07,,,,
2025-08-29T12:21:02,DRONE,13.0268156,77.5632985,956.07,,,,
2025-08-29T12:21:02,BASE,13.0267169,77.5632915,939.82,0.83,1.29,3,17
2025-08-29T12:21:02,BASE,13.0267163,77.5632871,940.17,,,,
2025-08-29T12:21:02,DRONE,13.0268155,77.5632985,956.07,,,,
2025-08-29T12:21:02,DRONE,13.0268154,77.5632986,956.07,,,,
2025-08-29T12:21:02,BASE,13.0267162,77.5632871,940.17,,,,
2025-08-29T12:21:02,BASE,13.0267161,77.5632871,940.16,,,,
2025-08-29T12:21:02,BASE,13.0267159,77.5632871,940.16,,,,
2025-08-29T12:21:02,DRONE,13.0268123,77.5633007,941.29,0.53,0.95,4,21
2025-08-29T12:21:02,DRONE,13.0268153,77.5632987,956.06,,,,
2025-08-29T12:21:02,DRONE,13.0268152,77.5632988,956.06,,,,
2025-08-29T12:21:03,BASE,13.0267167,77.5632916,939.85,0.83,1.29,3,17
2025-08-29T12:21:03,BASE,13.0267159,77.5632871,940.15,,,,
2025-08-29T12:21:03,BASE,13.0267157,77.5632870,940.15,,,,
2025-08-29T12:21:03,DRONE,13.0268150,77.5632988,956.06,,,,
2025-08-29T12:21:03,DRONE,13.0268149,77.5632989,956.06,,,,
2025-08-29T12:21:03,BASE,13.0267157,77.5632870,940.14,,,,
2025-08-29T12:21:03,BASE,13.0267157,77.5632869,940.14,,,,
2025-08-29T12:21:03,BASE,13.0267167,77.5632917,939.95,0.83,1.29,3,17
2025-08-29T12:21:03,BASE,13.0267156,77.5632869,940.13,,,,
2025-08-29T12:21:03,DRONE,13.0268122,77.5633008,941.30,0.53,0.95,4,21
2025-08-29T12:21:03,DRONE,13.0268148,77.5632989,956.06,,,,
2025-08-29T12:21:03,DRONE,13.0268146,77.5632990,956.06,,,,
2025-08-29T12:21:03,DRONE,13.0268145,77.5632990,956.06,,,,
2025-08-29T12:21:03,BASE,13.0267155,77.5632869,940.12,,,,
2025-08-29T12:21:03,BASE,13.0267155,77.5632868,940.12,,,,
2025-08-29T12:21:03,DRONE,13.0268144,77.5632991,956.07,,,,
2025-08-29T12:21:03,DRONE,13.0268122,77.5633010,941.30,0.53,0.95,4,21
2025-08-29T12:21:03,DRONE,13.0268142,77.5632991,956.06,,,,
2025-08-29T12:21:03,BASE,13.0267154,77.5632868,940.12,,,,
2025-08-29T12:21:03,BASE,13.0267164,77.5632914,939.87,0.83,1.29,3,17
2025-08-29T12:21:03,BASE,13.0267154,77.5632868,940.11,,,,
2025-08-29T12:21:03,DRONE,13.0268141,77.5632992,956.06,,,,
2025-08-29T12:21:03,DRONE,13.0268140,77.5632993,956.06,,,,
2025-08-29T12:21:03,BASE,13.0267153,77.5632867,940.10,,,,
2025-08-29T12:21:03,BASE,13.0267152,77.5632867,940.10,,,,
2025-08-29T12:21:03,DRONE,13.0268138,77.5632993,956.06,,,,
2025-08-29T12:21:03,BASE,13.0267152,77.5632866,940.09,,,,
2025-08-29T12:21:03,DRONE,13.0268122,77.5633010,941.30,0.53,0.95,4,21
2025-08-29T12:21:03,DRONE,13.0268137,77.5632994,956.06,,,,
2025-08-29T12:21:03,DRONE,13.0268136,77.5632995,956.05,,,,
2025-08-29T12:21:03,BASE,13.0267161,77.5632914,939.94,0.83,1.29,3,17
2025-08-29T12:21:03,BASE,13.0267151,77.5632866,940.08,,,,
2025-08-29T12:21:03,BASE,13.0267150,77.5632865,940.08,,,,
2025-08-29T12:21:03,DRONE,13.0268135,77.5632995,956.05,,,,
2025-08-29T12:21:03,DRONE,13.0268134,77.5632996,956.05,,,,
2025-08-29T12:21:03,BASE,13.0267149,77.5632865,940.07,,,,
2025-08-29T12:21:03,BASE,13.0267148,77.5632864,940.07,,,,
2025-08-29T12:21:03,DRONE,13.0268121,77.5633011,941.30,0.53,0.95,4,21
2025-08-29T12:21:03,DRONE,13.0268133,77.5632996,956.05,,,,
2025-08-29T12:21:03,DRONE,13.0268132,77.5632997,956.04,,,,
2025-08-29T12:21:03,BASE,13.0267160,77.5632916,939.95,0.83,1.29,3,17
2025-08-29T12:21:03,BASE,13.0267148,77.5632864,940.06,,,,
2025-08-29T12:21:03,BASE,13.0267148,77.5632865,940.06,,,,
2025-08-29T12:21:03,BASE,13.0267148,77.5632865,940.05,,,,
2025-08-29T12:21:03,DRONE,13.0268131,77.5632998,956.04,,,,
2025-08-29T12:21:03,DRONE,13.0268130,77.5632998,956.04,,,,
2025-08-29T12:21:03,DRONE,13.0268121,77.5633012,941.31,0.53,0.95,4,21
2025-08-29T12:21:03,DRONE,13.0268129,77.5632999,956.04,,,,
2025-08-29T12:21:03,BASE,13.0267148,77.5632864,940.05,,,,
2025-08-29T12:21:04,DRONE,13.0268128,77.5633000,956.04,,,,
2025-08-29T12:21:04,DRONE,13.0268127,77.5633000,956.04,,,,
2025-08-29T12:21:04,BASE,13.0267160,77.5632920,940.08,0.83,1.29,3,17
2025-08-29T12:21:04,BASE,13.0267147,77.5632865,940.04,,,,
2025-08-29T12:21:04,BASE,13.0267147,77.5632865,940.04,,,,
2025-08-29T12:21:04,BASE,13.0267146,77.5632865,940.03,,,,
2025-08-29T12:21:04,DRONE,13.0268126,77.5633001,956.04,,,,
2025-08-29T12:21:04,DRONE,13.0268120,77.5633014,941.32,0.53,0.95,4,21
2025-08-29T12:21:04,DRONE,13.0268125,77.5633002,956.04,,,,
2025-08-29T12:21:04,BASE,13.0267146,77.5632865,940.03,,,,
2025-08-29T12:21:04,BASE,13.0267161,77.5632922,940.25,0.83,1.29,3,17
2025-08-29T12:21:04,BASE,13.0267146,77.5632865,940.02,,,,
2025-08-29T12:21:04,DRONE,13.0268125,77.5633002,956.03,,,,
2025-08-29T12:21:04,DRONE,13.0268124,77.5633003,956.03,,,,
2025-08-29T12:21:04,DRONE,13.0268123,77.5633003,956.03,,,,
2025-08-29T12:21:04,BASE,13.0267146,77.5632865,940.02,,,,
2025-08-29T12:21:04,BASE,13.0267146,77.5632864,940.01,,,,
2025-08-29T12:21:04,BASE,13.0267146,77.5632864,940.01,,,,
2025-08-29T12:21:04,DRONE,13.0268119,77.5633015,941.33,0.54,0.97,4,20
2025-08-29T12:21:04,DRONE,13.0268122,77.5633004,956.03,,,,
2025-08-29T12:21:04,DRONE,13.0268121,77.5633004,956.02,,,,
2025-08-29T12:21:04,BASE,13.0267164,77.5632921,940.36,0.83,1.29,3,17
2025-08-29T12:21:04,BASE,13.0267147,77.5632863,940.01,,,,
2025-08-29T12:21:04,BASE,13.0267147,77.5632863,940.00,,,,
2025-08-29T12:21:04,DRONE,13.0268120,77.5633005,956.02,,,,
2025-08-29T12:21:04,DRONE,13.0268119,77.5633006,956.01,,,,
2025-08-29T12:21:04,BASE,13.0267147,77.5632863,940.00,,,,
2025-08-29T12:21:04,BASE,13.0267148,77.5632862,939.99,,,,
2025-08-29T12:21:04,DRONE,13.0268119,77.5633016,941.33,0.54,0.97,4,20
2025-08-29T12:21:04,DRONE,13.0268118,77.5633006,956.01,,,,
2025-08-29T12:21:04,DRONE,13.0268118,77.5633007,956.01,,,,
2025-08-29T12:21:04,DRONE,13.0268117,77.5633007,956.00,,,,
2025-08-29T12:21:04,BASE,13.0267165,77.5632921,940.34,0.83,1.29,3,17
2025-08-29T12:21:04,BASE,13.0267148,77.5632863,939.99,,,,
2025-08-29T12:21:04,BASE,13.0267148,77.5632863,939.98,,,,
2025-08-29T12:21:04,DRONE,13.0268116,77.5633008,956.00,,,,
2025-08-29T12:21:04,DRONE,13.0268118,77.5633017,941.34,0.54,0.97,4,20
2025-08-29T12:21:04,DRONE,13.0268115,77.5633008,955.99,,,,
2025-08-29T12:21:04,BASE,13.0267148,77.5632863,939.98,,,,
2025-08-29T12:21:04,BASE,13.0267148,77.5632863,939.98,,,,
2025-08-29T12:21:04,BASE,13.0267162,77.5632927,940.41,0.83,1.29,3,17
2025-08-29T12:21:04,BASE,13.0267148,77.5632864,939.97,,,,
2025-08-29T12:21:04,DRONE,13.0268114,77.5633009,955.99,,,,
2025-08-29T12:21:04,DRONE,13.0268113,77.5633009,955.99,,,,
2025-08-29T12:21:04,BASE,13.0267147,77.5632865,939.97,,,,
2025-08-29T12:21:04,BASE,13.0267147,77.5632866,939.96,,,,
2025-08-29T12:21:04,DRONE,13.0268112,77.5633009,955.99,,,,
2025-08-29T12:21:04,DRONE,13.0268118,77.5633017,941.35,0.54,0.97,4,20
2025-08-29T12:21:04,DRONE,13.0268112,77.5633009,955.99,,,,
2025-08-29T12:21:04,BASE,13.0267146,77.5632866,939.96,,,,
2025-08-29T12:21:05,BASE,13.0267161,77.5632928,940.52,0.83,1.29,3,17
2025-08-29T12:21:05,BASE,13.0267146,77.5632866,939.95,,,,
2025-08-29T12:21:05,DRONE,13.0268111,77.5633010,955.99,,,,
2025-08-29T12:21:05,DRONE,13.0268111,77.5633010,955.99,,,,
2025-08-29T12:21:05,DRONE,13.0268110,77.5633010,955.98,,,,
2025-08-29T12:21:05,BASE,13.0267146,77.5632866,939.95,,,,
2025-08-29T12:21:05,BASE,13.0267145,77.5632866,939.95,,,,
2025-08-29T12:21:05,BASE,13.0267145,77.5632866,939.94,,,,
2025-08-29T12:21:05,DRONE,13.0268117,77.5633016,941.35,0.54,0.97,4,20
2025-08-29T12:21:05,DRONE,13.0268110,77.5633010,955.98,,,,
2025-08-29T12:21:05,DRONE,13.0268109,77.5633010,955.97,,,,
2025-08-29T12:21:05,BASE,13.0267160,77.5632928,940.61,0.83,1.29,3,17
2025-08-29T12:21:05,BASE,13.0267145,77.5632867,939.94,,,,
2025-08-29T12:21:05,BASE,13.0267144,77.5632867,939.94,,,,
2025-08-29T12:21:05,DRONE,13.0268109,77.5633010,955.97,,,,
2025-08-29T12:21:05,DRONE,13.0268108,77.5633010,955.97,,,,
2025-08-29T12:21:05,BASE,13.0267144,77.5632867,939.93,,,,
2025-08-29T12:21:05,BASE,13.0267144,77.5632867,939.93,,,,
2025-08-29T12:21:05,BASE,13.0267161,77.5632931,940.80,0.83,1.29,3,17
2025-08-29T12:21:05,BASE,13.0267144,77.5632866,939.93,,,,
2025-08-29T12:21:05,DRONE,13.0268117,77.5633016,941.35,0.54,0.97,4,20
2025-08-29T12:21:05,DRONE,13.0268107,77.5633011,955.96,,,,
2025-08-29T12:21:05,DRONE,13.0268107,77.5633011,955.96,,,,
2025-08-29T12:21:05,DRONE,13.0268107,77.5633011,955.96,,,,
2025-08-29T12:21:05,BASE,13.0267143,77.5632866,939.92,,,,
2025-08-29T12:21:05,DRONE,13.0268106,77.5633012,955.95,,,,
2025-08-29T12:21:05,BASE,13.0267143,77.5632865,939.92,,,,
2025-08-29T12:21:05,DRONE,13.0268117,77.5633017,941.35,0.54,0.97,4,20
2025-08-29T12:21:05,DRONE,13.0268106,77.5633012,955.95,,,,
2025-08-29T12:21:05,BASE,13.0267143,77.5632865,939.92,,,,
2025-08-29T12:21:05,BASE,13.0267162,77.5632928,940.90,0.83,1.29,3,17
2025-08-29T12:21:05,BASE,13.0267143,77.5632864,939.92,,,,
2025-08-29T12:21:05,DRONE,13.0268106,77.5633012,955.95,,,,
2025-08-29T12:21:05,DRONE,13.0268105,77.5633013,955.94,,,,
2025-08-29T12:21:05,BASE,13.0267143,77.5632863,939.92,,,,
2025-08-29T12:21:05,BASE,13.0267143,77.5632863,939.91,,,,
2025-08-29T12:21:05,BASE,13.0267143,77.5632862,939.91,,,,
2025-08-29T12:21:05,DRONE,13.0268105,77.5633013,955.94,,,,
2025-08-29T12:21:05,DRONE,13.0268116,77.5633018,941.37,0.54,0.97,4,20
2025-08-29T12:21:05,DRONE,13.0268105,77.5633013,955.93,,,,
2025-08-29T12:21:05,DRONE,13.0268105,77.5633014,955.93,,,,
2025-08-29T12:21:05,BASE,13.0267162,77.5632925,940.85,0.83,1.29,3,17
2025-08-29T12:21:05,BASE,13.0267143,77.5632862,939.91,,,,
