Time,BaseMode,BaseLocked,WorldAz,WorldEl,CalAz,CalEl,PhysAz,PhysEl,ServoAz,ServoEl,Az(us),El(us),DroneLat,DroneLon,DroneAlt,BaseLat,BaseLon,BaseAlt,BaseLatSDm,BaseLonSDm,BaseFix,BaseSats
2025-09-03T14:46:31,static,1,54.43,0.0,305.57,0.0,305.57,0.0,152.785,0.0,1918.6,900.0,13.0267569,77.5633515,949.19,13.0266717,77.5632292,957.23,0.0,0.0,,
2025-09-03T14:46:31,static,1,54.89,0.0,305.11,0.0,305.11,0.0,152.555,0.0,1917.0,900.0,13.0267545,77.5633501,954.05,13.0266717,77.5632292,957.23,0.0,0.0,,
2025-09-03T14:46:31,static,1,54.89,0.0,305.11,0.0,305.11,0.0,152.555,0.0,1917.0,900.0,13.0267545,77.5633501,954.05,13.0266717,77.5632292,957.23,0.0,0.0,,
2025-09-03T14:46:31,static,1,54.89,0.0,305.11,0.0,305.11,0.0,152.555,0.0,1917.0,900.0,13.0267545,77.5633501,954.05,13.0266717,77.5632292,957.23,0.0,0.0,,
2025-09-03T14:46:31,static,1,54.89,0.0,305.11,0.0,305.11,0.0,152.555,0.0,1917.0,900.0,13.0267545,77.5633501,954.05,13.0266717,77.5632292,957.23,0.0,0.0,,
2025-09-03T14:46:31,static,1,54.89,0.0,305.11,0.0,305.11,0.0,152.555,0.0,1917.0,900.0,13.0267545,77.5633501,954.05,13.0266717,77.5632292,957.23,0.0,0.0,,
2025-09-03T14:46:31,static,1,54.89,0.0,305.11,0.0,305.11,0.0,152.555,0.0,1917.0,900.0,13.0267545,77.5633501,954.05,13.0266717,77.5632292,957.23,0.0,0.0,,
2025-09-03T14:46:31,static,1,54.89,0.0,305.11,0.0,305.11,0.0,152.555,0.0,1917.0,900.0,13.0267545,77.5633501,954.05,13.0266717,77.5632292,957.23,0.0,0.0,,
2025-09-03T14:46:31,static,1,54.95,0.0,305.05,0.0,305.05,0.0,152.525,0.0,1916.8,900.0,13.0267533,77.5633486,954.05,13.0266717,77.5632292,957.23,0.0,0.0,,
2025-09-03T14:46:31,static,1,54.95,0.0,305.05,0.0,305.05,0.0,152.525,0.0,1916.8,900.0,13.0267533,77.5633486,954.05,13.0266717,77.5632292,957.23,0.0,0.0,,
2025-09-03T14:46:31,static,1,54.95,0.0,305.05,0.0,305.05,0.0,152.525,0.0,1916.8,900.0,13.0267533,77.5633486,954.05,13.0266717,77.5632292,957.23,0.0,0.0,,
2025-09-03T14:46:31,static,1,54.95,0.0,305.05,0.0,305.05,0.0,152.525,0.0,1916.8,900.0,13.0267533,77.5633486,954.05,13.0266717,77.5632292,957.23,0.0,0.0,,
2025-09-03T14:46:31,static,1,54.72,0.0,305.28,0.0,305.28,0.0,152.64,0.0,1917.6,900.0,13.0267529,77.563347,954.03,13.0266717,77.5632292,957.23,0.0,0.0,,
2025-09-03T14:46:31,static,1,54.72,0.0,305.28,0.0,305.28,0.0,152.64,0.0,1917.6,900.0,13.0267529,77.563347,954.03,13.0266717,77.5632292,957.23,0.0,0.0,,
2025-09-03T14:46:31,static,1,54.72,0.0,305.28,0.0,305.28,0.0,152.64,0.0,1917.6,900.0,13.0267529,77.563347,954.03,13.0266717,77.5632292,957.23,0.0,0.0,,
2025-09-03T14:46:31,static,1,54.72,0.0,305.28,0.0,305.28,0.0,152.64,0.0,1917.6,900.0,13.0267529,77.563347,954.03,13.0266717,77.5632292,957.23,0.0,0.0,,
2025-09-03T14:46:31,static,1,54.72,0.0,305.28,0.0,305.28,0.0,152.64,0.0,1917.6,900.0,13.0267529,77.563347,954.03,13.0266717,77.5632292,957.23,0.0,0.0,,
2025-09-03T14:46:31,static,1,54.58,0.0,305.42,0.0,305.42,0.0,152.71,0.0,1918.1,900.0,13.0267529,77.5633464,954.02,13.0266717,77.5632292,957.23,0.0,0.0,,
2025-09-03T14:46:31,static,1,54.41,0.0,305.59,0.0,305.59,0.0,152.795,0.0,1918.6,900.0,13.026753,77.5633458,954.01,13.0266717,77.5632292,957.23,0.0,0.0,,
2025-09-03T14:46:31,static,1,54.41,0.0,305.59,0.0,305.59,0.0,152.795,0.0,1918.6,900.0,13.026753,77.5633458,954.01,13.0266717,77.5632292,957.23,0.0,0.0,,
2025-09-03T14:46:31,static,1,54.41,0.0,305.59,0.0,305.59,0.0,152.795,0.0,1918.6,900.0,13.026753,77.5633458,954.01,13.0266717,77.5632292,957.23,0.0,0.0,,
2025-09-03T14:46:31,static,1,54.18,0.0,305.82,0.0,305.82,0.0,152.91,0.0,1919.4,900.0,13.0267532,77.5633451,954.0,13.0266717,77.5632292,957.23,0.0,0.0,,
2025-09-03T14:46:31,static,1,53.97,0.0,306.03,0.0,306.03,0.0,153.015,0.0,1920.1,900.0,13.0267534,77.5633445,954.0,13.0266717,77.5632292,957.23,0.0,0.0,,
2025-09-03T14:46:31,static,1,53.97,0.0,306.03,0.0,306.03,0.0,153.015,0.0,1920.1,900.0,13.0267534,77.5633445,954.0,13.0266717,77.5632292,957.23,0.0,0.0,,
2025-09-03T14:46:31,static,1,53.97,0.0,306.03,0.0,306.03,0.0,153.015,0.0,1920.1,900.0,13.0267534,77.5633445,954.0,13.0266717,77.5632292,957.23,0.0,0.0,,
2025-09-03T14:46:31,static,1,53.97,0.0,306.03,0.0,306.03,0.0,153.015,0.0,1920.1,900.0,13.0267534,77.5633445,954.0,13.0266717,77.5632292,957.23,0.0,0.0,,
2025-09-03T14:46:32,static,1,53.97,0.0,306.03,0.0,306.03,0.0,153.015,0.0,1920.1,900.0,13.0267534,77.5633445,954.0,13.0266717,77.5632292,957.23,0.0,0.0,,
2025-09-03T14:46:32,static,1,53.97,0.0,306.03,0.0,306.03,0.0,153.015,0.0,1920.1,900.0,13.0267534,77.5633445,954.0,13.0266717,77.5632292,957.23,0.0,0.0,,
2025-09-03T14:46:32,static,1,53.97,0.0,306.03,0.0,306.03,0.0,153.015,0.0,1920.1,900.0,13.0267534,77.5633445,954.0,13.0266717,77.5632292,957.23,0.0,0.0,,
2025-09-03T14:46:32,static,1,53.46,0.0,306.54,0.0,306.54,0.0,153.27,0.0,1921.8,900.0,13.0267538,77.5633429,954.0,13.0266717,77.5632292,957.23,0.0,0.0,,
2025-09-03T14:46:32,static,1,53.46,0.0,306.54,0.0,306.54,0.0,153.27,0.0,1921.8,900.0,13.0267538,77.5633429,954.0,13.0266717,77.5632292,957.23,0.0,0.0,,
2025-09-03T14:46:32,static,1,53.46,0.0,306.54,0.0,306.54,0.0,153.27,0.0,1921.8,900.0,13.0267538,77.5633429,954.0,13.0266717,77.5632292,957.23,0.0,0.0,,
2025-09-03T14:46:32,static,1,53.33,0.0,306.67,0.0,306.67,0.0,153.335,0.0,1922.2,900.0,13.0267539,77.5633425,954.01,13.0266717,77.5632292,957.23,0.0,0.0,,
2025-09-03T14:46:32,static,1,53.92,0.0,306.08,0.0,306.08,0.0,153.04,0.0,1920.3,900.0,13.0267527,77.5633433,949.21,13.0266717,77.5632292,957.23,0.0,0.0,,
2025-09-03T14:46:32,static,1,53.92,0.0,306.08,0.0,306.08,0.0,153.04,0.0,1920.3,900.0,13.0267527,77.5633433,949.21,13.0266717,77.5632292,957.23,0.0,0.0,,
2025-09-03T14:46:32,static,1,53.92,0.0,306.08,0.0,306.08,0.0,153.04,0.0,1920.3,900.0,13.0267527,77.5633433,949.21,13.0266717,77.5632292,957.23,0.0,0.0,,
2025-09-03T14:46:32,static,1,53.92,0.0,306.08,0.0,306.08,0.0,153.04,0.0,1920.3,900.0,13.0267527,77.5633433,949.21,13.0266717,77.5632292,957.23,0.0,0.0,,
2025-09-03T14:46:32,static,1,53.92,0.0,306.08,0.0,306.08,0.0,153.04,0.0,1920.3,900.0,13.0267527,77.5633433,949.21,13.0266717,77.5632292,957.23,0.0,0.0,,
2025-09-03T14:46:32,static,1,53.06,0.0,306.94,0.0,306.94,0.0,153.47,0.0,1923.1,900.0,13.0267539,77.5633414,954.02,13.0266717,77.5632292,957.23,0.0,0.0,,
2025-09-03T14:46:32,static,1,53.06,0.0,306.94,0.0,306.94,0.0,153.47,0.0,1923.1,900.0,13.0267539,77.5633414,954.02,13.0266717,77.5632292,957.23,0.0,0.0,,
2025-09-03T14:46:32,static,1,53.06,0.0,306.94,0.0,306.94,0.0,153.47,0.0,1923.1,900.0,13.0267539,77.5633414,954.02,13.0266717,77.5632292,957.23,0.0,0.0,,
2025-09-03T14:46:32,static,1,53.06,0.0,306.94,0.0,306.94,0.0,153.47,0.0,1923.1,900.0,13.0267539,77.5633414,954.02,13.0266717,77.5632292,957.23,0.0,0.0,,
2025-09-03T14:46:32,static,1,53.06,0.0,306.94,0.0,306.94,0.0,153.47,0.0,1923.1,900.0,13.0267539,77.5633414,954.02,13.0266717,77.5632292,957.23,0.0,0.0,,
2025-09-03T14:46:32,static,1,53.06,0.0,306.94,0.0,306.94,0.0,153.47,0.0,1923.1,900.0,13.0267539,77.5633414,954.02,13.0266717,77.5632292,957.23,0.0,0.0,,
2025-09-03T14:46:32,static,1,53.0,0.0,307.0,0.0,307.0,0.0,153.5,0.0,1923.3,900.0,13.0267535,77.5633406,954.02,13.0266717,77.5632292,957.23,0.0,0.0,,
2025-09-03T14:46:32,static,1,53.0,0.0,307.0,0.0,307.0,0.0,153.5,0.0,1923.3,900.0,13.0267535,77.5633406,954.02,13.0266717,77.5632292,957.23,0.0,0.0,,
2025-09-03T14:46:32,static,1,53.0,0.0,307.0,0.0,307.0,0.0,153.5,0.0,1923.3,900.0,13.0267535,77.5633406,954.02,13.0266717,77.5632292,957.23,0.0,0.0,,
2025-09-03T14:46:32,static,1,53.0,0.0,307.0,0.0,307.0,0.0,153.5,0.0,1923.3,900.0,13.0267535,77.5633406,954.02,13.0266717,77.5632292,957.23,0.0,0.0,,
2025-09-03T14:46:32,static,1,53.14,0.0,306.86,0.0,306.86,0.0,153.43,0.0,1922.9,900.0,13.026753,77.5633405,954.06,13.0266717,77.5632292,957.23,0.0,0.0,,
2025-09-03T14:46:32,static,1,53.14,0.0,306.86,0.0,306.86,0.0,153.43,0.0,1922.9,900.0,13.026753,77.5633405,954.06,13.0266717,77.5632292,957.23,0.0,0.0,,
2025-09-03T14:46:32,static,1,53.14,0.0,306.86,0.0,306.86,0.0,153.43,0.0,1922.9,900.0,13.026753,77.5633405,954.06,13.0266717,77.5632292,957.23,0.0,0.0,,
2025-09-03T14:46:32,static,1,53.14,0.0,306.86,0.0,306.86,0.0,153.43,0.0,1922.9,900.0,13.026753,77.5633405,954.06,13.0266717,77.5632292,957.23,0.0,0.0,,
2025-09-03T14:46:32,static,1,53.14,0.0,306.86,0.0,306.86,0.0,153.43,0.0,1922.9,900.0,13.026753,77.5633405,954.06,13.0266717,77.5632292,957.23,0.0,0.0,,
2025-09-03T14:46:32,static,1,53.14,0.0,306.86,0.0,306.86,0.0,153.43,0.0,1922.9,900.0,13.026753,77.5633405,954.06,13.0266717,77.5632292,957.23,0.0,0.0,,
2025-09-03T14:46:32,static,1,53.32,0.0,306.68,0.0,306.68,0.0,153.34,0.0,1922.3,900.0,13.0267524,77.5633404,954.1,13.0266717,77.5632292,957.23,0.0,0.0,,
2025-09-03T14:46:32,static,1,53.32,0.0,306.68,0.0,306.68,0.0,153.34,0.0,1922.3,900.0,13.0267524,77.5633404,954.1,13.0266717,77.5632292,957.23,0.0,0.0,,
2025-09-03T14:46:32,static,1,53.32,0.0,306.68,0.0,306.68,0.0,153.34,0.0,1922.3,900.0,13.0267524,77.5633404,954.1,13.0266717,77.5632292,957.23,0.0,0.0,,
2025-09-03T14:46:32,static,1,53.32,0.0,306.68,0.0,306.68,0.0,153.34,0.0,1922.3,900.0,13.0267524,77.5633404,954.1,13.0266717,77.5632292,957.23,0.0,0.0,,
2025-09-03T14:46:32,static,1,53.32,0.0,306.68,0.0,306.68,0.0,153.34,0.0,1922.3,900.0,13.0267524,77.5633404,954.1,13.0266717,77.5632292,957.23,0.0,0.0,,
2025-09-03T14:46:32,static,1,53.64,0.0,306.36,0.0,306.36,0.0,153.18,0.0,1921.2,900.0,13.0267511,77.5633399,954.15,13.0266717,77.5632292,957.23,0.0,0.0,,
2025-09-03T14:46:32,static,1,53.64,0.0,306.36,0.0,306.36,0.0,153.18,0.0,1921.2,900.0,13.0267511,77.5633399,954.15,13.0266717,77.5632292,957.23,0.0,0.0,,
2025-09-03T14:46:32,static,1,53.64,0.0,306.36,0.0,306.36,0.0,153.18,0.0,1921.2,900.0,13.0267511,77.5633399,954.15,13.0266717,77.5632292,957.23,0.0,0.0,,
2025-09-03T14:46:32,static,1,53.64,0.0,306.36,0.0,306.36,0.0,153.18,0.0,1921.2,900.0,13.0267511,77.5633399,954.15,13.0266717,77.5632292,957.23,0.0,0.0,,
2025-09-03T14:46:32,static,1,53.64,0.0,306.36,0.0,306.36,0.0,153.18,0.0,1921.2,900.0,13.0267511,77.5633399,954.15,13.0266717,77.5632292,957.23,0.0,0.0,,
2025-09-03T14:46:32,static,1,53.78,0.0,306.22,0.0,306.22,0.0,153.11,0.0,1920.7,900.0,13.0267502,77.5633392,954.18,13.0266717,77.5632292,957.23,0.0,0.0,,
2025-09-03T14:46:32,static,1,53.78,0.0,306.22,0.0,306.22,0.0,153.11,0.0,1920.7,900.0,13.0267502,77.5633392,954.18,13.0266717,77.5632292,957.23,0.0,0.0,,
2025-09-03T14:46:32,static,1,53.78,0.0,306.22,0.0,306.22,0.0,153.11,0.0,1920.7,900.0,13.0267502,77.5633392,954.18,13.0266717,77.5632292,957.23,0.0,0.0,,
2025-09-03T14:46:32,static,1,53.78,0.0,306.22,0.0,306.22,0.0,153.11,0.0,1920.7,900.0,13.0267502,77.5633392,954.18,13.0266717,77.5632292,957.23,0.0,0.0,,
2025-09-03T14:46:32,static,1,53.78,0.0,306.22,0.0,306.22,0.0,153.11,0.0,1920.7,900.0,13.0267502,77.5633392,954.18,13.0266717,77.5632292,957.23,0.0,0.0,,
2025-09-03T14:46:32,static,1,53.78,0.0,306.22,0.0,306.22,0.0,153.11,0.0,1920.7,900.0,13.0267502,77.5633392,954.18,13.0266717,77.5632292,957.23,0.0,0.0,,
2025-09-03T14:46:33,static,1,54.12,0.0,305.88,0.0,305.88,0.0,152.94,0.0,1919.6,900.0,13.0267488,77.5633386,949.38,13.0266717,77.5632292,957.23,0.0,0.0,,
2025-09-03T14:46:33,static,1,54.12,0.0,305.88,0.0,305.88,0.0,152.94,0.0,1919.6,900.0,13.0267488,77.5633386,949.38,13.0266717,77.5632292,957.23,0.0,0.0,,
2025-09-03T14:46:33,static,1,54.12,0.0,305.88,0.0,305.88,0.0,152.94,0.0,1919.6,900.0,13.0267488,77.5633386,949.38,13.0266717,77.5632292,957.23,0.0,0.0,,
2025-09-03T14:46:33,static,1,53.74,0.0,306.26,0.0,306.26,0.0,153.13,0.0,1920.9,900.0,13.0267493,77.5633378,954.18,13.0266717,77.5632292,957.23,0.0,0.0,,
2025-09-03T14:46:33,static,1,53.53,0.0,306.47,0.0,306.47,0.0,153.235,0.0,1921.6,900.0,13.0267491,77.5633367,954.17,13.0266717,77.5632292,957.23,0.0,0.0,,
2025-09-03T14:46:33,static,1,53.53,0.0,306.47,0.0,306.47,0.0,153.235,0.0,1921.6,900.0,13.0267491,77.5633367,954.17,13.0266717,77.5632292,957.23,0.0,0.0,,
2025-09-03T14:46:33,static,1,53.53,0.0,306.47,0.0,306.47,0.0,153.235,0.0,1921.6,900.0,13.0267491,77.5633367,954.17,13.0266717,77.5632292,957.23,0.0,0.0,,
2025-09-03T14:46:33,static,1,53.53,0.0,306.47,0.0,306.47,0.0,153.235,0.0,1921.6,900.0,13.0267491,77.5633367,954.17,13.0266717,77.5632292,957.23,0.0,0.0,,
2025-09-03T14:46:33,static,1,53.53,0.0,306.47,0.0,306.47,0.0,153.235,0.0,1921.6,900.0,13.0267491,77.5633367,954.17,13.0266717,77.5632292,957.23,0.0,0.0,,
2025-09-03T14:46:33,static,1,53.53,0.0,306.47,0.0,306.47,0.0,153.235,0.0,1921.6,900.0,13.0267491,77.5633367,954.17,13.0266717,77.5632292,957.23,0.0,0.0,,
2025-09-03T14:46:33,static,1,53.21,0.0,306.79,0.0,306.79,0.0,153.395,0.0,1922.6,900.0,13.0267493,77.5633357,954.17,13.0266717,77.5632292,957.23,0.0,0.0,,
2025-09-03T14:46:33,static,1,53.21,0.0,306.79,0.0,306.79,0.0,153.395,0.0,1922.6,900.0,13.0267493,77.5633357,954.17,13.0266717,77.5632292,957.23,0.0,0.0,,
2025-09-03T14:46:33,static,1,53.21,0.0,306.79,0.0,306.79,0.0,153.395,0.0,1922.6,900.0,13.0267493,77.5633357,954.17,13.0266717,77.5632292,957.23,0.0,0.0,,
2025-09-03T14:46:33,static,1,53.21,0.0,306.79,0.0,306.79,0.0,153.395,0.0,1922.6,900.0,13.0267493,77.5633357,954.17,13.0266717,77.5632292,957.23,0.0,0.0,,
2025-09-03T14:46:33,static,1,52.95,0.0,307.05,0.0,307.05,0.0,153.525,0.0,1923.5,900.0,13.0267493,77.5633347,954.19,13.0266717,77.5632292,957.23,0.0,0.0,,
2025-09-03T14:46:33,static,1,52.95,0.0,307.05,0.0,307.05,0.0,153.525,0.0,1923.5,900.0,13.0267493,77.5633347,954.19,13.0266717,77.5632292,957.23,0.0,0.0,,
2025-09-03T14:46:33,static,1,52.95,0.0,307.05,0.0,307.05,0.0,153.525,0.0,1923.5,900.0,13.0267493,77.5633347,954.19,13.0266717,77.5632292,957.23,0.0,0.0,,
2025-09-03T14:46:33,static,1,52.95,0.0,307.05,0.0,307.05,0.0,153.525,0.0,1923.5,900.0,13.0267493,77.5633347,954.19,13.0266717,77.5632292,957.23,0.0,0.0,,
2025-09-03T14:46:33,static,1,52.95,0.0,307.05,0.0,307.05,0.0,153.525,0.0,1923.5,900.0,13.0267493,77.5633347,954.19,13.0266717,77.5632292,957.23,0.0,0.0,,
2025-09-03T14:46:33,static,1,52.95,0.0,307.05,0.0,307.05,0.0,153.525,0.0,1923.5,900.0,13.0267493,77.5633347,954.19,13.0266717,77.5632292,957.23,0.0,0.0,,
2025-09-03T14:46:33,static,1,52.58,0.0,307.42,0.0,307.42,0.0,153.71,0.0,1924.7,900.0,13.0267493,77.5633333,954.2,13.0266717,77.5632292,957.23,0.0,0.0,,
2025-09-03T14:46:33,static,1,52.58,0.0,307.42,0.0,307.42,0.0,153.71,0.0,1924.7,900.0,13.0267493,77.5633333,954.2,13.0266717,77.5632292,957.23,0.0,0.0,,
2025-09-03T14:46:33,static,1,52.58,0.0,307.42,0.0,307.42,0.0,153.71,0.0,1924.7,900.0,13.0267493,77.5633333,954.2,13.0266717,77.5632292,957.23,0.0,0.0,,
2025-09-03T14:46:33,static,1,52.58,0.0,307.42,0.0,307.42,0.0,153.71,0.0,1924.7,900.0,13.0267493,77.5633333,954.2,13.0266717,77.5632292,957.23,0.0,0.0,,
2025-09-03T14:46:33,static,1,52.46,0.0,307.54,0.0,307.54,0.0,153.77,0.0,1925.1,900.0,13.0267491,77.5633326,954.2,13.0266717,77.5632292,957.23,0.0,0.0,,
2025-09-03T14:46:33,static,1,52.46,0.0,307.54,0.0,307.54,0.0,153.77,0.0,1925.1,900.0,13.0267491,77.5633326,954.2,13.0266717,77.5632292,957.23,0.0,0.0,,
2025-09-03T14:46:33,static,1,52.46,0.0,307.54,0.0,307.54,0.0,153.77,0.0,1925.1,900.0,13.0267491,77.5633326,954.2,13.0266717,77.5632292,957.23,0.0,0.0,,
2025-09-03T14:46:33,static,1,52.46,0.0,307.54,0.0,307.54,0.0,153.77,0.0,1925.1,900.0,13.0267491,77.5633326,954.2,13.0266717,77.5632292,957.23,0.0,0.0,,
2025-09-03T14:46:33,static,1,52.46,0.0,307.54,0.0,307.54,0.0,153.77,0.0,1925.1,900.0,13.0267491,77.5633326,954.2,13.0266717,77.5632292,957.23,0.0,0.0,,
2025-09-03T14:46:33,static,1,52.46,0.0,307.54,0.0,307.54,0.0,153.77,0.0,1925.1,900.0,13.0267491,77.5633326,954.2,13.0266717,77.5632292,957.23,0.0,0.0,,
2025-09-03T14:46:33,static,1,52.46,0.0,307.54,0.0,307.54,0.0,153.77,0.0,1925.1,900.0,13.0267491,77.5633326,954.2,13.0266717,77.5632292,957.23,0.0,0.0,,
2025-09-03T14:46:33,static,1,52.48,0.0,307.52,0.0,307.52,0.0,153.76,0.0,1925.1,900.0,13.0267486,77.563332,954.19,13.0266717,77.5632292,957.23,0.0,0.0,,
2025-09-03T14:46:33,static,1,52.48,0.0,307.52,0.0,307.52,0.0,153.76,0.0,1925.1,900.0,13.0267486,77.563332,954.19,13.0266717,77.5632292,957.23,0.0,0.0,,
2025-09-03T14:46:33,static,1,52.48,0.0,307.52,0.0,307.52,0.0,153.76,0.0,1925.1,900.0,13.0267486,77.563332,954.19,13.0266717,77.5632292,957.23,0.0,0.0,,
2025-09-03T14:46:33,static,1,52.48,0.0,307.52,0.0,307.52,0.0,153.76,0.0,1925.1,900.0,13.0267486,77.563332,954.19,13.0266717,77.5632292,957.23,0.0,0.0,,
2025-09-03T14:46:33,static,1,52.48,0.0,307.52,0.0,307.52,0.0,153.76,0.0,1925.1,900.0,13.0267486,77.563332,954.19,13.0266717,77.5632292,957.23,0.0,0.0,,
2025-09-03T14:46:33,static,1,52.62,0.0,307.38,0.0,307.38,0.0,153.69,0.0,1924.6,900.0,13.026748,77.5633317,954.19,13.0266717,77.5632292,957.23,0.0,0.0,,
2025-09-03T14:46:33,static,1,52.62,0.0,307.38,0.0,307.38,0.0,153.69,0.0,1924.6,900.0,13.026748,77.5633317,954.19,13.0266717,77.5632292,957.23,0.0,0.0,,
2025-09-03T14:46:33,static,1,52.62,0.0,307.38,0.0,307.38,0.0,153.69,0.0,1924.6,900.0,13.026748,77.5633317,954.19,13.0266717,77.5632292,957.23,0.0,0.0,,
2025-09-03T14:46:33,static,1,52.62,0.0,307.38,0.0,307.38,0.0,153.69,0.0,1924.6,900.0,13.026748,77.5633317,954.19,13.0266717,77.5632292,957.23,0.0,0.0,,
2025-09-03T14:46:33,static,1,52.88,0.0,307.12,0.0,307.12,0.0,153.56,0.0,1923.7,900.0,13.0267472,77.5633316,954.2,13.0266717,77.5632292,957.23,0.0,0.0,,
2025-09-03T14:46:33,static,1,52.88,0.0,307.12,0.0,307.12,0.0,153.56,0.0,1923.7,900.0,13.0267472,77.5633316,954.2,13.0266717,77.5632292,957.23,0.0,0.0,,
2025-09-03T14:46:33,static,1,52.88,0.0,307.12,0.0,307.12,0.0,153.56,0.0,1923.7,900.0,13.0267472,77.5633316,954.2,13.0266717,77.5632292,957.23,0.0,0.0,,
2025-09-03T14:46:33,static,1,52.88,0.0,307.12,0.0,307.12,0.0,153.56,0.0,1923.7,900.0,13.0267472,77.5633316,954.2,13.0266717,77.5632292,957.23,0.0,0.0,,
2025-09-03T14:46:33,static,1,52.88,0.0,307.12,0.0,307.12,0.0,153.56,0.0,1923.7,900.0,13.0267472,77.5633316,954.2,13.0266717,77.5632292,957.23,0.0,0.0,,
2025-09-03T14:46:34,static,1,52.88,0.0,307.12,0.0,307.12,0.0,153.56,0.0,1923.7,900.0,13.0267472,77.5633316,954.2,13.0266717,77.5632292,957.23,0.0,0.0,,
2025-09-03T14:46:34,static,1,53.15,0.0,306.85,0.0,306.85,0.0,153.425,0.0,1922.8,900.0,13.0267464,77.5633315,954.21,13.0266717,77.5632292,957.23,0.0,0.0,,
2025-09-03T14:46:34,static,1,53.15,0.0,306.85,0.0,306.85,0.0,153.425,0.0,1922.8,900.0,13.0267464,77.5633315,954.21,13.0266717,77.5632292,957.23,0.0,0.0,,
2025-09-03T14:46:34,static,1,53.15,0.0,306.85,0.0,306.85,0.0,153.425,0.0,1922.8,900.0,13.0267464,77.5633315,954.21,13.0266717,77.5632292,957.23,0.0,0.0,,
2025-09-03T14:46:34,static,1,53.15,0.0,306.85,0.0,306.85,0.0,153.425,0.0,1922.8,900.0,13.0267464,77.5633315,954.21,13.0266717,77.5632292,957.23,0.0,0.0,,
2025-09-03T14:46:34,static,1,53.38,0.0,306.62,0.0,306.62,0.0,153.31,0.0,1922.1,900.0,13.0267454,77.563331,954.22,13.0266717,77.5632292,957.23,0.0,0.0,,
2025-09-03T14:46:34,static,1,53.38,0.0,306.62,0.0,306.62,0.0,153.31,0.0,1922.1,900.0,13.0267454,77.563331,954.22,13.0266717,77.5632292,957.23,0.0,0.0,,
2025-09-03T14:46:34,static,1,53.38,0.0,306.62,0.0,306.62,0.0,153.31,0.0,1922.1,900.0,13.0267454,77.563331,954.22,13.0266717,77.5632292,957.23,0.0,0.0,,
2025-09-03T14:46:34,static,1,53.38,0.0,306.62,0.0,306.62,0.0,153.31,0.0,1922.1,900.0,13.0267454,77.563331,954.22,13.0266717,77.5632292,957.23,0.0,0.0,,
2025-09-03T14:46:34,static,1,53.38,0.0,306.62,0.0,306.62,0.0,153.31,0.0,1922.1,900.0,13.0267454,77.563331,954.22,13.0266717,77.5632292,957.23,0.0,0.0,,
2025-09-03T14:46:34,static,1,53.38,0.0,306.62,0.0,306.62,0.0,153.31,0.0,1922.1,900.0,13.0267454,77.563331,954.22,13.0266717,77.5632292,957.23,0.0,0.0,,
2025-09-03T14:46:34,static,1,53.51,0.0,306.49,0.0,306.49,0.0,153.245,0.0,1921.6,900.0,13.0267442,77.5633298,954.22,13.0266717,77.5632292,957.23,0.0,0.0,,
2025-09-03T14:46:34,static,1,53.51,0.0,306.49,0.0,306.49,0.0,153.245,0.0,1921.6,900.0,13.0267442,77.5633298,954.22,13.0266717,77.5632292,957.23,0.0,0.0,,
2025-09-03T14:46:34,static,1,53.51,0.0,306.49,0.0,306.49,0.0,153.245,0.0,1921.6,900.0,13.0267442,77.5633298,954.22,13.0266717,77.5632292,957.23,0.0,0.0,,
2025-09-03T14:46:34,static,1,53.51,0.0,306.49,0.0,306.49,0.0,153.245,0.0,1921.6,900.0,13.0267442,77.5633298,954.22,13.0266717,77.5632292,957.23,0.0,0.0,,
2025-09-03T14:46:34,static,1,53.51,0.0,306.49,0.0,306.49,0.0,153.245,0.0,1921.6,900.0,13.0267442,77.5633298,954.22,13.0266717,77.5632292,957.23,0.0,0.0,,
2025-09-03T14:46:34,static,1,53.36,0.0,306.64,0.0,306.64,0.0,153.32,0.0,1922.1,900.0,13.0267438,77.5633287,954.19,13.0266717,77.5632292,957.23,0.0,0.0,,
2025-09-03T14:46:34,static,1,53.36,0.0,306.64,0.0,306.64,0.0,153.32,0.0,1922.1,900.0,13.0267438,77.5633287,954.19,13.0266717,77.5632292,957.23,0.0,0.0,,
2025-09-03T14:46:34,static,1,53.36,0.0,306.64,0.0,306.64,0.0,153.32,0.0,1922.1,900.0,13.0267438,77.5633287,954.19,13.0266717,77.5632292,957.23,0.0,0.0,,
2025-09-03T14:46:34,static,1,53.36,0.0,306.64,0.0,306.64,0.0,153.32,0.0,1922.1,900.0,13.0267438,77.5633287,954.19,13.0266717,77.5632292,957.23,0.0,0.0,,
2025-09-03T14:46:34,static,1,53.36,0.0,306.64,0.0,306.64,0.0,153.32,0.0,1922.1,900.0,13.0267438,77.5633287,954.19,13.0266717,77.5632292,957.23,0.0,0.0,,
2025-09-03T14:46:34,static,1,53.36,0.0,306.64,0.0,306.64,0.0,153.32,0.0,1922.1,900.0,13.0267438,77.5633287,954.19,13.0266717,77.5632292,957.23,0.0,0.0,,
2025-09-03T14:46:34,static,1,53.03,0.0,306.97,0.0,306.97,0.0,153.485,0.0,1923.2,900.0,13.0267438,77.5633275,954.15,13.0266717,77.5632292,957.23,0.0,0.0,,
2025-09-03T14:46:34,static,1,53.03,0.0,306.97,0.0,306.97,0.0,153.485,0.0,1923.2,900.0,13.0267438,77.5633275,954.15,13.0266717,77.5632292,957.23,0.0,0.0,,
2025-09-03T14:46:34,static,1,53.03,0.0,306.97,0.0,306.97,0.0,153.485,0.0,1923.2,900.0,13.0267438,77.5633275,954.15,13.0266717,77.5632292,957.23,0.0,0.0,,
2025-09-03T14:46:34,static,1,53.03,0.0,306.97,0.0,306.97,0.0,153.485,0.0,1923.2,900.0,13.0267438,77.5633275,954.15,13.0266717,77.5632292,957.23,0.0,0.0,,
2025-09-03T14:46:34,static,1,52.82,0.0,307.18,0.0,307.18,0.0,153.59,0.0,1923.9,900.0,13.0267439,77.5633269,954.13,13.0266717,77.5632292,957.23,0.0,0.0,,
2025-09-03T14:46:34,static,1,52.82,0.0,307.18,0.0,307.18,0.0,153.59,0.0,1923.9,900.0,13.0267439,77.5633269,954.13,13.0266717,77.5632292,957.23,0.0,0.0,,
2025-09-03T14:46:34,static,1,52.32,0.0,307.68,0.0,307.68,0.0,153.84,0.0,1925.6,900.0,13.0267443,77.5633257,954.11,13.0266717,77.5632292,957.23,0.0,0.0,,
2025-09-03T14:46:34,static,1,52.32,0.0,307.68,0.0,307.68,0.0,153.84,0.0,1925.6,900.0,13.0267443,77.5633257,954.11,13.0266717,77.5632292,957.23,0.0,0.0,,
2025-09-03T14:46:34,static,1,52.14,0.0,307.86,0.0,307.86,0.0,153.93,0.0,1926.2,900.0,13.0267444,77.5633252,954.11,13.0266717,77.5632292,957.23,0.0,0.0,,
2025-09-03T14:46:34,static,1,51.96,0.0,308.04,0.0,308.04,0.0,154.02,0.0,1926.8,900.0,13.0267445,77.5633247,954.11,13.0266717,77.5632292,957.23,0.0,0.0,,
2025-09-03T14:46:34,static,1,51.96,0.0,308.04,0.0,308.04,0.0,154.02,0.0,1926.8,900.0,13.0267445,77.5633247,954.11,13.0266717,77.5632292,957.23,0.0,0.0,,
2025-09-03T14:46:34,static,1,51.96,0.0,308.04,0.0,308.04,0.0,154.02,0.0,1926.8,900.0,13.0267445,77.5633247,954.11,13.0266717,77.5632292,957.23,0.0,0.0,,
2025-09-03T14:46:34,static,1,51.96,0.0,308.04,0.0,308.04,0.0,154.02,0.0,1926.8,900.0,13.0267445,77.5633247,954.11,13.0266717,77.5632292,957.23,0.0,0.0,,
2025-09-03T14:46:34,static,1,51.96,0.0,308.04,0.0,308.04,0.0,154.02,0.0,1926.8,900.0,13.0267445,77.5633247,954.11,13.0266717,77.5632292,957.23,0.0,0.0,,
2025-09-03T14:46:34,static,1,51.81,0.0,308.19,0.0,308.19,0.0,154.095,0.0,1927.3,900.0,13.0267445,77.5633242,954.1,13.0266717,77.5632292,957.23,0.0,0.0,,
2025-09-03T14:46:34,static,1,51.66,0.0,308.34,0.0,308.34,0.0,154.17,0.0,1927.8,900.0,13.0267446,77.5633238,954.1,13.0266717,77.5632292,957.23,0.0,0.0,,
2025-09-03T14:46:34,static,1,51.66,0.0,308.34,0.0,308.34,0.0,154.17,0.0,1927.8,900.0,13.0267446,77.5633238,954.1,13.0266717,77.5632292,957.23,0.0,0.0,,
2025-09-03T14:46:34,static,1,51.66,0.0,308.34,0.0,308.34,0.0,154.17,0.0,1927.8,900.0,13.0267446,77.5633238,954.1,13.0266717,77.5632292,957.23,0.0,0.0,,
2025-09-03T14:46:34,static,1,51.66,0.0,308.34,0.0,308.34,0.0,154.17,0.0,1927.8,900.0,13.0267446,77.5633238,954.1,13.0266717,77.5632292,957.23,0.0,0.0,,
2025-09-03T14:46:34,static,1,51.66,0.0,308.34,0.0,308.34,0.0,154.17,0.0,1927.8,900.0,13.0267446,77.5633238,954.1,13.0266717,77.5632292,957.23,0.0,0.0,,
2025-09-03T14:46:34,static,1,51.44,0.0,308.56,0.0,308.56,0.0,154.28,0.0,1928.5,900.0,13.0267447,77.5633232,954.08,13.0266717,77.5632292,957.23,0.0,0.0,,
2025-09-03T14:46:34,static,1,51.44,0.0,308.56,0.0,308.56,0.0,154.28,0.0,1928.5,900.0,13.0267447,77.5633232,954.08,13.0266717,77.5632292,957.23,0.0,0.0,,
2025-09-03T14:46:34,static,1,51.44,0.0,308.56,0.0,308.56,0.0,154.28,0.0,1928.5,900.0,13.0267447,77.5633232,954.08,13.0266717,77.5632292,957.23,0.0,0.0,,
2025-09-03T14:46:35,static,1,51.44,0.0,308.56,0.0,308.56,0.0,154.28,0.0,1928.5,900.0,13.0267447,77.5633232,954.08,13.0266717,77.5632292,957.23,0.0,0.0,,
2025-09-03T14:46:35,static,1,51.44,0.0,308.56,0.0,308.56,0.0,154.28,0.0,1928.5,900.0,13.0267447,77.5633232,954.08,13.0266717,77.5632292,957.23,0.0,0.0,,
2025-09-03T14:46:35,static,1,51.44,0.0,308.56,0.0,308.56,0.0,154.28,0.0,1928.5,900.0,13.0267447,77.5633232,954.08,13.0266717,77.5632292,957.23,0.0,0.0,,
2025-09-03T14:46:35,static,1,51.39,0.0,308.61,0.0,308.61,0.0,154.305,0.0,1928.7,900.0,13.0267446,77.5633229,954.05,13.0266717,77.5632292,957.23,0.0,0.0,,
2025-09-03T14:46:35,static,1,51.39,0.0,308.61,0.0,308.61,0.0,154.305,0.0,1928.7,900.0,13.0267446,77.5633229,954.05,13.0266717,77.5632292,957.23,0.0,0.0,,
2025-09-03T14:46:35,static,1,51.39,0.0,308.61,0.0,308.61,0.0,154.305,0.0,1928.7,900.0,13.0267446,77.5633229,954.05,13.0266717,77.5632292,957.23,0.0,0.0,,
2025-09-03T14:46:35,static,1,51.43,0.0,308.57,0.0,308.57,0.0,154.285,0.0,1928.6,900.0,13.0267445,77.5633229,954.05,13.0266717,77.5632292,957.23,0.0,0.0,,
2025-09-03T14:46:35,static,1,51.57,0.0,308.43,0.0,308.43,0.0,154.215,0.0,1928.1,900.0,13.0267442,77.563323,954.05,13.0266717,77.5632292,957.23,0.0,0.0,,
2025-09-03T14:46:35,static,1,51.57,0.0,308.43,0.0,308.43,0.0,154.215,0.0,1928.1,900.0,13.0267442,77.563323,954.05,13.0266717,77.5632292,957.23,0.0,0.0,,
2025-09-03T14:46:35,static,1,51.57,0.0,308.43,0.0,308.43,0.0,154.215,0.0,1928.1,900.0,13.0267442,77.563323,954.05,13.0266717,77.5632292,957.23,0.0,0.0,,
2025-09-03T14:46:35,static,1,51.57,0.0,308.43,0.0,308.43,0.0,154.215,0.0,1928.1,900.0,13.0267442,77.563323,954.05,13.0266717,77.5632292,957.23,0.0,0.0,,
2025-09-03T14:46:35,static,1,51.57,0.0,308.43,0.0,308.43,0.0,154.215,0.0,1928.1,900.0,13.0267442,77.563323,954.05,13.0266717,77.5632292,957.23,0.0,0.0,,
2025-09-03T14:46:35,static,1,51.57,0.0,308.43,0.0,308.43,0.0,154.215,0.0,1928.1,900.0,13.0267442,77.563323,954.05,13.0266717,77.5632292,957.23,0.0,0.0,,
2025-09-03T14:46:35,static,1,51.84,0.0,308.16,0.0,308.16,0.0,154.08,0.0,1927.2,900.0,13.0267432,77.5633226,954.07,13.0266717,77.5632292,957.23,0.0,0.0,,
2025-09-03T14:46:35,static,1,51.84,0.0,308.16,0.0,308.16,0.0,154.08,0.0,1927.2,900.0,13.0267432,77.5633226,954.07,13.0266717,77.5632292,957.23,0.0,0.0,,
2025-09-03T14:46:35,static,1,51.84,0.0,308.16,0.0,308.16,0.0,154.08,0.0,1927.2,900.0,13.0267432,77.5633226,954.07,13.0266717,77.5632292,957.23,0.0,0.0,,
2025-09-03T14:46:35,static,1,51.84,0.0,308.16,0.0,308.16,0.0,154.08,0.0,1927.2,900.0,13.0267432,77.5633226,954.07,13.0266717,77.5632292,957.23,0.0,0.0,,
2025-09-03T14:46:35,static,1,51.84,0.0,308.16,0.0,308.16,0.0,154.08,0.0,1927.2,900.0,13.0267432,77.5633226,954.07,13.0266717,77.5632292,957.23,0.0,0.0,,
2025-09-03T14:46:35,static,1,52.04,0.0,307.96,0.0,307.96,0.0,153.98,0.0,1926.5,900.0,13.0267424,77.5633222,954.09,13.0266717,77.5632292,957.23,0.0,0.0,,
2025-09-03T14:46:35,static,1,52.04,0.0,307.96,0.0,307.96,0.0,153.98,0.0,1926.5,900.0,13.0267424,77.5633222,954.09,13.0266717,77.5632292,957.23,0.0,0.0,,
2025-09-03T14:46:35,static,1,52.04,0.0,307.96,0.0,307.96,0.0,153.98,0.0,1926.5,900.0,13.0267424,77.5633222,954.09,13.0266717,77.5632292,957.23,0.0,0.0,,
2025-09-03T14:46:35,static,1,52.04,0.0,307.96,0.0,307.96,0.0,153.98,0.0,1926.5,900.0,13.0267424,77.5633222,954.09,13.0266717,77.5632292,957.23,0.0,0.0,,
2025-09-03T14:46:35,static,1,52.04,0.0,307.96,0.0,307.96,0.0,153.98,0.0,1926.5,900.0,13.0267424,77.5633222,954.09,13.0266717,77.5632292,957.23,0.0,0.0,,
2025-09-03T14:46:35,static,1,52.04,0.0,307.96,0.0,307.96,0.0,153.98,0.0,1926.5,900.0,13.0267414,77.5633209,954.1,13.0266717,77.5632292,957.23,0.0,0.0,,
2025-09-03T14:46:35,static,1,52.04,0.0,307.96,0.0,307.96,0.0,153.98,0.0,1926.5,900.0,13.0267414,77.5633209,954.1,13.0266717,77.5632292,957.23,0.0,0.0,,
2025-09-03T14:46:35,static,1,52.04,0.0,307.96,0.0,307.96,0.0,153.98,0.0,1926.5,900.0,13.0267414,77.5633209,954.1,13.0266717,77.5632292,957.23,0.0,0.0,,
2025-09-03T14:46:35,static,1,52.04,0.0,307.96,0.0,307.96,0.0,153.98,0.0,1926.5,900.0,13.0267414,77.5633209,954.1,13.0266717,77.5632292,957.23,0.0,0.0,,
2025-09-03T14:46:35,static,1,52.04,0.0,307.96,0.0,307.96,0.0,153.98,0.0,1926.5,900.0,13.0267414,77.5633209,954.1,13.0266717,77.5632292,957.23,0.0,0.0,,
2025-09-03T14:46:35,static,1,51.82,0.0,308.18,0.0,308.18,0.0,154.09,0.0,1927.3,900.0,13.0267408,77.5633194,954.09,13.0266717,77.5632292,957.23,0.0,0.0,,
2025-09-03T14:46:35,static,1,51.82,0.0,308.18,0.0,308.18,0.0,154.09,0.0,1927.3,900.0,13.0267408,77.5633194,954.09,13.0266717,77.5632292,957.23,0.0,0.0,,
2025-09-03T14:46:35,static,1,51.82,0.0,308.18,0.0,308.18,0.0,154.09,0.0,1927.3,900.0,13.0267408,77.5633194,954.09,13.0266717,77.5632292,957.23,0.0,0.0,,
2025-09-03T14:46:35,static,1,51.82,0.0,308.18,0.0,308.18,0.0,154.09,0.0,1927.3,900.0,13.0267408,77.5633194,954.09,13.0266717,77.5632292,957.23,0.0,0.0,,
2025-09-03T14:46:35,static,1,51.82,0.0,308.18,0.0,308.18,0.0,154.09,0.0,1927.3,900.0,13.0267408,77.5633194,954.09,13.0266717,77.5632292,957.23,0.0,0.0,,
2025-09-03T14:46:35,static,1,51.02,0.0,308.98,0.0,308.98,0.0,154.49,0.0,1929.9,900.0,13.0267406,77.5633166,954.02,13.0266717,77.5632292,957.23,0.0,0.0,,
2025-09-03T14:46:35,static,1,51.02,0.0,308.98,0.0,308.98,0.0,154.49,0.0,1929.9,900.0,13.0267406,77.5633166,954.02,13.0266717,77.5632292,957.23,0.0,0.0,,
2025-09-03T14:46:35,static,1,51.02,0.0,308.98,0.0,308.98,0.0,154.49,0.0,1929.9,900.0,13.0267406,77.5633166,954.02,13.0266717,77.5632292,957.23,0.0,0.0,,
2025-09-03T14:46:35,static,1,51.02,0.0,308.98,0.0,308.98,0.0,154.49,0.0,1929.9,900.0,13.0267406,77.5633166,954.02,13.0266717,77.5632292,957.23,0.0,0.0,,
2025-09-03T14:46:35,static,1,51.02,0.0,308.98,0.0,308.98,0.0,154.49,0.0,1929.9,900.0,13.0267406,77.5633166,954.02,13.0266717,77.5632292,957.23,0.0,0.0,,
2025-09-03T14:46:35,static,1,51.02,0.0,308.98,0.0,308.98,0.0,154.49,0.0,1929.9,900.0,13.0267406,77.5633166,954.02,13.0266717,77.5632292,957.23,0.0,0.0,,
2025-09-03T14:46:35,static,1,50.45,0.0,309.55,0.0,309.55,0.0,154.775,0.0,1931.8,900.0,13.0267408,77.5633151,953.99,13.0266717,77.5632292,957.23,0.0,0.0,,
2025-09-03T14:46:35,static,1,50.45,0.0,309.55,0.0,309.55,0.0,154.775,0.0,1931.8,900.0,13.0267408,77.5633151,953.99,13.0266717,77.5632292,957.23,0.0,0.0,,
2025-09-03T14:46:35,static,1,50.45,0.0,309.55,0.0,309.55,0.0,154.775,0.0,1931.8,900.0,13.0267408,77.5633151,953.99,13.0266717,77.5632292,957.23,0.0,0.0,,
2025-09-03T14:46:35,static,1,50.45,0.0,309.55,0.0,309.55,0.0,154.775,0.0,1931.8,900.0,13.0267408,77.5633151,953.99,13.0266717,77.5632292,957.23,0.0,0.0,,
2025-09-03T14:46:35,static,1,50.45,0.0,309.55,0.0,309.55,0.0,154.775,0.0,1931.8,900.0,13.0267408,77.5633151,953.99,13.0266717,77.5632292,957.23,0.0,0.0,,
2025-09-03T14:46:35,static,1,51.61,0.0,308.39,0.0,308.39,0.0,154.195,0.0,1928.0,900.0,13.0267387,77.563316,948.87,13.0266717,77.5632292,957.23,0.0,0.0,,
2025-09-03T14:46:36,static,1,51.61,0.0,308.39,0.0,308.39,0.0,154.195,0.0,1928.0,900.0,13.0267387,77.563316,948.87,13.0266717,77.5632292,957.23,0.0,0.0,,
2025-09-03T14:46:36,static,1,51.61,0.0,308.39,0.0,308.39,0.0,154.195,0.0,1928.0,900.0,13.0267387,77.563316,948.87,13.0266717,77.5632292,957.23,0.0,0.0,,
2025-09-03T14:46:36,static,1,51.61,0.0,308.39,0.0,308.39,0.0,154.195,0.0,1928.0,900.0,13.0267387,77.563316,948.87,13.0266717,77.5632292,957.23,0.0,0.0,,
2025-09-03T14:46:36,static,1,49.55,0.0,310.45,0.0,310.45,0.0,155.225,0.0,1934.8,900.0,13.0267409,77.5633125,953.96,13.0266717,77.5632292,957.23,0.0,0.0,,
2025-09-03T14:46:36,static,1,49.55,0.0,310.45,0.0,310.45,0.0,155.225,0.0,1934.8,900.0,13.0267409,77.5633125,953.96,13.0266717,77.5632292,957.23,0.0,0.0,,
2025-09-03T14:46:36,static,1,49.55,0.0,310.45,0.0,310.45,0.0,155.225,0.0,1934.8,900.0,13.0267409,77.5633125,953.96,13.0266717,77.5632292,957.23,0.0,0.0,,
2025-09-03T14:46:36,static,1,49.55,0.0,310.45,0.0,310.45,0.0,155.225,0.0,1934.8,900.0,13.0267409,77.5633125,953.96,13.0266717,77.5632292,957.23,0.0,0.0,,
2025-09-03T14:46:36,static,1,49.55,0.0,310.45,0.0,310.45,0.0,155.225,0.0,1934.8,900.0,13.0267409,77.5633125,953.96,13.0266717,77.5632292,957.23,0.0,0.0,,
2025-09-03T14:46:36,static,1,49.38,0.0,310.62,0.0,310.62,0.0,155.31,0.0,1935.4,900.0,13.0267409,77.563312,953.95,13.0266717,77.5632292,957.23,0.0,0.0,,
2025-09-03T14:46:36,static,1,49.38,0.0,310.62,0.0,310.62,0.0,155.31,0.0,1935.4,900.0,13.0267409,77.563312,953.95,13.0266717,77.5632292,957.23,0.0,0.0,,
2025-09-03T14:46:36,static,1,49.15,0.0,310.85,0.0,310.85,0.0,155.425,0.0,1936.2,900.0,13.0267407,77.5633111,953.92,13.0266717,77.5632292,957.23,0.0,0.0,,
2025-09-03T14:46:36,static,1,49.15,0.0,310.85,0.0,310.85,0.0,155.425,0.0,1936.2,900.0,13.0267407,77.5633111,953.92,13.0266717,77.5632292,957.23,0.0,0.0,,
2025-09-03T14:46:36,static,1,49.15,0.0,310.85,0.0,310.85,0.0,155.425,0.0,1936.2,900.0,13.0267407,77.5633111,953.92,13.0266717,77.5632292,957.23,0.0,0.0,,
2025-09-03T14:46:36,static,1,49.12,0.0,310.88,0.0,310.88,0.0,155.44,0.0,1936.3,900.0,13.0267406,77.5633109,953.91,13.0266717,77.5632292,957.23,0.0,0.0,,
2025-09-03T14:46:36,static,1,49.13,0.0,310.87,0.0,310.87,0.0,155.435,0.0,1936.2,900.0,13.0267404,77.5633107,953.89,13.0266717,77.5632292,957.23,0.0,0.0,,
2025-09-03T14:46:36,static,1,49.13,0.0,310.87,0.0,310.87,0.0,155.435,0.0,1936.2,900.0,13.0267404,77.5633107,953.89,13.0266717,77.5632292,957.23,0.0,0.0,,
2025-09-03T14:46:36,static,1,49.13,0.0,310.87,0.0,310.87,0.0,155.435,0.0,1936.2,900.0,13.0267404,77.5633107,953.89,13.0266717,77.5632292,957.23,0.0,0.0,,
2025-09-03T14:46:36,static,1,49.13,0.0,310.87,0.0,310.87,0.0,155.435,0.0,1936.2,900.0,13.0267404,77.5633107,953.89,13.0266717,77.5632292,957.23,0.0,0.0,,
2025-09-03T14:46:36,static,1,49.13,0.0,310.87,0.0,310.87,0.0,155.435,0.0,1936.2,900.0,13.0267404,77.5633107,953.89,13.0266717,77.5632292,957.23,0.0,0.0,,
2025-09-03T14:46:36,static,1,49.13,0.0,310.87,0.0,310.87,0.0,155.435,0.0,1936.2,900.0,13.0267404,77.5633107,953.89,13.0266717,77.5632292,957.23,0.0,0.0,,
2025-09-03T14:46:36,static,1,49.43,0.0,310.57,0.0,310.57,0.0,155.285,0.0,1935.2,900.0,13.0267396,77.5633106,953.85,13.0266717,77.5632292,957.23,0.0,0.0,,
2025-09-03T14:46:36,static,1,49.43,0.0,310.57,0.0,310.57,0.0,155.285,0.0,1935.2,900.0,13.0267396,77.5633106,953.85,13.0266717,77.5632292,957.23,0.0,0.0,,
2025-09-03T14:46:36,static,1,49.43,0.0,310.57,0.0,310.57,0.0,155.285,0.0,1935.2,900.0,13.0267396,77.5633106,953.85,13.0266717,77.5632292,957.23,0.0,0.0,,
2025-09-03T14:46:36,static,1,49.43,0.0,310.57,0.0,310.57,0.0,155.285,0.0,1935.2,900.0,13.0267396,77.5633106,953.85,13.0266717,77.5632292,957.23,0.0,0.0,,
2025-09-03T14:46:36,static,1,49.79,0.0,310.21,0.0,310.21,0.0,155.105,0.0,1934.0,900.0,13.0267389,77.5633108,953.86,13.0266717,77.5632292,957.23,0.0,0.0,,
2025-09-03T14:46:36,static,1,49.79,0.0,310.21,0.0,310.21,0.0,155.105,0.0,1934.0,900.0,13.0267389,77.5633108,953.86,13.0266717,77.5632292,957.23,0.0,0.0,,
2025-09-03T14:46:36,static,1,49.79,0.0,310.21,0.0,310.21,0.0,155.105,0.0,1934.0,900.0,13.0267389,77.5633108,953.86,13.0266717,77.5632292,957.23,0.0,0.0,,
2025-09-03T14:46:36,static,1,49.79,0.0,310.21,0.0,310.21,0.0,155.105,0.0,1934.0,900.0,13.0267389,77.5633108,953.86,13.0266717,77.5632292,957.23,0.0,0.0,,
2025-09-03T14:46:36,static,1,49.79,0.0,310.21,0.0,310.21,0.0,155.105,0.0,1934.0,900.0,13.0267389,77.5633108,953.86,13.0266717,77.5632292,957.23,0.0,0.0,,
2025-09-03T14:46:36,static,1,49.79,0.0,310.21,0.0,310.21,0.0,155.105,0.0,1934.0,900.0,13.0267389,77.5633108,953.86,13.0266717,77.5632292,957.23,0.0,0.0,,
2025-09-03T14:46:36,static,1,50.26,0.0,309.74,0.0,309.74,0.0,154.87,0.0,1932.5,900.0,13.0267378,77.5633108,953.88,13.0266717,77.5632292,957.23,0.0,0.0,,
2025-09-03T14:46:36,static,1,50.26,0.0,309.74,0.0,309.74,0.0,154.87,0.0,1932.5,900.0,13.0267378,77.5633108,953.88,13.0266717,77.5632292,957.23,0.0,0.0,,
2025-09-03T14:46:36,static,1,50.26,0.0,309.74,0.0,309.74,0.0,154.87,0.0,1932.5,900.0,13.0267378,77.5633108,953.88,13.0266717,77.5632292,957.23,0.0,0.0,,
2025-09-03T14:46:36,static,1,50.26,0.0,309.74,0.0,309.74,0.0,154.87,0.0,1932.5,900.0,13.0267378,77.5633108,953.88,13.0266717,77.5632292,957.23,0.0,0.0,,
2025-09-03T14:46:36,static,1,50.26,0.0,309.74,0.0,309.74,0.0,154.87,0.0,1932.5,900.0,13.0267378,77.5633108,953.88,13.0266717,77.5632292,957.23,0.0,0.0,,
2025-09-03T14:46:36,static,1,50.66,0.0,309.34,0.0,309.34,0.0,154.67,0.0,1931.1,900.0,13.0267363,77.5633101,953.94,13.0266717,77.5632292,957.23,0.0,0.0,,
2025-09-03T14:46:36,static,1,50.66,0.0,309.34,0.0,309.34,0.0,154.67,0.0,1931.1,900.0,13.0267363,77.5633101,953.94,13.0266717,77.5632292,957.23,0.0,0.0,,
2025-09-03T14:46:36,static,1,50.66,0.0,309.34,0.0,309.34,0.0,154.67,0.0,1931.1,900.0,13.0267363,77.5633101,953.94,13.0266717,77.5632292,957.23,0.0,0.0,,
2025-09-03T14:46:36,static,1,50.66,0.0,309.34,0.0,309.34,0.0,154.67,0.0,1931.1,900.0,13.0267363,77.5633101,953.94,13.0266717,77.5632292,957.23,0.0,0.0,,
2025-09-03T14:46:36,static,1,50.76,0.0,309.24,0.0,309.24,0.0,154.62,0.0,1930.8,900.0,13.0267352,77.563309,953.95,13.0266717,77.5632292,957.23,0.0,0.0,,
2025-09-03T14:46:36,static,1,50.76,0.0,309.24,0.0,309.24,0.0,154.62,0.0,1930.8,900.0,13.0267352,77.563309,953.95,13.0266717,77.5632292,957.23,0.0,0.0,,
2025-09-03T14:46:36,static,1,50.76,0.0,309.24,0.0,309.24,0.0,154.62,0.0,1930.8,900.0,13.0267352,77.563309,953.95,13.0266717,77.5632292,957.23,0.0,0.0,,
